codigo_boya,fecha_mes,nombre_boya,horas_registradas,horas_Hs_validas,Hs_media_calculada_m,horas_teoricas_mes,cobertura_Hs,mes_valido,Hs_media_observada_m,Hs_media_modelo_m,valor_imputado
1103,2005-01-01,Bilbao costera,249,249,2.111967871485944,744,0.3346774193548387,False,,1.94208949216761,True
1103,2005-02-01,Bilbao costera,608,608,1.8135855263157896,672,0.9047619047619048,True,1.8135855263157896,1.8135855263157896,False
1103,2005-03-01,Bilbao costera,735,735,1.0381632653061224,744,0.9879032258064516,True,1.0381632653061224,1.0381632653061224,False
1103,2005-04-01,Bilbao costera,701,701,1.4048216833095577,720,0.9736111111111111,True,1.4048216833095577,1.4048216833095577,False
1103,2005-05-01,Bilbao costera,730,730,0.9638082191780822,744,0.9811827956989247,True,0.9638082191780822,0.9638082191780822,False
1103,2005-06-01,Bilbao costera,712,712,0.7962499999999999,720,0.9888888888888889,True,0.7962499999999999,0.7962499999999999,False
1103,2005-07-01,Bilbao costera,686,686,1.047871720116618,744,0.9220430107526881,True,1.047871720116618,1.047871720116618,False
1103,2005-08-01,Bilbao costera,741,741,1.104412955465587,744,0.9959677419354839,True,1.104412955465587,1.104412955465587,False
1103,2005-09-01,Bilbao costera,717,717,1.2037377963737796,720,0.9958333333333333,True,1.2037377963737796,1.2037377963737796,False
1103,2005-10-01,Bilbao costera,741,741,1.1627125506072875,744,0.9959677419354839,True,1.1627125506072875,1.1627125506072875,False
1103,2005-11-01,Bilbao costera,714,714,1.922689075630252,720,0.9916666666666667,True,1.922689075630252,1.922689075630252,False
1103,2005-12-01,Bilbao costera,364,364,1.9247802197802197,744,0.489247311827957,False,,1.9711416781292985,True
1103,2006-01-01,Bilbao costera,161,161,1.1212422360248449,744,0.2163978494623656,False,,1.94208949216761,True
1103,2006-02-01,Bilbao costera,670,670,1.5493582089552238,672,0.9970238095238095,True,1.5493582089552238,1.5493582089552238,False
1103,2006-03-01,Bilbao costera,742,742,1.4804312668463613,744,0.9973118279569892,True,1.4804312668463613,1.4804312668463613,False
1103,2006-04-01,Bilbao costera,714,714,1.2548039215686273,720,0.9916666666666667,True,1.2548039215686273,1.2548039215686273,False
1103,2006-05-01,Bilbao costera,739,739,1.1542489851150204,744,0.9932795698924731,True,1.1542489851150204,1.1542489851150204,False
1103,2006-06-01,Bilbao costera,709,709,0.8531170662905501,720,0.9847222222222223,True,0.8531170662905501,0.8531170662905501,False
1103,2006-07-01,Bilbao costera,565,565,0.998,744,0.7594086021505376,True,0.998,0.998,False
1103,2006-08-01,Bilbao costera,346,346,1.034971098265896,744,0.4650537634408602,False,,1.0900940860215054,True
1103,2006-09-01,Bilbao costera,300,300,0.9548,720,0.4166666666666667,False,,1.247247191011236,True
1103,2006-10-01,Bilbao costera,337,337,1.0967952522255193,744,0.4529569892473118,False,,1.3126110363391654,True
1103,2006-11-01,Bilbao costera,361,361,1.5221329639889196,720,0.5013888888888889,False,,1.9625066250819443,True
1103,2006-12-01,Bilbao costera,47,47,2.574255319148936,744,0.06317204301075269,False,,1.9711416781292985,True
1103,2007-01-01,Bilbao costera,0,0,,744,0.0,False,,1.94208949216761,True
1103,2007-02-01,Bilbao costera,0,0,,672,0.0,False,,1.6637975252037753,True
1103,2007-03-01,Bilbao costera,134,134,1.4132835820895522,744,0.18010752688172044,False,,1.5179945054945054,True
1103,2007-04-01,Bilbao costera,720,720,0.8605277777777778,720,1.0,True,0.8605277777777778,0.8605277777777778,False
1103,2007-05-01,Bilbao costera,739,739,1.628849797023004,744,0.9932795698924731,True,1.628849797023004,1.628849797023004,False
1103,2007-06-01,Bilbao costera,440,440,0.728,720,0.6111111111111112,False,,1.0508857142857142,True
1103,2007-07-01,Bilbao costera,742,742,1.1487601078167116,744,0.9973118279569892,True,1.1487601078167116,1.1487601078167116,False
1103,2007-08-01,Bilbao costera,740,740,1.3386081081081083,744,0.9946236559139785,True,1.3386081081081083,1.3386081081081083,False
1103,2007-09-01,Bilbao costera,716,716,1.1332960893854749,720,0.9944444444444445,True,1.1332960893854749,1.1332960893854749,False
1103,2007-10-01,Bilbao costera,738,738,1.1627642276422765,744,0.9919354838709677,True,1.1627642276422765,1.1627642276422765,False
1103,2007-11-01,Bilbao costera,714,714,1.1523109243697478,720,0.9916666666666667,True,1.1523109243697478,1.1523109243697478,False
1103,2007-12-01,Bilbao costera,741,741,2.0190148448043184,744,0.9959677419354839,True,2.0190148448043184,2.0190148448043184,False
1103,2008-01-01,Bilbao costera,718,718,2.062660167130919,744,0.9650537634408602,True,2.062660167130919,2.062660167130919,False
1103,2008-02-01,Bilbao costera,695,695,1.4327625899280576,696,0.9985632183908046,True,1.4327625899280576,1.4327625899280576,False
1103,2008-03-01,Bilbao costera,742,742,2.577102425876011,744,0.9973118279569892,True,2.577102425876011,2.577102425876011,False
1103,2008-04-01,Bilbao costera,719,719,1.3729207232267038,720,0.9986111111111111,True,1.3729207232267038,1.3729207232267038,False
1103,2008-05-01,Bilbao costera,736,736,0.7082880434782608,744,0.989247311827957,True,0.7082880434782608,0.7082880434782608,False
1103,2008-06-01,Bilbao costera,700,700,1.0508857142857142,720,0.9722222222222222,True,1.0508857142857142,1.0508857142857142,False
1103,2008-07-01,Bilbao costera,566,566,0.9582508833922262,744,0.760752688172043,True,0.9582508833922262,0.9582508833922262,False
1103,2008-08-01,Bilbao costera,740,740,1.3016756756756758,744,0.9946236559139785,True,1.3016756756756758,1.3016756756756758,False
1103,2008-09-01,Bilbao costera,719,719,1.2675521557719054,720,0.9986111111111111,True,1.2675521557719054,1.2675521557719054,False
1103,2008-10-01,Bilbao costera,744,744,1.7247715053763442,744,1.0,True,1.7247715053763442,1.7247715053763442,False
1103,2008-11-01,Bilbao costera,720,720,2.006,720,1.0,True,2.006,2.006,False
1103,2008-12-01,Bilbao costera,739,739,2.085723951285521,744,0.9932795698924731,True,2.085723951285521,2.085723951285521,False
1103,2009-01-01,Bilbao costera,741,741,2.1978542510121457,744,0.9959677419354839,True,2.1978542510121457,2.1978542510121457,False
1103,2009-02-01,Bilbao costera,669,669,1.4284304932735425,672,0.9955357142857143,True,1.4284304932735425,1.4284304932735425,False
1103,2009-03-01,Bilbao costera,742,742,1.7643800539083558,744,0.9973118279569892,True,1.7643800539083558,1.7643800539083558,False
1103,2009-04-01,Bilbao costera,718,718,1.3554178272980502,720,0.9972222222222222,True,1.3554178272980502,1.3554178272980502,False
1103,2009-05-01,Bilbao costera,743,743,1.326742934051144,744,0.9986559139784946,True,1.326742934051144,1.326742934051144,False
1103,2009-06-01,Bilbao costera,719,719,0.7886369958275382,720,0.9986111111111111,True,0.7886369958275382,0.7886369958275382,False
1103,2009-07-01,Bilbao costera,294,294,0.8336394557823129,744,0.3951612903225806,False,,0.9748924731182796,True
1103,2009-08-01,Bilbao costera,655,655,1.119557251908397,744,0.8803763440860215,True,1.119557251908397,1.119557251908397,False
1103,2009-09-01,Bilbao costera,554,554,1.3040072202166064,720,0.7694444444444445,True,1.3040072202166064,1.3040072202166064,False
1103,2009-10-01,Bilbao costera,741,741,1.043454790823212,744,0.9959677419354839,True,1.043454790823212,1.043454790823212,False
1103,2009-11-01,Bilbao costera,720,720,2.570361111111111,720,1.0,True,2.570361111111111,2.570361111111111,False
1103,2009-12-01,Bilbao costera,685,685,1.6592846715328466,744,0.9206989247311828,True,1.6592846715328466,1.6592846715328466,False
1103,2010-01-01,Bilbao costera,130,130,2.120230769230769,744,0.17473118279569894,False,,1.94208949216761,True
1103,2010-02-01,Bilbao costera,665,665,1.5133533834586466,672,0.9895833333333334,True,1.5133533834586466,1.5133533834586466,False
1103,2010-03-01,Bilbao costera,742,742,1.3067385444743935,744,0.9973118279569892,True,1.3067385444743935,1.3067385444743935,False
1103,2010-04-01,Bilbao costera,716,716,1.0828631284916201,720,0.9944444444444445,True,1.0828631284916201,1.0828631284916201,False
1103,2010-05-01,Bilbao costera,739,739,1.050487144790257,744,0.9932795698924731,True,1.050487144790257,1.050487144790257,False
1103,2010-06-01,Bilbao costera,716,716,1.058659217877095,720,0.9944444444444445,True,1.058659217877095,1.058659217877095,False
1103,2010-07-01,Bilbao costera,741,741,1.108110661268556,744,0.9959677419354839,True,1.108110661268556,1.108110661268556,False
1103,2010-08-01,Bilbao costera,743,743,0.8919650067294751,744,0.9986559139784946,True,0.8919650067294751,0.8919650067294751,False
1103,2010-09-01,Bilbao costera,718,718,1.1135097493036212,720,0.9972222222222222,True,1.1135097493036212,1.1135097493036212,False
1103,2010-10-01,Bilbao costera,743,743,1.3773082099596232,744,0.9986559139784946,True,1.3773082099596232,1.3773082099596232,False
1103,2010-11-01,Bilbao costera,718,718,2.1611699164345404,720,0.9972222222222222,True,2.1611699164345404,2.1611699164345404,False
1103,2010-12-01,Bilbao costera,737,737,1.3008141112618725,744,0.9905913978494624,True,1.3008141112618725,1.3008141112618725,False
1103,2011-01-01,Bilbao costera,730,730,1.2489041095890412,744,0.9811827956989247,True,1.2489041095890412,1.2489041095890412,False
1103,2011-02-01,Bilbao costera,471,471,2.0072611464968153,672,0.7008928571428571,True,2.0072611464968153,2.0072611464968153,False
1103,2011-03-01,Bilbao costera,741,741,1.2626990553306343,744,0.9959677419354839,True,1.2626990553306343,1.2626990553306343,False
1103,2011-04-01,Bilbao costera,720,720,1.2760416666666667,720,1.0,True,1.2760416666666667,1.2760416666666667,False
1103,2011-05-01,Bilbao costera,743,743,1.409057873485868,744,0.9986559139784946,True,1.409057873485868,1.409057873485868,False
1103,2011-06-01,Bilbao costera,715,715,1.2186433566433568,720,0.9930555555555556,True,1.2186433566433568,1.2186433566433568,False
1103,2011-07-01,Bilbao costera,742,742,1.2863342318059299,744,0.9973118279569892,True,1.2863342318059299,1.2863342318059299,False
1103,2011-08-01,Bilbao costera,742,742,0.9617385444743936,744,0.9973118279569892,True,0.9617385444743936,0.9617385444743936,False
1103,2011-09-01,Bilbao costera,720,720,1.388138888888889,720,1.0,True,1.388138888888889,1.388138888888889,False
1103,2011-10-01,Bilbao costera,743,743,1.3126110363391654,744,0.9986559139784946,True,1.3126110363391654,1.3126110363391654,False
1103,2011-11-01,Bilbao costera,720,720,1.4640555555555554,720,1.0,True,1.4640555555555554,1.4640555555555554,False
1103,2011-12-01,Bilbao costera,744,744,2.590094086021505,744,1.0,True,2.590094086021505,2.590094086021505,False
1103,2012-01-01,Bilbao costera,744,744,1.821518817204301,744,1.0,True,1.821518817204301,1.821518817204301,False
1103,2012-02-01,Bilbao costera,696,696,1.5273994252873562,696,1.0,True,1.5273994252873562,1.5273994252873562,False
1103,2012-03-01,Bilbao costera,741,741,1.3044669365721997,744,0.9959677419354839,True,1.3044669365721997,1.3044669365721997,False
1103,2012-04-01,Bilbao costera,717,717,1.8070432357043238,720,0.9958333333333333,True,1.8070432357043238,1.8070432357043238,False
1103,2012-05-01,Bilbao costera,741,741,0.8900269905533064,744,0.9959677419354839,True,0.8900269905533064,0.8900269905533064,False
1103,2012-06-01,Bilbao costera,719,719,1.006606397774687,720,0.9986111111111111,True,1.006606397774687,1.006606397774687,False
1103,2012-07-01,Bilbao costera,744,744,0.9748924731182796,744,1.0,True,0.9748924731182796,0.9748924731182796,False
1103,2012-08-01,Bilbao costera,739,739,1.1119756427604872,744,0.9932795698924731,True,1.1119756427604872,1.1119756427604872,False
1103,2012-09-01,Bilbao costera,717,717,1.2623570432357043,720,0.9958333333333333,True,1.2623570432357043,1.2623570432357043,False
1103,2012-10-01,Bilbao costera,719,719,1.3869262865090404,744,0.9663978494623656,True,1.3869262865090404,1.3869262865090404,False
1103,2012-11-01,Bilbao costera,709,709,1.9894076163610719,720,0.9847222222222223,True,1.9894076163610719,1.9894076163610719,False
1103,2012-12-01,Bilbao costera,740,740,1.963108108108108,744,0.9946236559139785,True,1.963108108108108,1.963108108108108,False
1103,2013-01-01,Bilbao costera,734,734,2.1028201634877384,744,0.9865591397849462,True,2.1028201634877384,2.1028201634877384,False
1103,2013-02-01,Bilbao costera,671,671,2.0861698956780925,672,0.9985119047619048,True,2.0861698956780925,2.0861698956780925,False
1103,2013-03-01,Bilbao costera,741,741,1.2561673414304995,744,0.9959677419354839,True,1.2561673414304995,1.2561673414304995,False
1103,2013-04-01,Bilbao costera,714,714,1.7007563025210082,720,0.9916666666666667,True,1.7007563025210082,1.7007563025210082,False
1103,2013-05-01,Bilbao costera,744,744,1.6332795698924731,744,1.0,True,1.6332795698924731,1.6332795698924731,False
1103,2013-06-01,Bilbao costera,719,719,1.1415577190542419,720,0.9986111111111111,True,1.1415577190542419,1.1415577190542419,False
1103,2013-07-01,Bilbao costera,744,744,0.8177016129032258,744,1.0,True,0.8177016129032258,0.8177016129032258,False
1103,2013-08-01,Bilbao costera,744,744,0.9898924731182795,744,1.0,True,0.9898924731182795,0.9898924731182795,False
1103,2013-09-01,Bilbao costera,720,720,1.1560277777777779,720,1.0,True,1.1560277777777779,1.1560277777777779,False
1103,2013-10-01,Bilbao costera,744,744,1.0871908602150537,744,1.0,True,1.0871908602150537,1.0871908602150537,False
1103,2013-11-01,Bilbao costera,678,678,2.418525073746313,720,0.9416666666666667,True,2.418525073746313,2.418525073746313,False
1103,2013-12-01,Bilbao costera,0,0,,744,0.0,False,,1.9711416781292985,True
1103,2014-01-01,Bilbao costera,0,0,,744,0.0,False,,1.94208949216761,True
1103,2014-02-01,Bilbao costera,0,0,,672,0.0,False,,1.6637975252037753,True
1103,2014-03-01,Bilbao costera,0,0,,744,0.0,False,,1.5179945054945054,True
1103,2014-04-01,Bilbao costera,0,0,,720,0.0,False,,1.265422794117647,True
1103,2014-05-01,Bilbao costera,0,0,,744,0.0,False,,1.1342326227586508,True
1103,2014-06-01,Bilbao costera,0,0,,720,0.0,False,,1.0508857142857142,True
1103,2014-07-01,Bilbao costera,0,0,,744,0.0,False,,0.9748924731182796,True
1103,2014-08-01,Bilbao costera,0,0,,744,0.0,False,,1.0900940860215054,True
1103,2014-09-01,Bilbao costera,0,0,,720,0.0,False,,1.247247191011236,True
1103,2014-10-01,Bilbao costera,200,200,1.4979,744,0.26881720430107525,False,,1.3126110363391654,True
1103,2014-11-01,Bilbao costera,720,720,1.832277777777778,720,1.0,True,1.832277777777778,1.832277777777778,False
1103,2014-12-01,Bilbao costera,743,743,2.319273216689098,744,0.9986559139784946,True,2.319273216689098,2.319273216689098,False
1103,2015-01-01,Bilbao costera,742,742,2.48811320754717,744,0.9973118279569892,True,2.48811320754717,2.48811320754717,False
1103,2015-02-01,Bilbao costera,161,161,2.5485714285714285,672,0.23958333333333334,False,,1.6637975252037753,True
1103,2015-03-01,Bilbao costera,612,612,1.8195588235294116,744,0.8225806451612904,True,1.8195588235294116,1.8195588235294116,False
1103,2015-04-01,Bilbao costera,720,720,1.1241666666666665,720,1.0,True,1.1241666666666665,1.1241666666666665,False
1103,2015-05-01,Bilbao costera,744,744,1.2181989247311829,744,1.0,True,1.2181989247311829,1.2181989247311829,False
1103,2015-06-01,Bilbao costera,719,719,1.0923226703755216,720,0.9986111111111111,True,1.0923226703755216,1.0923226703755216,False
1103,2015-07-01,Bilbao costera,740,740,1.0231081081081081,744,0.9946236559139785,True,1.0231081081081081,1.0231081081081081,False
1103,2015-08-01,Bilbao costera,737,737,1.153921302578019,744,0.9905913978494624,True,1.153921302578019,1.153921302578019,False
1103,2015-09-01,Bilbao costera,717,717,1.1738493723849373,720,0.9958333333333333,True,1.1738493723849373,1.1738493723849373,False
1103,2015-10-01,Bilbao costera,575,575,1.1690608695652174,744,0.7728494623655914,True,1.1690608695652174,1.1690608695652174,False
1103,2015-11-01,Bilbao costera,720,720,1.9277777777777778,720,1.0,True,1.9277777777777778,1.9277777777777778,False
1103,2015-12-01,Bilbao costera,744,744,1.578051075268817,744,1.0,True,1.578051075268817,1.578051075268817,False
1103,2016-01-01,Bilbao costera,744,744,2.2263978494623657,744,1.0,True,2.2263978494623657,2.2263978494623657,False
1103,2016-02-01,Bilbao costera,467,467,2.6761241970021414,696,0.6709770114942529,False,,1.6637975252037753,True
1103,2016-03-01,Bilbao costera,518,518,1.5585521235521236,744,0.696236559139785,False,,1.5179945054945054,True
1103,2016-04-01,Bilbao costera,612,612,1.1152777777777778,720,0.85,True,1.1152777777777778,1.1152777777777778,False
1103,2016-05-01,Bilbao costera,650,650,0.8768461538461539,744,0.8736559139784946,True,0.8768461538461539,0.8768461538461539,False
1103,2016-06-01,Bilbao costera,629,629,0.889745627980922,720,0.8736111111111111,True,0.889745627980922,0.889745627980922,False
1103,2016-07-01,Bilbao costera,720,720,0.9604027777777778,744,0.967741935483871,True,0.9604027777777778,0.9604027777777778,False
1103,2016-08-01,Bilbao costera,713,713,0.9897475455820478,744,0.9583333333333334,True,0.9897475455820478,0.9897475455820478,False
1103,2016-09-01,Bilbao costera,648,648,1.3251234567901233,720,0.9,True,1.3251234567901233,1.3251234567901233,False
1103,2016-10-01,Bilbao costera,675,675,1.0870074074074074,744,0.907258064516129,True,1.0870074074074074,1.0870074074074074,False
1103,2016-11-01,Bilbao costera,423,423,1.3380378250591016,720,0.5875,False,,1.9625066250819443,True
1103,2016-12-01,Bilbao costera,516,516,1.5914534883720932,744,0.6935483870967742,False,,1.9711416781292985,True
1103,2017-01-01,Bilbao costera,744,744,1.4867741935483871,744,1.0,True,1.4867741935483871,1.4867741935483871,False
1103,2017-02-01,Bilbao costera,672,672,1.7086160714285714,672,1.0,True,1.7086160714285714,1.7086160714285714,False
1103,2017-03-01,Bilbao costera,744,744,1.8091532258064515,744,1.0,True,1.8091532258064515,1.8091532258064515,False
1103,2017-04-01,Bilbao costera,720,720,1.1741527777777778,720,1.0,True,1.1741527777777778,1.1741527777777778,False
1103,2017-05-01,Bilbao costera,744,744,0.8959408602150538,744,1.0,True,0.8959408602150538,0.8959408602150538,False
1103,2017-06-01,Bilbao costera,718,718,1.2056545961002785,720,0.9972222222222222,True,1.2056545961002785,1.2056545961002785,False
1103,2017-07-01,Bilbao costera,672,672,1.1569345238095239,744,0.9032258064516129,True,1.1569345238095239,1.1569345238095239,False
1103,2017-08-01,Bilbao costera,737,737,0.9450067842605157,744,0.9905913978494624,True,0.9450067842605157,0.9450067842605157,False
1103,2017-09-01,Bilbao costera,711,711,1.54084388185654,720,0.9875,True,1.54084388185654,1.54084388185654,False
1103,2017-10-01,Bilbao costera,736,736,1.3253125,744,0.989247311827957,True,1.3253125,1.3253125,False
1103,2017-11-01,Bilbao costera,398,398,1.7306783919597988,720,0.5527777777777778,False,,1.9625066250819443,True
1103,2017-12-01,Bilbao costera,744,744,1.9800268817204303,744,1.0,True,1.9800268817204303,1.9800268817204303,False
1103,2018-01-01,Bilbao costera,744,744,2.4881586021505377,744,1.0,True,2.4881586021505377,2.4881586021505377,False
1103,2018-02-01,Bilbao costera,669,669,2.2097010463378175,672,0.9955357142857143,True,2.2097010463378175,2.2097010463378175,False
1103,2018-03-01,Bilbao costera,510,510,1.5774509803921568,744,0.6854838709677419,False,,1.5179945054945054,True
1103,2018-04-01,Bilbao costera,0,0,,720,0.0,False,,1.265422794117647,True
1103,2018-05-01,Bilbao costera,0,0,,744,0.0,False,,1.1342326227586508,True
1103,2018-06-01,Bilbao costera,413,413,0.844140435835351,720,0.5736111111111111,False,,1.0508857142857142,True
1103,2018-07-01,Bilbao costera,743,743,0.9205383580080754,744,0.9986559139784946,True,0.9205383580080754,0.9205383580080754,False
1103,2018-08-01,Bilbao costera,743,743,1.1260026917900403,744,0.9986559139784946,True,1.1260026917900403,1.1260026917900403,False
1103,2018-09-01,Bilbao costera,719,719,1.1429902642559109,720,0.9986111111111111,True,1.1429902642559109,1.1429902642559109,False
1103,2018-10-01,Bilbao costera,576,576,1.509878472222222,744,0.7741935483870968,True,1.509878472222222,1.509878472222222,False
1103,2018-11-01,Bilbao costera,718,718,1.5889554317548744,720,0.9972222222222222,True,1.5889554317548744,1.5889554317548744,False
1103,2018-12-01,Bilbao costera,744,744,1.6955913978494623,744,1.0,True,1.6955913978494623,1.6955913978494623,False
1103,2019-01-01,Bilbao costera,743,743,1.786635262449529,744,0.9986559139784946,True,1.786635262449529,1.786635262449529,False
1103,2019-02-01,Bilbao costera,666,666,1.618978978978979,672,0.9910714285714286,True,1.618978978978979,1.618978978978979,False
1103,2019-03-01,Bilbao costera,577,577,1.9289774696707105,744,0.7755376344086021,True,1.9289774696707105,1.9289774696707105,False
1103,2019-04-01,Bilbao costera,717,717,1.4245746164574615,720,0.9958333333333333,True,1.4245746164574615,1.4245746164574615,False
1103,2019-05-01,Bilbao costera,743,743,1.11814266487214,744,0.9986559139784946,True,1.11814266487214,1.11814266487214,False
1103,2019-06-01,Bilbao costera,715,715,1.0167972027972028,720,0.9930555555555556,True,1.0167972027972028,1.0167972027972028,False
1103,2019-07-01,Bilbao costera,731,731,0.9730642954856362,744,0.9825268817204301,True,0.9730642954856362,0.9730642954856362,False
1103,2019-08-01,Bilbao costera,736,736,1.054320652173913,744,0.989247311827957,True,1.054320652173913,1.054320652173913,False
1103,2019-09-01,Bilbao costera,714,714,1.4782212885154062,720,0.9916666666666667,True,1.4782212885154062,1.4782212885154062,False
1103,2019-10-01,Bilbao costera,735,735,1.53334693877551,744,0.9879032258064516,True,1.53334693877551,1.53334693877551,False
1103,2019-11-01,Bilbao costera,719,719,2.6452155771905423,720,0.9986111111111111,True,2.6452155771905423,2.6452155771905423,False
1103,2019-12-01,Bilbao costera,464,464,2.4541379310344826,744,0.6236559139784946,False,,1.9711416781292985,True
1103,2020-01-01,Bilbao costera,203,203,1.7611330049261082,744,0.2728494623655914,False,,1.94208949216761,True
1103,2020-02-01,Bilbao costera,696,696,2.460689655172414,696,1.0,True,2.460689655172414,2.460689655172414,False
1103,2020-03-01,Bilbao costera,744,744,2.0293951612903225,744,1.0,True,2.0293951612903225,2.0293951612903225,False
1103,2020-04-01,Bilbao costera,720,720,0.8953194444444444,720,1.0,True,0.8953194444444444,0.8953194444444444,False
1103,2020-05-01,Bilbao costera,742,742,0.9967789757412399,744,0.9973118279569892,True,0.9967789757412399,0.9967789757412399,False
1103,2020-06-01,Bilbao costera,710,710,1.168605633802817,720,0.9861111111111112,True,1.168605633802817,1.168605633802817,False
1103,2020-07-01,Bilbao costera,732,732,0.9692076502732241,744,0.9838709677419355,True,0.9692076502732241,0.9692076502732241,False
1103,2020-08-01,Bilbao costera,737,737,1.0538263229308005,744,0.9905913978494624,True,1.0538263229308005,1.0538263229308005,False
1103,2020-09-01,Bilbao costera,712,712,1.247247191011236,720,0.9888888888888889,True,1.247247191011236,1.247247191011236,False
1103,2020-10-01,Bilbao costera,711,711,1.9903797468354432,744,0.9556451612903226,True,1.9903797468354432,1.9903797468354432,False
1103,2020-11-01,Bilbao costera,717,717,1.5654393305439331,720,0.9958333333333333,True,1.5654393305439331,1.5654393305439331,False
1103,2020-12-01,Bilbao costera,744,744,2.4736962365591397,744,1.0,True,2.4736962365591397,2.4736962365591397,False
1103,2021-01-01,Bilbao costera,741,741,1.546302294197031,744,0.9959677419354839,True,1.546302294197031,1.546302294197031,False
1103,2021-02-01,Bilbao costera,391,391,1.6523017902813297,672,0.5818452380952381,False,,1.6637975252037753,True
1103,2021-03-01,Bilbao costera,728,728,1.5179945054945054,744,0.978494623655914,True,1.5179945054945054,1.5179945054945054,False
1103,2021-04-01,Bilbao costera,708,708,1.0376977401129945,720,0.9833333333333333,True,1.0376977401129945,1.0376977401129945,False
1103,2021-05-01,Bilbao costera,739,739,1.4051420838971584,744,0.9932795698924731,True,1.4051420838971584,1.4051420838971584,False
1103,2021-06-01,Bilbao costera,197,197,1.1132994923857868,720,0.27361111111111114,False,,1.0508857142857142,True
1103,2021-07-01,Bilbao costera,711,711,0.9044866385372715,744,0.9556451612903226,True,0.9044866385372715,0.9044866385372715,False
1103,2021-08-01,Bilbao costera,741,741,1.0203508771929826,744,0.9959677419354839,True,1.0203508771929826,1.0203508771929826,False
1103,2021-09-01,Bilbao costera,716,716,1.0270810055865922,720,0.9944444444444445,True,1.0270810055865922,1.0270810055865922,False
1103,2021-10-01,Bilbao costera,737,737,1.219674355495251,744,0.9905913978494624,True,1.219674355495251,1.219674355495251,False
1103,2021-11-01,Bilbao costera,710,710,1.935605633802817,720,0.9861111111111112,True,1.935605633802817,1.935605633802817,False
1103,2021-12-01,Bilbao costera,727,727,1.9711416781292985,744,0.9771505376344086,True,1.9711416781292985,1.9711416781292985,False
1103,2022-01-01,Bilbao costera,672,672,1.639761904761905,744,0.9032258064516129,True,1.639761904761905,1.639761904761905,False
1103,2022-02-01,Bilbao costera,670,670,2.3368805970149253,672,0.9970238095238095,True,2.3368805970149253,2.3368805970149253,False
1103,2022-03-01,Bilbao costera,739,739,1.452232746955345,744,0.9932795698924731,True,1.452232746955345,1.452232746955345,False
1103,2022-04-01,Bilbao costera,125,125,1.35272,720,0.1736111111111111,False,,1.265422794117647,True
1103,2022-05-01,Bilbao costera,276,276,1.1981521739130434,744,0.3709677419354839,False,,1.1342326227586508,True
1103,2022-06-01,Bilbao costera,720,720,1.178875,720,1.0,True,1.178875,1.178875,False
1103,2022-07-01,Bilbao costera,743,743,0.9115612382234185,744,0.9986559139784946,True,0.9115612382234185,0.9115612382234185,False
1103,2022-08-01,Bilbao costera,744,744,1.0900940860215054,744,1.0,True,1.0900940860215054,1.0900940860215054,False
1103,2022-09-01,Bilbao costera,718,718,1.1927437325905292,720,0.9972222222222222,True,1.1927437325905292,1.1927437325905292,False
1103,2022-10-01,Bilbao costera,744,744,1.2379435483870966,744,1.0,True,1.2379435483870966,1.2379435483870966,False
1103,2022-11-01,Bilbao costera,720,720,2.3324722222222225,720,1.0,True,2.3324722222222225,2.3324722222222225,False
1103,2022-12-01,Bilbao costera,34,34,1.0811764705882352,744,0.0456989247311828,False,,1.9711416781292985,True
1103,2023-01-01,Bilbao costera,158,158,1.5667721518987343,744,0.21236559139784947,False,,1.94208949216761,True
1103,2023-02-01,Bilbao costera,670,670,1.499179104477612,672,0.9970238095238095,True,1.499179104477612,1.499179104477612,False
1103,2023-03-01,Bilbao costera,742,742,1.5606603773584906,744,0.9973118279569892,True,1.5606603773584906,1.5606603773584906,False
1103,2023-04-01,Bilbao costera,720,720,1.3064722222222223,720,1.0,True,1.3064722222222223,1.3064722222222223,False
1103,2023-05-01,Bilbao costera,744,744,1.1503225806451614,744,1.0,True,1.1503225806451614,1.1503225806451614,False
1103,2023-06-01,Bilbao costera,717,717,0.6724546722454672,720,0.9958333333333333,True,0.6724546722454672,0.6724546722454672,False
1103,2023-07-01,Bilbao costera,744,744,1.170752688172043,744,1.0,True,1.170752688172043,1.170752688172043,False
1103,2023-08-01,Bilbao costera,744,744,1.2313037634408603,744,1.0,True,1.2313037634408603,1.2313037634408603,False
1103,2023-09-01,Bilbao costera,667,667,1.2651874062968516,720,0.9263888888888889,True,1.2651874062968516,1.2651874062968516,False
1103,2023-10-01,Bilbao costera,744,744,1.4480510752688172,744,1.0,True,1.4480510752688172,1.4480510752688172,False
1103,2023-11-01,Bilbao costera,633,633,2.3250710900473934,720,0.8791666666666667,True,2.3250710900473934,2.3250710900473934,False
1103,2023-12-01,Bilbao costera,0,0,,744,0.0,False,,1.9711416781292985,True
1103,2024-01-01,Bilbao costera,0,0,,744,0.0,False,,1.94208949216761,True
1103,2024-02-01,Bilbao costera,0,0,,696,0.0,False,,1.6637975252037753,True
1103,2024-03-01,Bilbao costera,0,0,,744,0.0,False,,1.5179945054945054,True
1103,2024-04-01,Bilbao costera,0,0,,720,0.0,False,,1.265422794117647,True
1103,2024-05-01,Bilbao costera,32,32,0.490625,744,0.043010752688172046,False,,1.1342326227586508,True
1103,2024-06-01,Bilbao costera,289,289,1.1245328719723184,720,0.4013888888888889,False,,1.0508857142857142,True
1103,2024-07-01,Bilbao costera,0,0,,744,0.0,False,,0.9748924731182796,True
1103,2024-08-01,Bilbao costera,0,0,,744,0.0,False,,1.0900940860215054,True
1103,2024-09-01,Bilbao costera,0,0,,720,0.0,False,,1.247247191011236,True
1103,2024-10-01,Bilbao costera,0,0,,744,0.0,False,,1.3126110363391654,True
1103,2024-11-01,Bilbao costera,0,0,,720,0.0,False,,1.9625066250819443,True
1103,2024-12-01,Bilbao costera,730,727,1.9149243466299863,744,0.9771505376344086,True,1.9149243466299863,1.9149243466299863,False
1117,2005-01-01,Gijón costera,528,528,2.820094696969697,744,0.7096774193548387,True,2.820094696969697,2.820094696969697,False
1117,2005-02-01,Gijón costera,252,252,1.894920634920635,672,0.375,False,,2.0232291666666664,True
1117,2005-03-01,Gijón costera,737,737,1.3266078697421981,744,0.9905913978494624,True,1.3266078697421981,1.3266078697421981,False
1117,2005-04-01,Gijón costera,718,718,1.5899303621169916,720,0.9972222222222222,True,1.5899303621169916,1.5899303621169916,False
1117,2005-05-01,Gijón costera,739,739,1.0364546684709066,744,0.9932795698924731,True,1.0364546684709066,1.0364546684709066,False
1117,2005-06-01,Gijón costera,718,718,0.9438161559888579,720,0.9972222222222222,True,0.9438161559888579,0.9438161559888579,False
1117,2005-07-01,Gijón costera,653,653,1.0964012251148545,744,0.8776881720430108,True,1.0964012251148545,1.0964012251148545,False
1117,2005-08-01,Gijón costera,743,743,1.206393001345895,744,0.9986559139784946,True,1.206393001345895,1.206393001345895,False
1117,2005-09-01,Gijón costera,719,719,1.4216968011126565,720,0.9986111111111111,True,1.4216968011126565,1.4216968011126565,False
1117,2005-10-01,Gijón costera,743,743,1.5293539703903094,744,0.9986559139784946,True,1.5293539703903094,1.5293539703903094,False
1117,2005-11-01,Gijón costera,719,719,2.4000973574408904,720,0.9986111111111111,True,2.4000973574408904,2.4000973574408904,False
1117,2005-12-01,Gijón costera,740,740,1.8154864864864866,744,0.9946236559139785,True,1.8154864864864866,1.8154864864864866,False
1117,2006-01-01,Gijón costera,210,210,2.2038571428571427,744,0.28225806451612906,False,,1.9685579514824798,True
1117,2006-02-01,Gijón costera,672,672,2.0232291666666664,672,1.0,True,2.0232291666666664,2.0232291666666664,False
1117,2006-03-01,Gijón costera,281,281,2.260747330960854,744,0.37768817204301075,False,,1.8522043010752687,True
1117,2006-04-01,Gijón costera,719,719,1.5151599443671768,720,0.9986111111111111,True,1.5151599443671768,1.5151599443671768,False
1117,2006-05-01,Gijón costera,743,743,1.3080484522207267,744,0.9986559139784946,True,1.3080484522207267,1.3080484522207267,False
1117,2006-06-01,Gijón costera,719,719,1.045605006954103,720,0.9986111111111111,True,1.045605006954103,1.045605006954103,False
1117,2006-07-01,Gijón costera,306,306,1.0221568627450979,744,0.4112903225806452,False,,1.105386821910948,True
1117,2006-08-01,Gijón costera,743,743,1.1417092866756393,744,0.9986559139784946,True,1.1417092866756393,1.1417092866756393,False
1117,2006-09-01,Gijón costera,714,714,1.2935854341736694,720,0.9916666666666667,True,1.2935854341736694,1.2935854341736694,False
1117,2006-10-01,Gijón costera,733,733,1.322019099590723,744,0.9852150537634409,True,1.322019099590723,1.322019099590723,False
1117,2006-11-01,Gijón costera,718,718,2.1898189415041784,720,0.9972222222222222,True,2.1898189415041784,2.1898189415041784,False
1117,2006-12-01,Gijón costera,740,740,2.2377162162162163,744,0.9946236559139785,True,2.2377162162162163,2.2377162162162163,False
1117,2007-01-01,Gijón costera,740,740,2.5087972972972974,744,0.9946236559139785,True,2.5087972972972974,2.5087972972972974,False
1117,2007-02-01,Gijón costera,671,671,2.3925931445603577,672,0.9985119047619048,True,2.3925931445603577,2.3925931445603577,False
1117,2007-03-01,Gijón costera,355,355,2.4849295774647886,744,0.4771505376344086,False,,1.8522043010752687,True
1117,2007-04-01,Gijón costera,720,720,1.0259722222222223,720,1.0,True,1.0259722222222223,1.0259722222222223,False
1117,2007-05-01,Gijón costera,733,733,1.7022646657571623,744,0.9852150537634409,True,1.7022646657571623,1.7022646657571623,False
1117,2007-06-01,Gijón costera,472,472,0.8352754237288136,720,0.6555555555555556,False,,1.1293706293706294,True
1117,2007-07-01,Gijón costera,135,135,1.2277777777777779,744,0.1814516129032258,False,,1.105386821910948,True
1117,2007-08-01,Gijón costera,740,740,1.4524594594594593,744,0.9946236559139785,True,1.4524594594594593,1.4524594594594593,False
1117,2007-09-01,Gijón costera,715,715,1.3756643356643357,720,0.9930555555555556,True,1.3756643356643357,1.3756643356643357,False
1117,2007-10-01,Gijón costera,743,743,1.3003768506056528,744,0.9986559139784946,True,1.3003768506056528,1.3003768506056528,False
1117,2007-11-01,Gijón costera,711,711,1.339479606188467,720,0.9875,True,1.339479606188467,1.339479606188467,False
1117,2007-12-01,Gijón costera,740,740,2.480027027027027,744,0.9946236559139785,True,2.480027027027027,2.480027027027027,False
1117,2008-01-01,Gijón costera,474,474,2.3491772151898735,744,0.6370967741935484,False,,1.9685579514824798,True
1117,2008-02-01,Gijón costera,696,696,1.775718390804598,696,1.0,True,1.775718390804598,1.775718390804598,False
1117,2008-03-01,Gijón costera,204,204,2.5682352941176467,744,0.27419354838709675,False,,1.8522043010752687,True
1117,2008-04-01,Gijón costera,344,344,1.4526744186046512,720,0.4777777777777778,False,,1.5022114047287898,True
1117,2008-05-01,Gijón costera,456,456,0.8544517543859649,744,0.6129032258064516,False,,1.2766666666666666,True
1117,2008-06-01,Gijón costera,715,715,1.1226153846153846,720,0.9930555555555556,True,1.1226153846153846,1.1226153846153846,False
1117,2008-07-01,Gijón costera,736,736,1.2292934782608695,744,0.989247311827957,True,1.2292934782608695,1.2292934782608695,False
1117,2008-08-01,Gijón costera,740,740,1.4662702702702701,744,0.9946236559139785,True,1.4662702702702701,1.4662702702702701,False
1117,2008-09-01,Gijón costera,710,710,1.5873661971830986,720,0.9861111111111112,True,1.5873661971830986,1.5873661971830986,False
1117,2008-10-01,Gijón costera,741,741,1.9950877192982455,744,0.9959677419354839,True,1.9950877192982455,1.9950877192982455,False
1117,2008-11-01,Gijón costera,713,713,2.252047685834502,720,0.9902777777777778,True,2.252047685834502,2.252047685834502,False
1117,2008-12-01,Gijón costera,735,735,2.5148299319727894,744,0.9879032258064516,True,2.5148299319727894,2.5148299319727894,False
1117,2009-01-01,Gijón costera,738,738,2.7941734417344173,744,0.9919354838709677,True,2.7941734417344173,2.7941734417344173,False
1117,2009-02-01,Gijón costera,664,664,1.836340361445783,672,0.9880952380952381,True,1.836340361445783,1.836340361445783,False
1117,2009-03-01,Gijón costera,739,739,2.000608930987821,744,0.9932795698924731,True,2.000608930987821,2.000608930987821,False
1117,2009-04-01,Gijón costera,720,720,1.507,720,1.0,True,1.507,1.507,False
1117,2009-05-01,Gijón costera,741,741,1.6219568151147097,744,0.9959677419354839,True,1.6219568151147097,1.6219568151147097,False
1117,2009-06-01,Gijón costera,717,717,0.8954811715481171,720,0.9958333333333333,True,0.8954811715481171,0.8954811715481171,False
1117,2009-07-01,Gijón costera,187,187,0.8967379679144385,744,0.2513440860215054,False,,1.105386821910948,True
1117,2009-08-01,Gijón costera,0,0,,744,0.0,False,,1.190013495276653,True
1117,2009-09-01,Gijón costera,635,635,1.4499212598425197,720,0.8819444444444444,True,1.4499212598425197,1.4499212598425197,False
1117,2009-10-01,Gijón costera,741,741,1.383009446693657,744,0.9959677419354839,True,1.383009446693657,1.383009446693657,False
1117,2009-11-01,Gijón costera,719,719,3.0082753824756603,720,0.9986111111111111,True,3.0082753824756603,3.0082753824756603,False
1117,2009-12-01,Gijón costera,744,744,1.9798387096774193,744,1.0,True,1.9798387096774193,1.9798387096774193,False
1117,2010-01-01,Gijón costera,744,744,1.840524193548387,744,1.0,True,1.840524193548387,1.840524193548387,False
1117,2010-02-01,Gijón costera,671,671,1.8278837555886736,672,0.9985119047619048,True,1.8278837555886736,1.8278837555886736,False
1117,2010-03-01,Gijón costera,743,743,1.6838627187079407,744,0.9986559139784946,True,1.6838627187079407,1.6838627187079407,False
1117,2010-04-01,Gijón costera,716,716,1.381578212290503,720,0.9944444444444445,True,1.381578212290503,1.381578212290503,False
1117,2010-05-01,Gijón costera,744,744,1.199744623655914,744,1.0,True,1.199744623655914,1.199744623655914,False
1117,2010-06-01,Gijón costera,716,716,1.2547486033519553,720,0.9944444444444445,True,1.2547486033519553,1.2547486033519553,False
1117,2010-07-01,Gijón costera,739,739,1.313166441136671,744,0.9932795698924731,True,1.313166441136671,1.313166441136671,False
1117,2010-08-01,Gijón costera,507,507,1.0562721893491123,744,0.6814516129032258,False,,1.190013495276653,True
1117,2010-09-01,Gijón costera,720,720,1.3000833333333333,720,1.0,True,1.3000833333333333,1.3000833333333333,False
1117,2010-10-01,Gijón costera,744,744,1.6568951612903227,744,1.0,True,1.6568951612903227,1.6568951612903227,False
1117,2010-11-01,Gijón costera,718,718,2.4822005571030643,720,0.9972222222222222,True,2.4822005571030643,2.4822005571030643,False
1117,2010-12-01,Gijón costera,728,728,1.622857142857143,744,0.978494623655914,True,1.622857142857143,1.622857142857143,False
1117,2011-01-01,Gijón costera,743,743,1.6806729475100943,744,0.9986559139784946,True,1.6806729475100943,1.6806729475100943,False
1117,2011-02-01,Gijón costera,670,670,2.60455223880597,672,0.9970238095238095,True,2.60455223880597,2.60455223880597,False
1117,2011-03-01,Gijón costera,717,717,1.631813110181311,744,0.9637096774193549,True,1.631813110181311,1.631813110181311,False
1117,2011-04-01,Gijón costera,719,719,1.5022114047287898,720,0.9986111111111111,True,1.5022114047287898,1.5022114047287898,False
1117,2011-05-01,Gijón costera,744,744,1.6472177419354839,744,1.0,True,1.6472177419354839,1.6472177419354839,False
1117,2011-06-01,Gijón costera,720,720,1.3401666666666665,720,1.0,True,1.3401666666666665,1.3401666666666665,False
1117,2011-07-01,Gijón costera,744,744,1.3629166666666666,744,1.0,True,1.3629166666666666,1.3629166666666666,False
1117,2011-08-01,Gijón costera,740,740,1.071581081081081,744,0.9946236559139785,True,1.071581081081081,1.071581081081081,False
1117,2011-09-01,Gijón costera,679,679,1.5757731958762888,720,0.9430555555555555,True,1.5757731958762888,1.5757731958762888,False
1117,2011-10-01,Gijón costera,742,742,1.5944339622641508,744,0.9973118279569892,True,1.5944339622641508,1.5944339622641508,False
1117,2011-11-01,Gijón costera,720,720,1.844486111111111,720,1.0,True,1.844486111111111,1.844486111111111,False
1117,2011-12-01,Gijón costera,650,650,2.8925384615384617,744,0.8736559139784946,True,2.8925384615384617,2.8925384615384617,False
1117,2012-01-01,Gijón costera,588,588,1.7793707482993197,744,0.7903225806451613,True,1.7793707482993197,1.7793707482993197,False
1117,2012-02-01,Gijón costera,696,696,1.6580172413793104,696,1.0,True,1.6580172413793104,1.6580172413793104,False
1117,2012-03-01,Gijón costera,744,744,1.4925134408602152,744,1.0,True,1.4925134408602152,1.4925134408602152,False
1117,2012-04-01,Gijón costera,720,720,2.156736111111111,720,1.0,True,2.156736111111111,2.156736111111111,False
1117,2012-05-01,Gijón costera,744,744,0.9877688172043011,744,1.0,True,0.9877688172043011,0.9877688172043011,False
1117,2012-06-01,Gijón costera,715,715,1.1293706293706294,720,0.9930555555555556,True,1.1293706293706294,1.1293706293706294,False
1117,2012-07-01,Gijón costera,732,732,1.1024043715846994,744,0.9838709677419355,True,1.1024043715846994,1.1024043715846994,False
1117,2012-08-01,Gijón costera,675,675,1.1714222222222224,744,0.907258064516129,True,1.1714222222222224,1.1714222222222224,False
1117,2012-09-01,Gijón costera,719,719,1.4604589707927675,720,0.9986111111111111,True,1.4604589707927675,1.4604589707927675,False
1117,2012-10-01,Gijón costera,731,731,1.6537756497948017,744,0.9825268817204301,True,1.6537756497948017,1.6537756497948017,False
1117,2012-11-01,Gijón costera,720,720,2.3547083333333334,720,1.0,True,2.3547083333333334,2.3547083333333334,False
1117,2012-12-01,Gijón costera,397,397,2.268110831234257,744,0.5336021505376344,False,,2.077768817204301,True
1117,2013-01-01,Gijón costera,0,0,,744,0.0,False,,1.9685579514824798,True
1117,2013-02-01,Gijón costera,182,182,1.8429670329670331,672,0.2708333333333333,False,,2.0232291666666664,True
1117,2013-03-01,Gijón costera,744,744,1.5536021505376345,744,1.0,True,1.5536021505376345,1.5536021505376345,False
1117,2013-04-01,Gijón costera,719,719,2.019847009735744,720,0.9986111111111111,True,2.019847009735744,2.019847009735744,False
1117,2013-05-01,Gijón costera,742,742,1.8208355795148248,744,0.9973118279569892,True,1.8208355795148248,1.8208355795148248,False
1117,2013-06-01,Gijón costera,720,720,1.2764583333333333,720,1.0,True,1.2764583333333333,1.2764583333333333,False
1117,2013-07-01,Gijón costera,741,741,0.9198785425101215,744,0.9959677419354839,True,0.9198785425101215,0.9198785425101215,False
1117,2013-08-01,Gijón costera,744,744,1.0995026881720429,744,1.0,True,1.0995026881720429,1.0995026881720429,False
1117,2013-09-01,Gijón costera,715,715,1.2447692307692308,720,0.9930555555555556,True,1.2447692307692308,1.2447692307692308,False
1117,2013-10-01,Gijón costera,744,744,1.4106048387096775,744,1.0,True,1.4106048387096775,1.4106048387096775,False
1117,2013-11-01,Gijón costera,80,80,3.4636249999999995,720,0.1111111111111111,False,,2.1922830662577075,True
1117,2013-12-01,Gijón costera,0,0,,744,0.0,False,,2.077768817204301,True
1117,2014-01-01,Gijón costera,0,0,,744,0.0,False,,1.9685579514824798,True
1117,2014-02-01,Gijón costera,0,0,,672,0.0,False,,2.0232291666666664,True
1117,2014-03-01,Gijón costera,0,0,,744,0.0,False,,1.8522043010752687,True
1117,2014-04-01,Gijón costera,0,0,,720,0.0,False,,1.5022114047287898,True
1117,2014-05-01,Gijón costera,0,0,,744,0.0,False,,1.2766666666666666,True
1117,2014-06-01,Gijón costera,0,0,,720,0.0,False,,1.1293706293706294,True
1117,2014-07-01,Gijón costera,0,0,,744,0.0,False,,1.105386821910948,True
1117,2014-08-01,Gijón costera,0,0,,744,0.0,False,,1.190013495276653,True
1117,2014-09-01,Gijón costera,0,0,,720,0.0,False,,1.4045277777777778,True
1117,2014-10-01,Gijón costera,0,0,,744,0.0,False,,1.5293539703903094,True
1117,2014-11-01,Gijón costera,0,0,,720,0.0,False,,2.1922830662577075,True
1117,2014-12-01,Gijón costera,0,0,,744,0.0,False,,2.077768817204301,True
1117,2015-01-01,Gijón costera,0,0,,744,0.0,False,,1.9685579514824798,True
1117,2015-02-01,Gijón costera,0,0,,672,0.0,False,,2.0232291666666664,True
1117,2015-03-01,Gijón costera,0,0,,744,0.0,False,,1.8522043010752687,True
1117,2015-04-01,Gijón costera,0,0,,720,0.0,False,,1.5022114047287898,True
1117,2015-05-01,Gijón costera,0,0,,744,0.0,False,,1.2766666666666666,True
1117,2015-06-01,Gijón costera,159,159,0.9704402515723272,720,0.22083333333333333,False,,1.1293706293706294,True
1117,2015-07-01,Gijón costera,743,743,1.128613728129206,744,0.9986559139784946,True,1.128613728129206,1.128613728129206,False
1117,2015-08-01,Gijón costera,743,743,1.3418707940780619,744,0.9986559139784946,True,1.3418707940780619,1.3418707940780619,False
1117,2015-09-01,Gijón costera,720,720,1.437875,720,1.0,True,1.437875,1.437875,False
1117,2015-10-01,Gijón costera,743,743,1.5218842530282637,744,0.9986559139784946,True,1.5218842530282637,1.5218842530282637,False
1117,2015-11-01,Gijón costera,719,719,2.0109318497913766,720,0.9986111111111111,True,2.0109318497913766,2.0109318497913766,False
1117,2015-12-01,Gijón costera,743,743,1.823728129205922,744,0.9986559139784946,True,1.823728129205922,1.823728129205922,False
1117,2016-01-01,Gijón costera,743,743,2.4347779273216688,744,0.9986559139784946,True,2.4347779273216688,2.4347779273216688,False
1117,2016-02-01,Gijón costera,297,297,2.5299326599326597,696,0.4267241379310345,False,,2.0232291666666664,True
1117,2016-03-01,Gijón costera,743,743,2.1498115746971735,744,0.9986559139784946,True,2.1498115746971735,2.1498115746971735,False
1117,2016-04-01,Gijón costera,717,717,1.4163877266387725,720,0.9958333333333333,True,1.4163877266387725,1.4163877266387725,False
1117,2016-05-01,Gijón costera,743,743,1.0633647375504711,744,0.9986559139784946,True,1.0633647375504711,1.0633647375504711,False
1117,2016-06-01,Gijón costera,720,720,1.0367222222222223,720,1.0,True,1.0367222222222223,1.0367222222222223,False
1117,2016-07-01,Gijón costera,742,742,1.1083692722371967,744,0.9973118279569892,True,1.1083692722371967,1.1083692722371967,False
1117,2016-08-01,Gijón costera,743,743,1.1277523553162854,744,0.9986559139784946,True,1.1277523553162854,1.1277523553162854,False
1117,2016-09-01,Gijón costera,718,718,1.5339972144846798,720,0.9972222222222222,True,1.5339972144846798,1.5339972144846798,False
1117,2016-10-01,Gijón costera,694,694,1.4146974063400575,744,0.9327956989247311,True,1.4146974063400575,1.4146974063400575,False
1117,2016-11-01,Gijón costera,719,719,1.7887204450625869,720,0.9986111111111111,True,1.7887204450625869,1.7887204450625869,False
1117,2016-12-01,Gijón costera,742,742,1.5434636118598384,744,0.9973118279569892,True,1.5434636118598384,1.5434636118598384,False
1117,2017-01-01,Gijón costera,716,716,1.7310893854748604,744,0.9623655913978495,True,1.7310893854748604,1.7310893854748604,False
1117,2017-02-01,Gijón costera,671,671,2.065692995529061,672,0.9985119047619048,True,2.065692995529061,2.065692995529061,False
1117,2017-03-01,Gijón costera,743,743,1.9915074024226112,744,0.9986559139784946,True,1.9915074024226112,1.9915074024226112,False
1117,2017-04-01,Gijón costera,718,718,1.4694846796657381,720,0.9972222222222222,True,1.4694846796657381,1.4694846796657381,False
1117,2017-05-01,Gijón costera,743,743,1.079663526244953,744,0.9986559139784946,True,1.079663526244953,1.079663526244953,False
1117,2017-06-01,Gijón costera,720,720,1.381513888888889,720,1.0,True,1.381513888888889,1.381513888888889,False
1117,2017-07-01,Gijón costera,743,743,1.278815612382234,744,0.9986559139784946,True,1.278815612382234,1.278815612382234,False
1117,2017-08-01,Gijón costera,744,744,1.0753897849462366,744,1.0,True,1.0753897849462366,1.0753897849462366,False
1117,2017-09-01,Gijón costera,718,718,1.6714206128133704,720,0.9972222222222222,True,1.6714206128133704,1.6714206128133704,False
1117,2017-10-01,Gijón costera,744,744,1.5103897849462367,744,1.0,True,1.5103897849462367,1.5103897849462367,False
1117,2017-11-01,Gijón costera,671,671,1.6586289120715352,720,0.9319444444444445,True,1.6586289120715352,1.6586289120715352,False
1117,2017-12-01,Gijón costera,743,743,2.151292059219381,744,0.9986559139784946,True,2.151292059219381,2.151292059219381,False
1117,2018-01-01,Gijón costera,743,743,2.7668371467025574,744,0.9986559139784946,True,2.7668371467025574,2.7668371467025574,False
1117,2018-02-01,Gijón costera,672,672,2.5226488095238095,672,1.0,True,2.5226488095238095,2.5226488095238095,False
1117,2018-03-01,Gijón costera,743,743,2.0454374158815614,744,0.9986559139784946,True,2.0454374158815614,2.0454374158815614,False
1117,2018-04-01,Gijón costera,718,718,1.7397353760445684,720,0.9972222222222222,True,1.7397353760445684,1.7397353760445684,False
1117,2018-05-01,Gijón costera,718,718,1.374401114206128,744,0.9650537634408602,True,1.374401114206128,1.374401114206128,False
1117,2018-06-01,Gijón costera,720,720,1.049,720,1.0,True,1.049,1.049,False
1117,2018-07-01,Gijón costera,743,743,1.0508344549125168,744,0.9986559139784946,True,1.0508344549125168,1.0508344549125168,False
1117,2018-08-01,Gijón costera,741,741,1.190013495276653,744,0.9959677419354839,True,1.190013495276653,1.190013495276653,False
1117,2018-09-01,Gijón costera,719,719,1.3011404728789986,720,0.9986111111111111,True,1.3011404728789986,1.3011404728789986,False
1117,2018-10-01,Gijón costera,743,743,1.684064602960969,744,0.9986559139784946,True,1.684064602960969,1.684064602960969,False
1117,2018-11-01,Gijón costera,689,689,1.9710304789550073,720,0.9569444444444445,True,1.9710304789550073,1.9710304789550073,False
1117,2018-12-01,Gijón costera,741,741,1.8656275303643726,744,0.9959677419354839,True,1.8656275303643726,1.8656275303643726,False
1117,2019-01-01,Gijón costera,742,742,1.9685579514824798,744,0.9973118279569892,True,1.9685579514824798,1.9685579514824798,False
1117,2019-02-01,Gijón costera,670,670,1.9072238805970148,672,0.9970238095238095,True,1.9072238805970148,1.9072238805970148,False
1117,2019-03-01,Gijón costera,744,744,2.0466263440860217,744,1.0,True,2.0466263440860217,2.0466263440860217,False
1117,2019-04-01,Gijón costera,717,717,1.6717573221757323,720,0.9958333333333333,True,1.6717573221757323,1.6717573221757323,False
1117,2019-05-01,Gijón costera,695,695,1.3198561151079136,744,0.9341397849462365,True,1.3198561151079136,1.3198561151079136,False
1117,2019-06-01,Gijón costera,717,717,1.0515202231520224,720,0.9958333333333333,True,1.0515202231520224,1.0515202231520224,False
1117,2019-07-01,Gijón costera,741,741,1.0628070175438595,744,0.9959677419354839,True,1.0628070175438595,1.0628070175438595,False
1117,2019-08-01,Gijón costera,741,741,1.1458164642375168,744,0.9959677419354839,True,1.1458164642375168,1.1458164642375168,False
1117,2019-09-01,Gijón costera,716,716,1.6037430167597766,720,0.9944444444444445,True,1.6037430167597766,1.6037430167597766,False
1117,2019-10-01,Gijón costera,744,744,1.6070430107526883,744,1.0,True,1.6070430107526883,1.6070430107526883,False
1117,2019-11-01,Gijón costera,658,658,2.864741641337386,720,0.9138888888888889,True,2.864741641337386,2.864741641337386,False
1117,2019-12-01,Gijón costera,659,659,2.3717450682852808,744,0.885752688172043,True,2.3717450682852808,2.3717450682852808,False
1117,2020-01-01,Gijón costera,742,742,2.076145552560647,744,0.9973118279569892,True,2.076145552560647,2.076145552560647,False
1117,2020-02-01,Gijón costera,693,693,2.5533477633477633,696,0.9956896551724138,True,2.5533477633477633,2.5533477633477633,False
1117,2020-03-01,Gijón costera,742,742,2.245458221024259,744,0.9973118279569892,True,2.245458221024259,2.245458221024259,False
1117,2020-04-01,Gijón costera,718,718,1.1238857938718663,720,0.9972222222222222,True,1.1238857938718663,1.1238857938718663,False
1117,2020-05-01,Gijón costera,744,744,1.1750940860215053,744,1.0,True,1.1750940860215053,1.1750940860215053,False
1117,2020-06-01,Gijón costera,681,681,1.3431130690161526,720,0.9458333333333333,True,1.3431130690161526,1.3431130690161526,False
1117,2020-07-01,Gijón costera,724,724,1.1524447513812155,744,0.9731182795698925,True,1.1524447513812155,1.1524447513812155,False
1117,2020-08-01,Gijón costera,740,740,1.1828783783783785,744,0.9946236559139785,True,1.1828783783783785,1.1828783783783785,False
1117,2020-09-01,Gijón costera,718,718,1.3930362116991644,720,0.9972222222222222,True,1.3930362116991644,1.3930362116991644,False
1117,2020-10-01,Gijón costera,744,744,2.09739247311828,744,1.0,True,2.09739247311828,2.09739247311828,False
1117,2020-11-01,Gijón costera,717,717,1.8508926080892607,720,0.9958333333333333,True,1.8508926080892607,1.8508926080892607,False
1117,2020-12-01,Gijón costera,741,741,2.7136842105263157,744,0.9959677419354839,True,2.7136842105263157,2.7136842105263157,False
1117,2021-01-01,Gijón costera,720,720,1.8132777777777778,744,0.967741935483871,True,1.8132777777777778,1.8132777777777778,False
1117,2021-02-01,Gijón costera,672,672,2.0214583333333334,672,1.0,True,2.0214583333333334,2.0214583333333334,False
1117,2021-03-01,Gijón costera,744,744,1.64625,744,1.0,True,1.64625,1.64625,False
1117,2021-04-01,Gijón costera,718,718,1.3327158774373258,720,0.9972222222222222,True,1.3327158774373258,1.3327158774373258,False
1117,2021-05-01,Gijón costera,742,742,1.5047035040431267,744,0.9973118279569892,True,1.5047035040431267,1.5047035040431267,False
1117,2021-06-01,Gijón costera,719,719,1.263115438108484,720,0.9986111111111111,True,1.263115438108484,1.263115438108484,False
1117,2021-07-01,Gijón costera,743,743,0.9594078061911171,744,0.9986559139784946,True,0.9594078061911171,0.9594078061911171,False
1117,2021-08-01,Gijón costera,696,696,1.2027298850574712,744,0.9354838709677419,True,1.2027298850574712,1.2027298850574712,False
1117,2021-09-01,Gijón costera,715,715,1.2187552447552448,720,0.9930555555555556,True,1.2187552447552448,1.2187552447552448,False
1117,2021-10-01,Gijón costera,738,738,1.4652439024390242,744,0.9919354838709677,True,1.4652439024390242,1.4652439024390242,False
1117,2021-11-01,Gijón costera,712,712,2.194747191011236,720,0.9888888888888889,True,2.194747191011236,2.194747191011236,False
1117,2021-12-01,Gijón costera,741,741,2.1611336032388664,744,0.9959677419354839,True,2.1611336032388664,2.1611336032388664,False
1117,2022-01-01,Gijón costera,743,743,1.7618707940780618,744,0.9986559139784946,True,1.7618707940780618,1.7618707940780618,False
1117,2022-02-01,Gijón costera,672,672,2.493184523809524,672,1.0,True,2.493184523809524,2.493184523809524,False
1117,2022-03-01,Gijón costera,722,722,1.7693074792243768,744,0.9704301075268817,True,1.7693074792243768,1.7693074792243768,False
1117,2022-04-01,Gijón costera,720,720,1.3217083333333333,720,1.0,True,1.3217083333333333,1.3217083333333333,False
1117,2022-05-01,Gijón costera,744,744,1.1380510752688173,744,1.0,True,1.1380510752688173,1.1380510752688173,False
1117,2022-06-01,Gijón costera,720,720,1.3384305555555556,720,1.0,True,1.3384305555555556,1.3384305555555556,False
1117,2022-07-01,Gijón costera,730,730,1.0465342465753424,744,0.9811827956989247,True,1.0465342465753424,1.0465342465753424,False
1117,2022-08-01,Gijón costera,744,744,1.2343951612903226,744,1.0,True,1.2343951612903226,1.2343951612903226,False
1117,2022-09-01,Gijón costera,720,720,1.3587083333333334,720,1.0,True,1.3587083333333334,1.3587083333333334,False
1117,2022-10-01,Gijón costera,744,744,1.4476881720430106,744,1.0,True,1.4476881720430106,1.4476881720430106,False
1117,2022-11-01,Gijón costera,720,720,2.622916666666667,720,1.0,True,2.622916666666667,2.622916666666667,False
1117,2022-12-01,Gijón costera,744,744,1.6068413978494624,744,1.0,True,1.6068413978494624,1.6068413978494624,False
1117,2023-01-01,Gijón costera,743,743,2.293014804845222,744,0.9986559139784946,True,2.293014804845222,2.293014804845222,False
1117,2023-02-01,Gijón costera,672,672,1.6894791666666666,672,1.0,True,1.6894791666666666,1.6894791666666666,False
1117,2023-03-01,Gijón costera,744,744,1.8522043010752687,744,1.0,True,1.8522043010752687,1.8522043010752687,False
1117,2023-04-01,Gijón costera,712,712,1.4626685393258427,720,0.9888888888888889,True,1.4626685393258427,1.4626685393258427,False
1117,2023-05-01,Gijón costera,726,726,1.2657300275482093,744,0.9758064516129032,True,1.2657300275482093,1.2657300275482093,False
1117,2023-06-01,Gijón costera,554,554,0.7091696750902527,720,0.7694444444444445,True,0.7091696750902527,0.7091696750902527,False
1117,2023-07-01,Gijón costera,744,744,1.2638575268817203,744,1.0,True,1.2638575268817203,1.2638575268817203,False
1117,2023-08-01,Gijón costera,741,741,1.2581781376518217,744,0.9959677419354839,True,1.2581781376518217,1.2581781376518217,False
1117,2023-09-01,Gijón costera,720,720,1.4045277777777778,720,1.0,True,1.4045277777777778,1.4045277777777778,False
1117,2023-10-01,Gijón costera,743,743,1.7070524899057873,744,0.9986559139784946,True,1.7070524899057873,1.7070524899057873,False
1117,2023-11-01,Gijón costera,593,593,2.4047217537942664,720,0.8236111111111111,True,2.4047217537942664,2.4047217537942664,False
1117,2023-12-01,Gijón costera,744,744,2.077768817204301,744,1.0,True,2.077768817204301,2.077768817204301,False
1117,2024-01-01,Gijón costera,744,744,1.820470430107527,744,1.0,True,1.820470430107527,1.820470430107527,False
1117,2024-02-01,Gijón costera,696,696,2.2199999999999998,696,1.0,True,2.2199999999999998,2.2199999999999998,False
1117,2024-03-01,Gijón costera,744,744,2.065,744,1.0,True,2.065,2.065,False
1117,2024-04-01,Gijón costera,720,720,1.5100277777777777,720,1.0,True,1.5100277777777777,1.5100277777777777,False
1117,2024-05-01,Gijón costera,744,744,1.2766666666666666,744,1.0,True,1.2766666666666666,1.2766666666666666,False
1117,2024-06-01,Gijón costera,696,696,1.302787356321839,720,0.9666666666666667,True,1.302787356321839,1.302787356321839,False
1117,2024-07-01,Gijón costera,697,697,1.0495408895265423,744,0.9368279569892473,True,1.0495408895265423,1.0495408895265423,False
1117,2024-08-01,Gijón costera,744,744,1.3547043010752688,744,1.0,True,1.3547043010752688,1.3547043010752688,False
1117,2024-09-01,Gijón costera,720,720,1.3581944444444445,720,1.0,True,1.3581944444444445,1.3581944444444445,False
1117,2024-10-01,Gijón costera,744,744,1.5803360215053763,744,1.0,True,1.5803360215053763,1.5803360215053763,False
1117,2024-11-01,Gijón costera,720,720,1.3932222222222221,720,1.0,True,1.3932222222222221,1.3932222222222221,False
1117,2024-12-01,Gijón costera,647,647,1.9967078825347757,744,0.8696236559139785,True,1.9967078825347757,1.9967078825347757,False
2136,2005-01-01,Bilbao-Vizcaya,744,744,2.9443951612903225,744,1.0,True,2.9443951612903225,2.9443951612903225,False
2136,2005-02-01,Bilbao-Vizcaya,672,672,2.0104017857142855,672,1.0,True,2.0104017857142855,2.0104017857142855,False
2136,2005-03-01,Bilbao-Vizcaya,731,731,1.5103967168262653,744,0.9825268817204301,True,1.5103967168262653,1.5103967168262653,False
2136,2005-04-01,Bilbao-Vizcaya,709,709,2.0442736248236955,720,0.9847222222222223,True,2.0442736248236955,2.0442736248236955,False
2136,2005-05-01,Bilbao-Vizcaya,744,744,1.226962365591398,744,1.0,True,1.226962365591398,1.226962365591398,False
2136,2005-06-01,Bilbao-Vizcaya,720,720,1.0358472222222224,720,1.0,True,1.0358472222222224,1.0358472222222224,False
2136,2005-07-01,Bilbao-Vizcaya,744,744,1.2647580645161292,744,1.0,True,1.2647580645161292,1.2647580645161292,False
2136,2005-08-01,Bilbao-Vizcaya,700,700,1.3005285714285715,744,0.9408602150537635,True,1.3005285714285715,1.3005285714285715,False
2136,2005-09-01,Bilbao-Vizcaya,718,718,1.6748050139275765,720,0.9972222222222222,True,1.6748050139275765,1.6748050139275765,False
2136,2005-10-01,Bilbao-Vizcaya,744,744,1.7441263440860217,744,1.0,True,1.7441263440860217,1.7441263440860217,False
2136,2005-11-01,Bilbao-Vizcaya,720,720,2.5881250000000002,720,1.0,True,2.5881250000000002,2.5881250000000002,False
2136,2005-12-01,Bilbao-Vizcaya,721,721,2.0259778085991678,744,0.9690860215053764,True,2.0259778085991678,2.0259778085991678,False
2136,2006-01-01,Bilbao-Vizcaya,744,744,2.254516129032258,744,1.0,True,2.254516129032258,2.254516129032258,False
2136,2006-02-01,Bilbao-Vizcaya,672,672,2.220952380952381,672,1.0,True,2.220952380952381,2.220952380952381,False
2136,2006-03-01,Bilbao-Vizcaya,198,196,3.407142857142857,744,0.26344086021505375,False,,2.4896785714285716,True
2136,2006-04-01,Bilbao-Vizcaya,469,469,1.4605330490405117,720,0.6513888888888889,False,,1.756888888888889,True
2136,2006-05-01,Bilbao-Vizcaya,744,744,1.6050403225806453,744,1.0,True,1.6050403225806453,1.6050403225806453,False
2136,2006-06-01,Bilbao-Vizcaya,720,720,1.024,720,1.0,True,1.024,1.024,False
2136,2006-07-01,Bilbao-Vizcaya,744,744,1.1794086021505377,744,1.0,True,1.1794086021505377,1.1794086021505377,False
2136,2006-08-01,Bilbao-Vizcaya,719,719,1.3509874826147428,744,0.9663978494623656,True,1.3509874826147428,1.3509874826147428,False
2136,2006-09-01,Bilbao-Vizcaya,720,720,1.6923611111111112,720,1.0,True,1.6923611111111112,1.6923611111111112,False
2136,2006-10-01,Bilbao-Vizcaya,744,744,1.6605645161290323,744,1.0,True,1.6605645161290323,1.6605645161290323,False
2136,2006-11-01,Bilbao-Vizcaya,720,720,2.385638888888889,720,1.0,True,2.385638888888889,2.385638888888889,False
2136,2006-12-01,Bilbao-Vizcaya,738,738,2.605338753387534,744,0.9919354838709677,True,2.605338753387534,2.605338753387534,False
2136,2007-01-01,Bilbao-Vizcaya,743,743,2.8483041722745623,744,0.9986559139784946,True,2.8483041722745623,2.8483041722745623,False
2136,2007-02-01,Bilbao-Vizcaya,672,672,3.2343154761904764,672,1.0,True,3.2343154761904764,3.2343154761904764,False
2136,2007-03-01,Bilbao-Vizcaya,744,744,3.0630779569892472,744,1.0,True,3.0630779569892472,3.0630779569892472,False
2136,2007-04-01,Bilbao-Vizcaya,716,716,1.12945530726257,720,0.9944444444444445,True,1.12945530726257,1.12945530726257,False
2136,2007-05-01,Bilbao-Vizcaya,744,744,2.14127688172043,744,1.0,True,2.14127688172043,2.14127688172043,False
2136,2007-06-01,Bilbao-Vizcaya,720,720,1.284361111111111,720,1.0,True,1.284361111111111,1.284361111111111,False
2136,2007-07-01,Bilbao-Vizcaya,744,744,1.555551075268817,744,1.0,True,1.555551075268817,1.555551075268817,False
2136,2007-08-01,Bilbao-Vizcaya,744,744,1.6345430107526882,744,1.0,True,1.6345430107526882,1.6345430107526882,False
2136,2007-09-01,Bilbao-Vizcaya,720,720,1.3417777777777777,720,1.0,True,1.3417777777777777,1.3417777777777777,False
2136,2007-10-01,Bilbao-Vizcaya,744,744,1.4789247311827955,744,1.0,True,1.4789247311827955,1.4789247311827955,False
2136,2007-11-01,Bilbao-Vizcaya,719,719,1.35009735744089,720,0.9986111111111111,True,1.35009735744089,1.35009735744089,False
2136,2007-12-01,Bilbao-Vizcaya,744,744,2.8559274193548387,744,1.0,True,2.8559274193548387,2.8559274193548387,False
2136,2008-01-01,Bilbao-Vizcaya,274,274,2.681459854014599,744,0.3682795698924731,False,,2.8483041722745623,True
2136,2008-02-01,Bilbao-Vizcaya,696,696,2.124310344827586,696,1.0,True,2.124310344827586,2.124310344827586,False
2136,2008-03-01,Bilbao-Vizcaya,744,744,3.5246102150537633,744,1.0,True,3.5246102150537633,3.5246102150537633,False
2136,2008-04-01,Bilbao-Vizcaya,720,720,2.002194444444444,720,1.0,True,2.002194444444444,2.002194444444444,False
2136,2008-05-01,Bilbao-Vizcaya,744,744,1.0611155913978494,744,1.0,True,1.0611155913978494,1.0611155913978494,False
2136,2008-06-01,Bilbao-Vizcaya,714,714,1.3372268907563025,720,0.9916666666666667,True,1.3372268907563025,1.3372268907563025,False
2136,2008-07-01,Bilbao-Vizcaya,744,744,1.4240456989247312,744,1.0,True,1.4240456989247312,1.4240456989247312,False
2136,2008-08-01,Bilbao-Vizcaya,744,744,1.8070833333333334,744,1.0,True,1.8070833333333334,1.8070833333333334,False
2136,2008-09-01,Bilbao-Vizcaya,720,720,1.677125,720,1.0,True,1.677125,1.677125,False
2136,2008-10-01,Bilbao-Vizcaya,744,744,2.1894086021505377,744,1.0,True,2.1894086021505377,2.1894086021505377,False
2136,2008-11-01,Bilbao-Vizcaya,720,720,2.5248611111111114,720,1.0,True,2.5248611111111114,2.5248611111111114,False
2136,2008-12-01,Bilbao-Vizcaya,743,743,2.795706594885599,744,0.9986559139784946,True,2.795706594885599,2.795706594885599,False
2136,2009-01-01,Bilbao-Vizcaya,561,561,3.2314260249554367,744,0.7540322580645161,True,3.2314260249554367,3.2314260249554367,False
2136,2009-02-01,Bilbao-Vizcaya,0,0,,672,0.0,False,,2.9722652757078984,True
2136,2009-03-01,Bilbao-Vizcaya,0,0,,744,0.0,False,,2.4896785714285716,True
2136,2009-04-01,Bilbao-Vizcaya,674,674,1.8922997032640951,720,0.9361111111111111,True,1.8922997032640951,1.8922997032640951,False
2136,2009-05-01,Bilbao-Vizcaya,385,385,2.0324415584415583,744,0.5174731182795699,False,,1.508734858681023,True
2136,2009-06-01,Bilbao-Vizcaya,633,633,1.0414849921011058,720,0.8791666666666667,True,1.0414849921011058,1.0414849921011058,False
2136,2009-07-01,Bilbao-Vizcaya,743,743,1.461184387617766,744,0.9986559139784946,True,1.461184387617766,1.461184387617766,False
2136,2009-08-01,Bilbao-Vizcaya,743,743,1.365343203230148,744,0.9986559139784946,True,1.365343203230148,1.365343203230148,False
2136,2009-09-01,Bilbao-Vizcaya,720,719,1.574895688456189,720,0.9986111111111111,True,1.574895688456189,1.574895688456189,False
2136,2009-10-01,Bilbao-Vizcaya,744,743,1.5251951547779274,744,0.9986559139784946,True,1.5251951547779274,1.5251951547779274,False
2136,2009-11-01,Bilbao-Vizcaya,720,720,3.8401111111111113,720,1.0,True,3.8401111111111113,3.8401111111111113,False
2136,2009-12-01,Bilbao-Vizcaya,744,744,2.228736559139785,744,1.0,True,2.228736559139785,2.228736559139785,False
2136,2010-01-01,Bilbao-Vizcaya,579,579,2.0145941278065633,744,0.7782258064516129,True,2.0145941278065633,2.0145941278065633,False
2136,2010-02-01,Bilbao-Vizcaya,672,672,2.2373660714285712,672,1.0,True,2.2373660714285712,2.2373660714285712,False
2136,2010-03-01,Bilbao-Vizcaya,744,744,1.8076747311827959,744,1.0,True,1.8076747311827959,1.8076747311827959,False
2136,2010-04-01,Bilbao-Vizcaya,720,720,1.3996388888888889,720,1.0,True,1.3996388888888889,1.3996388888888889,False
2136,2010-05-01,Bilbao-Vizcaya,744,744,1.28502688172043,744,1.0,True,1.28502688172043,1.28502688172043,False
2136,2010-06-01,Bilbao-Vizcaya,720,720,1.4171111111111112,720,1.0,True,1.4171111111111112,1.4171111111111112,False
2136,2010-07-01,Bilbao-Vizcaya,744,744,1.3871236559139786,744,1.0,True,1.3871236559139786,1.3871236559139786,False
2136,2010-08-01,Bilbao-Vizcaya,742,742,1.0829514824797843,744,0.9973118279569892,True,1.0829514824797843,1.0829514824797843,False
2136,2010-09-01,Bilbao-Vizcaya,704,704,1.5086647727272726,720,0.9777777777777777,True,1.5086647727272726,1.5086647727272726,False
2136,2010-10-01,Bilbao-Vizcaya,732,732,1.868948087431694,744,0.9838709677419355,True,1.868948087431694,1.868948087431694,False
2136,2010-11-01,Bilbao-Vizcaya,694,694,2.8971757925072046,720,0.9638888888888889,True,2.8971757925072046,2.8971757925072046,False
2136,2010-12-01,Bilbao-Vizcaya,742,742,1.64955525606469,744,0.9973118279569892,True,1.64955525606469,1.64955525606469,False
2136,2011-01-01,Bilbao-Vizcaya,744,744,1.7396505376344085,744,1.0,True,1.7396505376344085,1.7396505376344085,False
2136,2011-02-01,Bilbao-Vizcaya,672,672,3.472008928571429,672,1.0,True,3.472008928571429,3.472008928571429,False
2136,2011-03-01,Bilbao-Vizcaya,730,730,1.722178082191781,744,0.9811827956989247,True,1.722178082191781,1.722178082191781,False
2136,2011-04-01,Bilbao-Vizcaya,720,720,1.833736111111111,720,1.0,True,1.833736111111111,1.833736111111111,False
2136,2011-05-01,Bilbao-Vizcaya,744,744,1.7801612903225807,744,1.0,True,1.7801612903225807,1.7801612903225807,False
2136,2011-06-01,Bilbao-Vizcaya,720,720,1.4623055555555555,720,1.0,True,1.4623055555555555,1.4623055555555555,False
2136,2011-07-01,Bilbao-Vizcaya,744,744,1.5988440860215054,744,1.0,True,1.5988440860215054,1.5988440860215054,False
2136,2011-08-01,Bilbao-Vizcaya,744,744,1.1832123655913978,744,1.0,True,1.1832123655913978,1.1832123655913978,False
2136,2011-09-01,Bilbao-Vizcaya,720,720,1.8195555555555554,720,1.0,True,1.8195555555555554,1.8195555555555554,False
2136,2011-10-01,Bilbao-Vizcaya,744,744,1.7864247311827957,744,1.0,True,1.7864247311827957,1.7864247311827957,False
2136,2011-11-01,Bilbao-Vizcaya,720,720,2.2199305555555555,720,1.0,True,2.2199305555555555,2.2199305555555555,False
2136,2011-12-01,Bilbao-Vizcaya,744,744,3.3251075268817205,744,1.0,True,3.3251075268817205,3.3251075268817205,False
2136,2012-01-01,Bilbao-Vizcaya,744,744,2.3916801075268816,744,1.0,True,2.3916801075268816,2.3916801075268816,False
2136,2012-02-01,Bilbao-Vizcaya,696,696,1.8508045977011496,696,1.0,True,1.8508045977011496,1.8508045977011496,False
2136,2012-03-01,Bilbao-Vizcaya,744,744,1.6220161290322581,744,1.0,True,1.6220161290322581,1.6220161290322581,False
2136,2012-04-01,Bilbao-Vizcaya,720,720,2.2993194444444445,720,1.0,True,2.2993194444444445,2.2993194444444445,False
2136,2012-05-01,Bilbao-Vizcaya,744,744,1.0626612903225807,744,1.0,True,1.0626612903225807,1.0626612903225807,False
2136,2012-06-01,Bilbao-Vizcaya,720,720,1.3061527777777777,720,1.0,True,1.3061527777777777,1.3061527777777777,False
2136,2012-07-01,Bilbao-Vizcaya,744,744,1.0659811827956989,744,1.0,True,1.0659811827956989,1.0659811827956989,False
2136,2012-08-01,Bilbao-Vizcaya,744,744,1.2576612903225808,744,1.0,True,1.2576612903225808,1.2576612903225808,False
2136,2012-09-01,Bilbao-Vizcaya,719,719,1.5573574408901252,720,0.9986111111111111,True,1.5573574408901252,1.5573574408901252,False
2136,2012-10-01,Bilbao-Vizcaya,744,744,1.8112231182795697,744,1.0,True,1.8112231182795697,1.8112231182795697,False
2136,2012-11-01,Bilbao-Vizcaya,719,719,2.6132823365785813,720,0.9986111111111111,True,2.6132823365785813,2.6132823365785813,False
2136,2012-12-01,Bilbao-Vizcaya,744,744,2.8165725806451616,744,1.0,True,2.8165725806451616,2.8165725806451616,False
2136,2013-01-01,Bilbao-Vizcaya,744,744,3.310215053763441,744,1.0,True,3.310215053763441,3.310215053763441,False
2136,2013-02-01,Bilbao-Vizcaya,672,672,2.9543749999999998,672,1.0,True,2.9543749999999998,2.9543749999999998,False
2136,2013-03-01,Bilbao-Vizcaya,744,744,1.808279569892473,744,1.0,True,1.808279569892473,1.808279569892473,False
2136,2013-04-01,Bilbao-Vizcaya,720,720,2.4101388888888886,720,1.0,True,2.4101388888888886,2.4101388888888886,False
2136,2013-05-01,Bilbao-Vizcaya,744,744,2.01119623655914,744,1.0,True,2.01119623655914,2.01119623655914,False
2136,2013-06-01,Bilbao-Vizcaya,720,720,1.5055416666666668,720,1.0,True,1.5055416666666668,1.5055416666666668,False
2136,2013-07-01,Bilbao-Vizcaya,744,744,1.0270833333333333,744,1.0,True,1.0270833333333333,1.0270833333333333,False
2136,2013-08-01,Bilbao-Vizcaya,744,744,1.304784946236559,744,1.0,True,1.304784946236559,1.304784946236559,False
2136,2013-09-01,Bilbao-Vizcaya,720,720,1.5155972222222223,720,1.0,True,1.5155972222222223,1.5155972222222223,False
2136,2013-10-01,Bilbao-Vizcaya,744,744,1.874247311827957,744,1.0,True,1.874247311827957,1.874247311827957,False
2136,2013-11-01,Bilbao-Vizcaya,719,719,3.022086230876217,720,0.9986111111111111,True,3.022086230876217,3.022086230876217,False
2136,2013-12-01,Bilbao-Vizcaya,744,744,3.020551075268817,744,1.0,True,3.020551075268817,3.020551075268817,False
2136,2014-01-01,Bilbao-Vizcaya,744,744,3.894341397849462,744,1.0,True,3.894341397849462,3.894341397849462,False
2136,2014-02-01,Bilbao-Vizcaya,221,221,5.569321266968325,672,0.3288690476190476,False,,2.9722652757078984,True
2136,2014-03-01,Bilbao-Vizcaya,560,560,2.4896785714285716,744,0.7526881720430108,True,2.4896785714285716,2.4896785714285716,False
2136,2014-04-01,Bilbao-Vizcaya,720,720,1.756888888888889,720,1.0,True,1.756888888888889,1.756888888888889,False
2136,2014-05-01,Bilbao-Vizcaya,744,744,1.6051881720430108,744,1.0,True,1.6051881720430108,1.6051881720430108,False
2136,2014-06-01,Bilbao-Vizcaya,720,720,1.2251111111111113,720,1.0,True,1.2251111111111113,1.2251111111111113,False
2136,2014-07-01,Bilbao-Vizcaya,742,742,1.3007681940700808,744,0.9973118279569892,True,1.3007681940700808,1.3007681940700808,False
2136,2014-08-01,Bilbao-Vizcaya,744,744,1.2361021505376344,744,1.0,True,1.2361021505376344,1.2361021505376344,False
2136,2014-09-01,Bilbao-Vizcaya,720,720,1.1141666666666667,720,1.0,True,1.1141666666666667,1.1141666666666667,False
2136,2014-10-01,Bilbao-Vizcaya,744,744,2.1359005376344085,744,1.0,True,2.1359005376344085,2.1359005376344085,False
2136,2014-11-01,Bilbao-Vizcaya,719,719,2.708720445062587,720,0.9986111111111111,True,2.708720445062587,2.708720445062587,False
2136,2014-12-01,Bilbao-Vizcaya,744,744,2.8563575268817205,744,1.0,True,2.8563575268817205,2.8563575268817205,False
2136,2015-01-01,Bilbao-Vizcaya,744,744,3.4055779569892475,744,1.0,True,3.4055779569892475,3.4055779569892475,False
2136,2015-02-01,Bilbao-Vizcaya,672,672,3.0851041666666665,672,1.0,True,3.0851041666666665,3.0851041666666665,False
2136,2015-03-01,Bilbao-Vizcaya,744,744,2.5269220430107526,744,1.0,True,2.5269220430107526,2.5269220430107526,False
2136,2015-04-01,Bilbao-Vizcaya,717,717,1.4987866108786612,720,0.9958333333333333,True,1.4987866108786612,1.4987866108786612,False
2136,2015-05-01,Bilbao-Vizcaya,744,744,1.67877688172043,744,1.0,True,1.67877688172043,1.67877688172043,False
2136,2015-06-01,Bilbao-Vizcaya,720,720,1.2896388888888888,720,1.0,True,1.2896388888888888,1.2896388888888888,False
2136,2015-07-01,Bilbao-Vizcaya,744,744,1.3307123655913977,744,1.0,True,1.3307123655913977,1.3307123655913977,False
2136,2015-08-01,Bilbao-Vizcaya,744,744,1.5373924731182795,744,1.0,True,1.5373924731182795,1.5373924731182795,False
2136,2015-09-01,Bilbao-Vizcaya,720,720,1.5620833333333335,720,1.0,True,1.5620833333333335,1.5620833333333335,False
2136,2015-10-01,Bilbao-Vizcaya,744,744,1.6049193548387095,744,1.0,True,1.6049193548387095,1.6049193548387095,False
2136,2015-11-01,Bilbao-Vizcaya,719,719,2.503810848400556,720,0.9986111111111111,True,2.503810848400556,2.503810848400556,False
2136,2015-12-01,Bilbao-Vizcaya,744,744,2.4736962365591397,744,1.0,True,2.4736962365591397,2.4736962365591397,False
2136,2016-01-01,Bilbao-Vizcaya,744,744,3.2048924731182797,744,1.0,True,3.2048924731182797,3.2048924731182797,False
2136,2016-02-01,Bilbao-Vizcaya,696,696,3.7752298850574713,696,1.0,True,3.7752298850574713,3.7752298850574713,False
2136,2016-03-01,Bilbao-Vizcaya,744,744,2.6563306451612902,744,1.0,True,2.6563306451612902,2.6563306451612902,False
2136,2016-04-01,Bilbao-Vizcaya,719,719,1.6062169680111265,720,0.9986111111111111,True,1.6062169680111265,1.6062169680111265,False
2136,2016-05-01,Bilbao-Vizcaya,744,744,1.260779569892473,744,1.0,True,1.260779569892473,1.260779569892473,False
2136,2016-06-01,Bilbao-Vizcaya,720,720,1.3090555555555556,720,1.0,True,1.3090555555555556,1.3090555555555556,False
2136,2016-07-01,Bilbao-Vizcaya,744,744,1.1486693548387097,744,1.0,True,1.1486693548387097,1.1486693548387097,False
2136,2016-08-01,Bilbao-Vizcaya,744,744,1.2438172043010753,744,1.0,True,1.2438172043010753,1.2438172043010753,False
2136,2016-09-01,Bilbao-Vizcaya,720,720,1.8637222222222223,720,1.0,True,1.8637222222222223,1.8637222222222223,False
2136,2016-10-01,Bilbao-Vizcaya,744,744,1.4852553763440859,744,1.0,True,1.4852553763440859,1.4852553763440859,False
2136,2016-11-01,Bilbao-Vizcaya,720,720,2.107902777777778,720,1.0,True,2.107902777777778,2.107902777777778,False
2136,2016-12-01,Bilbao-Vizcaya,744,744,2.0541397849462366,744,1.0,True,2.0541397849462366,2.0541397849462366,False
2136,2017-01-01,Bilbao-Vizcaya,744,744,1.9724865591397849,744,1.0,True,1.9724865591397849,1.9724865591397849,False
2136,2017-02-01,Bilbao-Vizcaya,111,111,3.6544144144144144,672,0.16517857142857142,False,,2.9722652757078984,True
2136,2017-03-01,Bilbao-Vizcaya,229,229,2.15235807860262,744,0.3077956989247312,False,,2.4896785714285716,True
2136,2017-04-01,Bilbao-Vizcaya,720,720,1.4938333333333333,720,1.0,True,1.4938333333333333,1.4938333333333333,False
2136,2017-05-01,Bilbao-Vizcaya,744,744,1.2349462365591397,744,1.0,True,1.2349462365591397,1.2349462365591397,False
2136,2017-06-01,Bilbao-Vizcaya,720,720,1.7457083333333334,720,1.0,True,1.7457083333333334,1.7457083333333334,False
2136,2017-07-01,Bilbao-Vizcaya,744,744,1.3824731182795698,744,1.0,True,1.3824731182795698,1.3824731182795698,False
2136,2017-08-01,Bilbao-Vizcaya,743,743,1.1663526244952893,744,0.9986559139784946,True,1.1663526244952893,1.1663526244952893,False
2136,2017-09-01,Bilbao-Vizcaya,720,720,1.9907916666666665,720,1.0,True,1.9907916666666665,1.9907916666666665,False
2136,2017-10-01,Bilbao-Vizcaya,733,733,1.8497544338335605,744,0.9852150537634409,True,1.8497544338335605,1.8497544338335605,False
2136,2017-11-01,Bilbao-Vizcaya,720,720,1.9043194444444442,720,1.0,True,1.9043194444444442,1.9043194444444442,False
2136,2017-12-01,Bilbao-Vizcaya,499,499,2.54374749498998,744,0.6706989247311828,False,,2.716491935483871,True
2136,2018-01-01,Bilbao-Vizcaya,744,744,3.755161290322581,744,1.0,True,3.755161290322581,3.755161290322581,False
2136,2018-02-01,Bilbao-Vizcaya,671,671,2.9722652757078984,672,0.9985119047619048,True,2.9722652757078984,2.9722652757078984,False
2136,2018-03-01,Bilbao-Vizcaya,433,433,2.3525173210161663,744,0.581989247311828,False,,2.4896785714285716,True
2136,2018-04-01,Bilbao-Vizcaya,0,0,,720,0.0,False,,1.756888888888889,True
2136,2018-05-01,Bilbao-Vizcaya,396,396,1.1803282828282828,744,0.532258064516129,False,,1.508734858681023,True
2136,2018-06-01,Bilbao-Vizcaya,720,720,1.1773888888888888,720,1.0,True,1.1773888888888888,1.1773888888888888,False
2136,2018-07-01,Bilbao-Vizcaya,744,744,1.15627688172043,744,1.0,True,1.15627688172043,1.15627688172043,False
2136,2018-08-01,Bilbao-Vizcaya,742,742,1.3469811320754717,744,0.9973118279569892,True,1.3469811320754717,1.3469811320754717,False
2136,2018-09-01,Bilbao-Vizcaya,720,720,1.4518333333333333,720,1.0,True,1.4518333333333333,1.4518333333333333,False
2136,2018-10-01,Bilbao-Vizcaya,743,743,1.9897846567967699,744,0.9986559139784946,True,1.9897846567967699,1.9897846567967699,False
2136,2018-11-01,Bilbao-Vizcaya,718,718,2.688300835654596,720,0.9972222222222222,True,2.688300835654596,2.688300835654596,False
2136,2018-12-01,Bilbao-Vizcaya,305,305,2.8764262295081964,744,0.4099462365591398,False,,2.716491935483871,True
2136,2019-01-01,Bilbao-Vizcaya,372,372,3.604327956989247,744,0.5,False,,2.8483041722745623,True
2136,2019-02-01,Bilbao-Vizcaya,672,672,2.6483333333333334,672,1.0,True,2.6483333333333334,2.6483333333333334,False
2136,2019-03-01,Bilbao-Vizcaya,358,358,3.228435754189944,744,0.48118279569892475,False,,2.4896785714285716,True
2136,2019-04-01,Bilbao-Vizcaya,492,492,2.0254065040650406,720,0.6833333333333333,False,,1.756888888888889,True
2136,2019-05-01,Bilbao-Vizcaya,743,743,1.508734858681023,744,0.9986559139784946,True,1.508734858681023,1.508734858681023,False
2136,2019-06-01,Bilbao-Vizcaya,720,720,1.2825416666666667,720,1.0,True,1.2825416666666667,1.2825416666666667,False
2136,2019-07-01,Bilbao-Vizcaya,743,743,1.1680484522207268,744,0.9986559139784946,True,1.1680484522207268,1.1680484522207268,False
2136,2019-08-01,Bilbao-Vizcaya,744,744,1.3161693548387097,744,1.0,True,1.3161693548387097,1.3161693548387097,False
2136,2019-09-01,Bilbao-Vizcaya,720,720,1.8384722222222223,720,1.0,True,1.8384722222222223,1.8384722222222223,False
2136,2019-10-01,Bilbao-Vizcaya,653,653,2.175053598774885,744,0.8776881720430108,True,2.175053598774885,2.175053598774885,False
2136,2019-11-01,Bilbao-Vizcaya,63,63,3.5615873015873016,720,0.0875,False,,2.514335979755834,True
2136,2019-12-01,Bilbao-Vizcaya,107,107,1.549532710280374,744,0.14381720430107528,False,,2.716491935483871,True
2136,2020-01-01,Bilbao-Vizcaya,742,742,2.559407008086253,744,0.9973118279569892,True,2.559407008086253,2.559407008086253,False
2136,2020-02-01,Bilbao-Vizcaya,695,695,3.4945755395683453,696,0.9985632183908046,True,3.4945755395683453,3.4945755395683453,False
2136,2020-03-01,Bilbao-Vizcaya,744,744,2.6756182795698926,744,1.0,True,2.6756182795698926,2.6756182795698926,False
2136,2020-04-01,Bilbao-Vizcaya,719,719,1.1586091794158553,720,0.9986111111111111,True,1.1586091794158553,1.1586091794158553,False
2136,2020-05-01,Bilbao-Vizcaya,244,244,1.154672131147541,744,0.3279569892473118,False,,1.508734858681023,True
2136,2020-06-01,Bilbao-Vizcaya,706,706,1.553399433427762,720,0.9805555555555555,True,1.553399433427762,1.553399433427762,False
2136,2020-07-01,Bilbao-Vizcaya,744,744,1.1471236559139786,744,1.0,True,1.1471236559139786,1.1471236559139786,False
2136,2020-08-01,Bilbao-Vizcaya,744,744,1.396733870967742,744,1.0,True,1.396733870967742,1.396733870967742,False
2136,2020-09-01,Bilbao-Vizcaya,720,720,1.627388888888889,720,1.0,True,1.627388888888889,1.627388888888889,False
2136,2020-10-01,Bilbao-Vizcaya,740,740,2.6819189189189188,744,0.9946236559139785,True,2.6819189189189188,2.6819189189189188,False
2136,2020-11-01,Bilbao-Vizcaya,719,719,2.1486787204450626,720,0.9986111111111111,True,2.1486787204450626,2.1486787204450626,False
2136,2020-12-01,Bilbao-Vizcaya,678,678,3.5681268436578173,744,0.9112903225806451,True,3.5681268436578173,3.5681268436578173,False
2136,2021-01-01,Bilbao-Vizcaya,394,394,2.7678172588832486,744,0.5295698924731183,False,,2.8483041722745623,True
2136,2021-02-01,Bilbao-Vizcaya,672,672,3.0145238095238094,672,1.0,True,3.0145238095238094,3.0145238095238094,False
2136,2021-03-01,Bilbao-Vizcaya,744,744,2.019462365591398,744,1.0,True,2.019462365591398,2.019462365591398,False
2136,2021-04-01,Bilbao-Vizcaya,719,719,1.224450625869263,720,0.9986111111111111,True,1.224450625869263,1.224450625869263,False
2136,2021-05-01,Bilbao-Vizcaya,744,744,1.9016129032258065,744,1.0,True,1.9016129032258065,1.9016129032258065,False
2136,2021-06-01,Bilbao-Vizcaya,720,720,1.4461666666666666,720,1.0,True,1.4461666666666666,1.4461666666666666,False
2136,2021-07-01,Bilbao-Vizcaya,744,744,1.0554301075268817,744,1.0,True,1.0554301075268817,1.0554301075268817,False
2136,2021-08-01,Bilbao-Vizcaya,742,742,1.226644204851752,744,0.9973118279569892,True,1.226644204851752,1.226644204851752,False
2136,2021-09-01,Bilbao-Vizcaya,720,720,1.3698333333333332,720,1.0,True,1.3698333333333332,1.3698333333333332,False
2136,2021-10-01,Bilbao-Vizcaya,744,744,1.7570161290322581,744,1.0,True,1.7570161290322581,1.7570161290322581,False
2136,2021-11-01,Bilbao-Vizcaya,720,720,2.4420555555555556,720,1.0,True,2.4420555555555556,2.4420555555555556,False
2136,2021-12-01,Bilbao-Vizcaya,743,743,2.912691790040377,744,0.9986559139784946,True,2.912691790040377,2.912691790040377,False
2136,2022-01-01,Bilbao-Vizcaya,744,744,2.0611559139784945,744,1.0,True,2.0611559139784945,2.0611559139784945,False
2136,2022-02-01,Bilbao-Vizcaya,672,672,3.236592261904762,672,1.0,True,3.236592261904762,3.236592261904762,False
2136,2022-03-01,Bilbao-Vizcaya,742,742,2.177533692722372,744,0.9973118279569892,True,2.177533692722372,2.177533692722372,False
2136,2022-04-01,Bilbao-Vizcaya,717,717,1.657168758716876,720,0.9958333333333333,True,1.657168758716876,1.657168758716876,False
2136,2022-05-01,Bilbao-Vizcaya,740,740,1.2544594594594594,744,0.9946236559139785,True,1.2544594594594594,1.2544594594594594,False
2136,2022-06-01,Bilbao-Vizcaya,716,716,1.4198743016759776,720,0.9944444444444445,True,1.4198743016759776,1.4198743016759776,False
2136,2022-07-01,Bilbao-Vizcaya,741,741,1.0409581646423751,744,0.9959677419354839,True,1.0409581646423751,1.0409581646423751,False
2136,2022-08-01,Bilbao-Vizcaya,451,451,1.2237028824833702,744,0.6061827956989247,False,,1.3161693548387097,True
2136,2022-09-01,Bilbao-Vizcaya,606,606,1.6295544554455446,720,0.8416666666666667,True,1.6295544554455446,1.6295544554455446,False
2136,2022-10-01,Bilbao-Vizcaya,446,446,1.7232062780269057,744,0.5994623655913979,False,,1.8497544338335605,True
2136,2022-11-01,Bilbao-Vizcaya,241,241,3.2813278008298754,720,0.3347222222222222,False,,2.514335979755834,True
2136,2022-12-01,Bilbao-Vizcaya,634,634,1.8723817034700314,744,0.8521505376344086,True,1.8723817034700314,1.8723817034700314,False
2136,2023-01-01,Bilbao-Vizcaya,744,744,2.8757930107526883,744,1.0,True,2.8757930107526883,2.8757930107526883,False
2136,2023-02-01,Bilbao-Vizcaya,672,672,1.930669642857143,672,1.0,True,1.930669642857143,1.930669642857143,False
2136,2023-03-01,Bilbao-Vizcaya,744,744,2.5629032258064517,744,1.0,True,2.5629032258064517,2.5629032258064517,False
2136,2023-04-01,Bilbao-Vizcaya,719,719,1.9155632823365785,720,0.9986111111111111,True,1.9155632823365785,1.9155632823365785,False
2136,2023-05-01,Bilbao-Vizcaya,744,744,1.4058064516129034,744,1.0,True,1.4058064516129034,1.4058064516129034,False
2136,2023-06-01,Bilbao-Vizcaya,720,720,0.7990972222222222,720,1.0,True,0.7990972222222222,0.7990972222222222,False
2136,2023-07-01,Bilbao-Vizcaya,743,743,1.4210901749663525,744,0.9986559139784946,True,1.4210901749663525,1.4210901749663525,False
2136,2023-08-01,Bilbao-Vizcaya,744,744,1.5383870967741935,744,1.0,True,1.5383870967741935,1.5383870967741935,False
2136,2023-09-01,Bilbao-Vizcaya,720,720,1.6682500000000002,720,1.0,True,1.6682500000000002,1.6682500000000002,False
2136,2023-10-01,Bilbao-Vizcaya,744,744,2.159986559139785,744,1.0,True,2.159986559139785,2.159986559139785,False
2136,2023-11-01,Bilbao-Vizcaya,718,718,2.953788300835655,720,0.9972222222222222,True,2.953788300835655,2.953788300835655,False
2136,2023-12-01,Bilbao-Vizcaya,744,744,2.716491935483871,744,1.0,True,2.716491935483871,2.716491935483871,False
2136,2024-01-01,Bilbao-Vizcaya,744,744,2.327486559139785,744,1.0,True,2.327486559139785,2.327486559139785,False
2136,2024-02-01,Bilbao-Vizcaya,696,696,3.1347126436781614,696,1.0,True,3.1347126436781614,3.1347126436781614,False
2136,2024-03-01,Bilbao-Vizcaya,744,744,2.8826612903225803,744,1.0,True,2.8826612903225803,2.8826612903225803,False
2136,2024-04-01,Bilbao-Vizcaya,720,720,1.7875416666666666,720,1.0,True,1.7875416666666666,1.7875416666666666,False
2136,2024-05-01,Bilbao-Vizcaya,743,743,1.5362314939434725,744,0.9986559139784946,True,1.5362314939434725,1.5362314939434725,False
2136,2024-06-01,Bilbao-Vizcaya,720,720,1.2756527777777777,720,1.0,True,1.2756527777777777,1.2756527777777777,False
2136,2024-07-01,Bilbao-Vizcaya,744,744,1.1077016129032258,744,1.0,True,1.1077016129032258,1.1077016129032258,False
2136,2024-08-01,Bilbao-Vizcaya,713,713,1.4371388499298738,744,0.9583333333333334,True,1.4371388499298738,1.4371388499298738,False
2136,2024-09-01,Bilbao-Vizcaya,681,681,1.4954625550660792,720,0.9458333333333333,True,1.4954625550660792,1.4954625550660792,False
2136,2024-10-01,Bilbao-Vizcaya,625,625,1.920384,744,0.8400537634408602,True,1.920384,1.920384,False
2136,2024-11-01,Bilbao-Vizcaya,651,651,1.6388018433179723,720,0.9041666666666667,True,1.6388018433179723,1.6388018433179723,False
2136,2024-12-01,Bilbao-Vizcaya,643,643,2.161104199066874,744,0.864247311827957,True,2.161104199066874,2.161104199066874,False
2242,2005-01-01,Cabo de Peñas,743,743,2.994966352624495,744,0.9986559139784946,True,2.994966352624495,2.994966352624495,False
2242,2005-02-01,Cabo de Peñas,671,671,2.187302533532042,672,0.9985119047619048,True,2.187302533532042,2.187302533532042,False
2242,2005-03-01,Cabo de Peñas,724,724,1.7199171270718232,744,0.9731182795698925,True,1.7199171270718232,1.7199171270718232,False
2242,2005-04-01,Cabo de Peñas,719,719,2.069819193324061,720,0.9986111111111111,True,2.069819193324061,2.069819193324061,False
2242,2005-05-01,Cabo de Peñas,743,743,1.3331224764468372,744,0.9986559139784946,True,1.3331224764468372,1.3331224764468372,False
2242,2005-06-01,Cabo de Peñas,720,720,1.1795277777777777,720,1.0,True,1.1795277777777777,1.1795277777777777,False
2242,2005-07-01,Cabo de Peñas,744,744,1.3558333333333334,744,1.0,True,1.3558333333333334,1.3558333333333334,False
2242,2005-08-01,Cabo de Peñas,744,744,1.3903897849462366,744,1.0,True,1.3903897849462366,1.3903897849462366,False
2242,2005-09-01,Cabo de Peñas,719,719,1.7681502086230876,720,0.9986111111111111,True,1.7681502086230876,1.7681502086230876,False
2242,2005-10-01,Cabo de Peñas,744,744,1.9078091397849464,744,1.0,True,1.9078091397849464,1.9078091397849464,False
2242,2005-11-01,Cabo de Peñas,417,417,2.943980815347722,720,0.5791666666666667,False,,2.5935277777777777,True
2242,2005-12-01,Cabo de Peñas,0,0,,744,0.0,False,,2.702930107526882,True
2242,2006-01-01,Cabo de Peñas,0,0,,744,0.0,False,,2.956989247311828,True
2242,2006-02-01,Cabo de Peñas,0,0,,672,0.0,False,,2.9729464285714284,True
2242,2006-03-01,Cabo de Peñas,347,347,1.6928818443804032,744,0.46639784946236557,False,,2.582749779718621,True
2242,2006-04-01,Cabo de Peñas,719,719,1.7638386648122393,720,0.9986111111111111,True,1.7638386648122393,1.7638386648122393,False
2242,2006-05-01,Cabo de Peñas,744,744,1.7183198924731184,744,1.0,True,1.7183198924731184,1.7183198924731184,False
2242,2006-06-01,Cabo de Peñas,720,720,1.2652777777777777,720,1.0,True,1.2652777777777777,1.2652777777777777,False
2242,2006-07-01,Cabo de Peñas,731,731,1.197140902872777,744,0.9825268817204301,True,1.197140902872777,1.197140902872777,False
2242,2006-08-01,Cabo de Peñas,744,744,1.3584139784946236,744,1.0,True,1.3584139784946236,1.3584139784946236,False
2242,2006-09-01,Cabo de Peñas,720,720,1.7384444444444445,720,1.0,True,1.7384444444444445,1.7384444444444445,False
2242,2006-10-01,Cabo de Peñas,744,744,1.678763440860215,744,1.0,True,1.678763440860215,1.678763440860215,False
2242,2006-11-01,Cabo de Peñas,720,720,2.5276944444444447,720,1.0,True,2.5276944444444447,2.5276944444444447,False
2242,2006-12-01,Cabo de Peñas,720,720,2.6752083333333334,744,0.967741935483871,True,2.6752083333333334,2.6752083333333334,False
2242,2007-01-01,Cabo de Peñas,744,744,2.956989247311828,744,1.0,True,2.956989247311828,2.956989247311828,False
2242,2007-02-01,Cabo de Peñas,672,672,2.9729464285714284,672,1.0,True,2.9729464285714284,2.9729464285714284,False
2242,2007-03-01,Cabo de Peñas,744,744,2.936787634408602,744,1.0,True,2.936787634408602,2.936787634408602,False
2242,2007-04-01,Cabo de Peñas,716,716,1.2726675977653632,720,0.9944444444444445,True,1.2726675977653632,1.2726675977653632,False
2242,2007-05-01,Cabo de Peñas,744,744,2.1385215053763442,744,1.0,True,2.1385215053763442,2.1385215053763442,False
2242,2007-06-01,Cabo de Peñas,720,720,1.2804583333333333,720,1.0,True,1.2804583333333333,1.2804583333333333,False
2242,2007-07-01,Cabo de Peñas,744,744,1.4415053763440862,744,1.0,True,1.4415053763440862,1.4415053763440862,False
2242,2007-08-01,Cabo de Peñas,744,744,1.6748924731182795,744,1.0,True,1.6748924731182795,1.6748924731182795,False
2242,2007-09-01,Cabo de Peñas,720,720,1.5560555555555555,720,1.0,True,1.5560555555555555,1.5560555555555555,False
2242,2007-10-01,Cabo de Peñas,744,744,1.6116801075268816,744,1.0,True,1.6116801075268816,1.6116801075268816,False
2242,2007-11-01,Cabo de Peñas,719,719,1.5634492350486786,720,0.9986111111111111,True,1.5634492350486786,1.5634492350486786,False
2242,2007-12-01,Cabo de Peñas,744,744,2.879032258064516,744,1.0,True,2.879032258064516,2.879032258064516,False
2242,2008-01-01,Cabo de Peñas,140,140,3.3601428571428573,744,0.1881720430107527,False,,2.956989247311828,True
2242,2008-02-01,Cabo de Peñas,0,0,,696,0.0,False,,2.9729464285714284,True
2242,2008-03-01,Cabo de Peñas,363,363,3.0350413223140498,744,0.4879032258064516,False,,2.582749779718621,True
2242,2008-04-01,Cabo de Peñas,720,720,2.136152777777778,720,1.0,True,2.136152777777778,2.136152777777778,False
2242,2008-05-01,Cabo de Peñas,744,744,1.1068817204301076,744,1.0,True,1.1068817204301076,1.1068817204301076,False
2242,2008-06-01,Cabo de Peñas,720,720,1.289111111111111,720,1.0,True,1.289111111111111,1.289111111111111,False
2242,2008-07-01,Cabo de Peñas,744,744,1.5118145161290322,744,1.0,True,1.5118145161290322,1.5118145161290322,False
2242,2008-08-01,Cabo de Peñas,712,712,1.7374999999999998,744,0.956989247311828,True,1.7374999999999998,1.7374999999999998,False
2242,2008-09-01,Cabo de Peñas,720,720,1.832638888888889,720,1.0,True,1.832638888888889,1.832638888888889,False
2242,2008-10-01,Cabo de Peñas,744,744,2.424260752688172,744,1.0,True,2.424260752688172,2.424260752688172,False
2242,2008-11-01,Cabo de Peñas,720,720,2.5935277777777777,720,1.0,True,2.5935277777777777,2.5935277777777777,False
2242,2008-12-01,Cabo de Peñas,744,744,3.114690860215054,744,1.0,True,3.114690860215054,3.114690860215054,False
2242,2009-01-01,Cabo de Peñas,560,560,3.2255535714285712,744,0.7526881720430108,True,3.2255535714285712,3.2255535714285712,False
2242,2009-02-01,Cabo de Peñas,0,0,,672,0.0,False,,2.9729464285714284,True
2242,2009-03-01,Cabo de Peñas,0,0,,744,0.0,False,,2.582749779718621,True
2242,2009-04-01,Cabo de Peñas,703,703,1.93674253200569,720,0.9763888888888889,True,1.93674253200569,1.93674253200569,False
2242,2009-05-01,Cabo de Peñas,744,744,1.9608602150537633,744,1.0,True,1.9608602150537633,1.9608602150537633,False
2242,2009-06-01,Cabo de Peñas,718,718,1.1311142061281336,720,0.9972222222222222,True,1.1311142061281336,1.1311142061281336,False
2242,2009-07-01,Cabo de Peñas,743,743,1.4705787348586812,744,0.9986559139784946,True,1.4705787348586812,1.4705787348586812,False
2242,2009-08-01,Cabo de Peñas,744,744,1.4757930107526882,744,1.0,True,1.4757930107526882,1.4757930107526882,False
2242,2009-09-01,Cabo de Peñas,720,720,1.6832361111111112,720,1.0,True,1.6832361111111112,1.6832361111111112,False
2242,2009-10-01,Cabo de Peñas,744,744,1.681693548387097,744,1.0,True,1.681693548387097,1.681693548387097,False
2242,2009-11-01,Cabo de Peñas,720,720,3.6050694444444447,720,1.0,True,3.6050694444444447,3.6050694444444447,False
2242,2009-12-01,Cabo de Peñas,744,744,2.3156720430107525,744,1.0,True,2.3156720430107525,2.3156720430107525,False
2242,2010-01-01,Cabo de Peñas,373,373,2.0199195710455764,744,0.5013440860215054,False,,2.956989247311828,True
2242,2010-02-01,Cabo de Peñas,672,672,2.135982142857143,672,1.0,True,2.135982142857143,2.135982142857143,False
2242,2010-03-01,Cabo de Peñas,744,744,2.060268817204301,744,1.0,True,2.060268817204301,2.060268817204301,False
2242,2010-04-01,Cabo de Peñas,719,719,1.6596522948539638,720,0.9986111111111111,True,1.6596522948539638,1.6596522948539638,False
2242,2010-05-01,Cabo de Peñas,744,744,1.4259139784946238,744,1.0,True,1.4259139784946238,1.4259139784946238,False
2242,2010-06-01,Cabo de Peñas,720,720,1.5434583333333334,720,1.0,True,1.5434583333333334,1.5434583333333334,False
2242,2010-07-01,Cabo de Peñas,744,744,1.5512365591397848,744,1.0,True,1.5512365591397848,1.5512365591397848,False
2242,2010-08-01,Cabo de Peñas,666,666,1.183858858858859,744,0.8951612903225806,True,1.183858858858859,1.183858858858859,False
2242,2010-09-01,Cabo de Peñas,0,0,,720,0.0,False,,1.7025012266264876,True
2242,2010-10-01,Cabo de Peñas,0,0,,744,0.0,False,,1.912043010752688,True
2242,2010-11-01,Cabo de Peñas,0,0,,720,0.0,False,,2.5935277777777777,True
2242,2010-12-01,Cabo de Peñas,662,662,1.9935498489425982,744,0.8897849462365591,True,1.9935498489425982,1.9935498489425982,False
2242,2011-01-01,Cabo de Peñas,744,744,2.0802150537634407,744,1.0,True,2.0802150537634407,2.0802150537634407,False
2242,2011-02-01,Cabo de Peñas,620,620,3.31058064516129,672,0.9226190476190477,True,3.31058064516129,3.31058064516129,False
2242,2011-03-01,Cabo de Peñas,154,154,1.533116883116883,744,0.20698924731182797,False,,2.582749779718621,True
2242,2011-04-01,Cabo de Peñas,720,720,1.806263888888889,720,1.0,True,1.806263888888889,1.806263888888889,False
2242,2011-05-01,Cabo de Peñas,743,743,1.8975504710632571,744,0.9986559139784946,True,1.8975504710632571,1.8975504710632571,False
2242,2011-06-01,Cabo de Peñas,719,719,1.6115159944367177,720,0.9986111111111111,True,1.6115159944367177,1.6115159944367177,False
2242,2011-07-01,Cabo de Peñas,740,740,1.6390675675675677,744,0.9946236559139785,True,1.6390675675675677,1.6390675675675677,False
2242,2011-08-01,Cabo de Peñas,744,744,1.2598655913978496,744,1.0,True,1.2598655913978496,1.2598655913978496,False
2242,2011-09-01,Cabo de Peñas,720,720,1.8245416666666667,720,1.0,True,1.8245416666666667,1.8245416666666667,False
2242,2011-10-01,Cabo de Peñas,744,744,1.912043010752688,744,1.0,True,1.912043010752688,1.912043010752688,False
2242,2011-11-01,Cabo de Peñas,720,720,2.3002361111111114,720,1.0,True,2.3002361111111114,2.3002361111111114,False
2242,2011-12-01,Cabo de Peñas,744,744,3.3455779569892474,744,1.0,True,3.3455779569892474,3.3455779569892474,False
2242,2012-01-01,Cabo de Peñas,743,743,2.4532032301480484,744,0.9986559139784946,True,2.4532032301480484,2.4532032301480484,False
2242,2012-02-01,Cabo de Peñas,696,696,1.7673132183908045,696,1.0,True,1.7673132183908045,1.7673132183908045,False
2242,2012-03-01,Cabo de Peñas,744,744,1.9049059139784945,744,1.0,True,1.9049059139784945,1.9049059139784945,False
2242,2012-04-01,Cabo de Peñas,720,720,2.6540000000000004,720,1.0,True,2.6540000000000004,2.6540000000000004,False
2242,2012-05-01,Cabo de Peñas,744,744,1.2826612903225807,744,1.0,True,1.2826612903225807,1.2826612903225807,False
2242,2012-06-01,Cabo de Peñas,720,720,1.5099305555555558,720,1.0,True,1.5099305555555558,1.5099305555555558,False
2242,2012-07-01,Cabo de Peñas,744,744,1.3096908602150537,744,1.0,True,1.3096908602150537,1.3096908602150537,False
2242,2012-08-01,Cabo de Peñas,744,744,1.4984408602150536,744,1.0,True,1.4984408602150536,1.4984408602150536,False
2242,2012-09-01,Cabo de Peñas,719,719,1.7217663421418639,720,0.9986111111111111,True,1.7217663421418639,1.7217663421418639,False
2242,2012-10-01,Cabo de Peñas,743,743,1.8913862718707941,744,0.9986559139784946,True,1.8913862718707941,1.8913862718707941,False
2242,2012-11-01,Cabo de Peñas,720,720,2.7969583333333334,720,1.0,True,2.7969583333333334,2.7969583333333334,False
2242,2012-12-01,Cabo de Peñas,744,744,2.7956048387096772,744,1.0,True,2.7956048387096772,2.7956048387096772,False
2242,2013-01-01,Cabo de Peñas,744,744,3.203266129032258,744,1.0,True,3.203266129032258,3.203266129032258,False
2242,2013-02-01,Cabo de Peñas,671,671,2.8116244411326377,672,0.9985119047619048,True,2.8116244411326377,2.8116244411326377,False
2242,2013-03-01,Cabo de Peñas,744,744,1.96,744,1.0,True,1.96,1.96,False
2242,2013-04-01,Cabo de Peñas,720,720,2.5075694444444445,720,1.0,True,2.5075694444444445,2.5075694444444445,False
2242,2013-05-01,Cabo de Peñas,744,744,2.128494623655914,744,1.0,True,2.128494623655914,2.128494623655914,False
2242,2013-06-01,Cabo de Peñas,720,720,1.5310277777777777,720,1.0,True,1.5310277777777777,1.5310277777777777,False
2242,2013-07-01,Cabo de Peñas,744,744,1.1041935483870968,744,1.0,True,1.1041935483870968,1.1041935483870968,False
2242,2013-08-01,Cabo de Peñas,743,743,1.3165545087483177,744,0.9986559139784946,True,1.3165545087483177,1.3165545087483177,False
2242,2013-09-01,Cabo de Peñas,719,719,1.4448122392211404,720,0.9986111111111111,True,1.4448122392211404,1.4448122392211404,False
2242,2013-10-01,Cabo de Peñas,744,744,1.8709274193548386,744,1.0,True,1.8709274193548386,1.8709274193548386,False
2242,2013-11-01,Cabo de Peñas,720,720,2.922208333333333,720,1.0,True,2.922208333333333,2.922208333333333,False
2242,2013-12-01,Cabo de Peñas,744,744,3.314005376344086,744,1.0,True,3.314005376344086,3.314005376344086,False
2242,2014-01-01,Cabo de Peñas,743,743,4.276527590847914,744,0.9986559139784946,True,4.276527590847914,4.276527590847914,False
2242,2014-02-01,Cabo de Peñas,672,672,4.8706845238095235,672,1.0,True,4.8706845238095235,4.8706845238095235,False
2242,2014-03-01,Cabo de Peñas,587,587,2.824616695059625,744,0.7889784946236559,True,2.824616695059625,2.824616695059625,False
2242,2014-04-01,Cabo de Peñas,632,632,1.7661392405063292,720,0.8777777777777778,True,1.7661392405063292,1.7661392405063292,False
2242,2014-05-01,Cabo de Peñas,744,744,1.682284946236559,744,1.0,True,1.682284946236559,1.682284946236559,False
2242,2014-06-01,Cabo de Peñas,720,720,1.1467083333333332,720,1.0,True,1.1467083333333332,1.1467083333333332,False
2242,2014-07-01,Cabo de Peñas,743,743,1.1964602960969044,744,0.9986559139784946,True,1.1964602960969044,1.1964602960969044,False
2242,2014-08-01,Cabo de Peñas,744,744,1.2672715053763441,744,1.0,True,1.2672715053763441,1.2672715053763441,False
2242,2014-09-01,Cabo de Peñas,720,720,1.1542222222222223,720,1.0,True,1.1542222222222223,1.1542222222222223,False
2242,2014-10-01,Cabo de Peñas,744,744,2.2513709677419356,744,1.0,True,2.2513709677419356,2.2513709677419356,False
2242,2014-11-01,Cabo de Peñas,719,719,2.786954102920723,720,0.9986111111111111,True,2.786954102920723,2.786954102920723,False
2242,2014-12-01,Cabo de Peñas,571,571,2.915831873905429,744,0.7674731182795699,True,2.915831873905429,2.915831873905429,False
2242,2015-01-01,Cabo de Peñas,692,692,3.1496820809248556,744,0.9301075268817204,True,3.1496820809248556,3.1496820809248556,False
2242,2015-02-01,Cabo de Peñas,398,398,3.6913316582914577,672,0.5922619047619048,False,,2.9729464285714284,True
2242,2015-03-01,Cabo de Peñas,744,744,2.680201612903226,744,1.0,True,2.680201612903226,2.680201612903226,False
2242,2015-04-01,Cabo de Peñas,719,719,1.7568706536856746,720,0.9986111111111111,True,1.7568706536856746,1.7568706536856746,False
2242,2015-05-01,Cabo de Peñas,744,744,1.787782258064516,744,1.0,True,1.787782258064516,1.787782258064516,False
2242,2015-06-01,Cabo de Peñas,720,720,1.4511805555555555,720,1.0,True,1.4511805555555555,1.4511805555555555,False
2242,2015-07-01,Cabo de Peñas,744,744,1.4400940860215055,744,1.0,True,1.4400940860215055,1.4400940860215055,False
2242,2015-08-01,Cabo de Peñas,739,739,1.654790257104195,744,0.9932795698924731,True,1.654790257104195,1.654790257104195,False
2242,2015-09-01,Cabo de Peñas,230,230,1.4498260869565216,720,0.3194444444444444,False,,1.7025012266264876,True
2242,2015-10-01,Cabo de Peñas,438,438,1.8997945205479452,744,0.5887096774193549,False,,1.912043010752688,True
2242,2015-11-01,Cabo de Peñas,540,540,2.7379074074074077,720,0.75,True,2.7379074074074077,2.7379074074074077,False
2242,2015-12-01,Cabo de Peñas,744,744,2.5180779569892473,744,1.0,True,2.5180779569892473,2.5180779569892473,False
2242,2016-01-01,Cabo de Peñas,744,744,3.239193548387097,744,1.0,True,3.239193548387097,3.239193548387097,False
2242,2016-02-01,Cabo de Peñas,696,696,3.6897988505747126,696,1.0,True,3.6897988505747126,3.6897988505747126,False
2242,2016-03-01,Cabo de Peñas,744,744,2.7714650537634404,744,1.0,True,2.7714650537634404,2.7714650537634404,False
2242,2016-04-01,Cabo de Peñas,719,719,1.7969123783031988,720,0.9986111111111111,True,1.7969123783031988,1.7969123783031988,False
2242,2016-05-01,Cabo de Peñas,744,744,1.3556317204301076,744,1.0,True,1.3556317204301076,1.3556317204301076,False
2242,2016-06-01,Cabo de Peñas,720,720,1.3122777777777779,720,1.0,True,1.3122777777777779,1.3122777777777779,False
2242,2016-07-01,Cabo de Peñas,742,742,1.2907951482479785,744,0.9973118279569892,True,1.2907951482479785,1.2907951482479785,False
2242,2016-08-01,Cabo de Peñas,744,744,1.3750672043010752,744,1.0,True,1.3750672043010752,1.3750672043010752,False
2242,2016-09-01,Cabo de Peñas,161,161,1.5843478260869566,720,0.22361111111111112,False,,1.7025012266264876,True
2242,2016-10-01,Cabo de Peñas,0,0,,744,0.0,False,,1.912043010752688,True
2242,2016-11-01,Cabo de Peñas,677,677,2.317784342688331,720,0.9402777777777778,True,2.317784342688331,2.317784342688331,False
2242,2016-12-01,Cabo de Peñas,744,744,2.1800268817204302,744,1.0,True,2.1800268817204302,2.1800268817204302,False
2242,2017-01-01,Cabo de Peñas,744,744,2.1393279569892476,744,1.0,True,2.1393279569892476,2.1393279569892476,False
2242,2017-02-01,Cabo de Peñas,672,672,2.8360863095238096,672,1.0,True,2.8360863095238096,2.8360863095238096,False
2242,2017-03-01,Cabo de Peñas,743,743,2.5609959623149394,744,0.9986559139784946,True,2.5609959623149394,2.5609959623149394,False
2242,2017-04-01,Cabo de Peñas,719,719,1.7708205841446454,720,0.9986111111111111,True,1.7708205841446454,1.7708205841446454,False
2242,2017-05-01,Cabo de Peñas,674,674,1.4028783382789316,744,0.9059139784946236,True,1.4028783382789316,1.4028783382789316,False
2242,2017-06-01,Cabo de Peñas,720,720,1.7423333333333333,720,1.0,True,1.7423333333333333,1.7423333333333333,False
2242,2017-07-01,Cabo de Peñas,744,744,1.4833333333333332,744,1.0,True,1.4833333333333332,1.4833333333333332,False
2242,2017-08-01,Cabo de Peñas,743,743,1.2679811574697173,744,0.9986559139784946,True,1.2679811574697173,1.2679811574697173,False
2242,2017-09-01,Cabo de Peñas,720,720,2.063638888888889,720,1.0,True,2.063638888888889,2.063638888888889,False
2242,2017-10-01,Cabo de Peñas,743,743,1.945693135935397,744,0.9986559139784946,True,1.945693135935397,1.945693135935397,False
2242,2017-11-01,Cabo de Peñas,555,555,2.0884684684684682,720,0.7708333333333334,True,2.0884684684684682,2.0884684684684682,False
2242,2017-12-01,Cabo de Peñas,0,0,,744,0.0,False,,2.702930107526882,True
2242,2018-01-01,Cabo de Peñas,199,199,2.9098492462311554,744,0.2674731182795699,False,,2.956989247311828,True
2242,2018-02-01,Cabo de Peñas,672,672,3.2202083333333333,672,1.0,True,3.2202083333333333,3.2202083333333333,False
2242,2018-03-01,Cabo de Peñas,557,557,2.382818671454219,744,0.7486559139784946,True,2.382818671454219,2.382818671454219,False
2242,2018-04-01,Cabo de Peñas,446,446,2.2155829596412557,720,0.6194444444444445,False,,1.7838664812239222,True
2242,2018-05-01,Cabo de Peñas,743,743,1.7200134589502019,744,0.9986559139784946,True,1.7200134589502019,1.7200134589502019,False
2242,2018-06-01,Cabo de Peñas,720,720,1.259972222222222,720,1.0,True,1.259972222222222,1.259972222222222,False
2242,2018-07-01,Cabo de Peñas,744,744,1.2619623655913978,744,1.0,True,1.2619623655913978,1.2619623655913978,False
2242,2018-08-01,Cabo de Peñas,743,743,1.3827725437415883,744,0.9986559139784946,True,1.3827725437415883,1.3827725437415883,False
2242,2018-09-01,Cabo de Peñas,720,720,1.568736111111111,720,1.0,True,1.568736111111111,1.568736111111111,False
2242,2018-10-01,Cabo de Peñas,744,744,2.198319892473118,744,1.0,True,2.198319892473118,2.198319892473118,False
2242,2018-11-01,Cabo de Peñas,718,718,2.752116991643454,720,0.9972222222222222,True,2.752116991643454,2.752116991643454,False
2242,2018-12-01,Cabo de Peñas,743,743,2.5120188425302827,744,0.9986559139784946,True,2.5120188425302827,2.5120188425302827,False
2242,2019-01-01,Cabo de Peñas,744,744,2.4879435483870966,744,1.0,True,2.4879435483870966,2.4879435483870966,False
2242,2019-02-01,Cabo de Peñas,672,672,2.574866071428571,672,1.0,True,2.574866071428571,2.574866071428571,False
2242,2019-03-01,Cabo de Peñas,744,744,2.681263440860215,744,1.0,True,2.681263440860215,2.681263440860215,False
2242,2019-04-01,Cabo de Peñas,563,563,2.1807104795737122,720,0.7819444444444444,True,2.1807104795737122,2.1807104795737122,False
2242,2019-05-01,Cabo de Peñas,744,744,1.6523790322580643,744,1.0,True,1.6523790322580643,1.6523790322580643,False
2242,2019-06-01,Cabo de Peñas,720,720,1.295763888888889,720,1.0,True,1.295763888888889,1.295763888888889,False
2242,2019-07-01,Cabo de Peñas,744,744,1.2621774193548387,744,1.0,True,1.2621774193548387,1.2621774193548387,False
2242,2019-08-01,Cabo de Peñas,744,744,1.3825672043010755,744,1.0,True,1.3825672043010755,1.3825672043010755,False
2242,2019-09-01,Cabo de Peñas,589,589,1.7377589134125635,720,0.8180555555555555,True,1.7377589134125635,1.7377589134125635,False
2242,2019-10-01,Cabo de Peñas,183,183,1.2968852459016393,744,0.24596774193548387,False,,1.912043010752688,True
2242,2019-11-01,Cabo de Peñas,719,719,3.7086648122392214,720,0.9986111111111111,True,3.7086648122392214,3.7086648122392214,False
2242,2019-12-01,Cabo de Peñas,275,275,2.857381818181818,744,0.3696236559139785,False,,2.702930107526882,True
2242,2020-01-01,Cabo de Peñas,126,126,3.2056349206349206,744,0.1693548387096774,False,,2.956989247311828,True
2242,2020-02-01,Cabo de Peñas,696,696,3.5303448275862066,696,1.0,True,3.5303448275862066,3.5303448275862066,False
2242,2020-03-01,Cabo de Peñas,744,744,2.9561424731182795,744,1.0,True,2.9561424731182795,2.9561424731182795,False
2242,2020-04-01,Cabo de Peñas,720,720,1.5073333333333332,720,1.0,True,1.5073333333333332,1.5073333333333332,False
2242,2020-05-01,Cabo de Peñas,744,744,1.4740188172043012,744,1.0,True,1.4740188172043012,1.4740188172043012,False
2242,2020-06-01,Cabo de Peñas,719,719,1.5824756606397774,720,0.9986111111111111,True,1.5824756606397774,1.5824756606397774,False
2242,2020-07-01,Cabo de Peñas,744,744,1.3188844086021505,744,1.0,True,1.3188844086021505,1.3188844086021505,False
2242,2020-08-01,Cabo de Peñas,744,744,1.4771505376344085,744,1.0,True,1.4771505376344085,1.4771505376344085,False
2242,2020-09-01,Cabo de Peñas,720,720,1.6675694444444447,720,1.0,True,1.6675694444444447,1.6675694444444447,False
2242,2020-10-01,Cabo de Peñas,738,738,2.656517615176152,744,0.9919354838709677,True,2.656517615176152,2.656517615176152,False
2242,2020-11-01,Cabo de Peñas,720,720,2.4203333333333337,720,1.0,True,2.4203333333333337,2.4203333333333337,False
2242,2020-12-01,Cabo de Peñas,743,743,3.700672947510094,744,0.9986559139784946,True,3.700672947510094,3.700672947510094,False
2242,2021-01-01,Cabo de Peñas,738,738,2.318848238482385,744,0.9919354838709677,True,2.318848238482385,2.318848238482385,False
2242,2021-02-01,Cabo de Peñas,437,437,2.98720823798627,672,0.6502976190476191,False,,2.9729464285714284,True
2242,2021-03-01,Cabo de Peñas,744,744,2.0993010752688175,744,1.0,True,2.0993010752688175,2.0993010752688175,False
2242,2021-04-01,Cabo de Peñas,716,716,1.547709497206704,720,0.9944444444444445,True,1.547709497206704,1.547709497206704,False
2242,2021-05-01,Cabo de Peñas,741,741,2.001875843454791,744,0.9959677419354839,True,2.001875843454791,2.001875843454791,False
2242,2021-06-01,Cabo de Peñas,717,717,1.5062622036262203,720,0.9958333333333333,True,1.5062622036262203,1.5062622036262203,False
2242,2021-07-01,Cabo de Peñas,741,741,1.145506072874494,744,0.9959677419354839,True,1.145506072874494,1.145506072874494,False
2242,2021-08-01,Cabo de Peñas,742,742,1.3439622641509434,744,0.9973118279569892,True,1.3439622641509434,1.3439622641509434,False
2242,2021-09-01,Cabo de Peñas,720,720,1.4864027777777777,720,1.0,True,1.4864027777777777,1.4864027777777777,False
2242,2021-10-01,Cabo de Peñas,744,744,1.9178360215053762,744,1.0,True,1.9178360215053762,1.9178360215053762,False
2242,2021-11-01,Cabo de Peñas,720,720,2.570472222222222,720,1.0,True,2.570472222222222,2.570472222222222,False
2242,2021-12-01,Cabo de Peñas,662,662,3.0993504531722054,744,0.8897849462365591,True,3.0993504531722054,3.0993504531722054,False
2242,2022-01-01,Cabo de Peñas,744,744,2.3456854838709678,744,1.0,True,2.3456854838709678,2.3456854838709678,False
2242,2022-02-01,Cabo de Peñas,672,672,3.478675595238095,672,1.0,True,3.478675595238095,3.478675595238095,False
2242,2022-03-01,Cabo de Peñas,742,742,2.3979514824797845,744,0.9973118279569892,True,2.3979514824797845,2.3979514824797845,False
2242,2022-04-01,Cabo de Peñas,720,720,1.7129999999999999,720,1.0,True,1.7129999999999999,1.7129999999999999,False
2242,2022-05-01,Cabo de Peñas,744,744,1.3835887096774195,744,1.0,True,1.3835887096774195,1.3835887096774195,False
2242,2022-06-01,Cabo de Peñas,719,719,1.6378164116828928,720,0.9986111111111111,True,1.6378164116828928,1.6378164116828928,False
2242,2022-07-01,Cabo de Peñas,744,744,1.1923521505376344,744,1.0,True,1.1923521505376344,1.1923521505376344,False
2242,2022-08-01,Cabo de Peñas,744,744,1.4243951612903225,744,1.0,True,1.4243951612903225,1.4243951612903225,False
2242,2022-09-01,Cabo de Peñas,720,720,1.6645138888888888,720,1.0,True,1.6645138888888888,1.6645138888888888,False
2242,2022-10-01,Cabo de Peñas,743,743,1.879515477792732,744,0.9986559139784946,True,1.879515477792732,1.879515477792732,False
2242,2022-11-01,Cabo de Peñas,720,720,3.399430555555556,720,1.0,True,3.399430555555556,3.399430555555556,False
2242,2022-12-01,Cabo de Peñas,740,740,2.0894594594594595,744,0.9946236559139785,True,2.0894594594594595,2.0894594594594595,False
2242,2023-01-01,Cabo de Peñas,718,718,3.067465181058496,744,0.9650537634408602,True,3.067465181058496,3.067465181058496,False
2242,2023-02-01,Cabo de Peñas,595,595,2.0694621848739496,672,0.8854166666666666,True,2.0694621848739496,2.0694621848739496,False
2242,2023-03-01,Cabo de Peñas,695,695,2.6045035971223025,744,0.9341397849462365,True,2.6045035971223025,2.6045035971223025,False
2242,2023-04-01,Cabo de Peñas,717,717,1.9482845188284519,720,0.9958333333333333,True,1.9482845188284519,1.9482845188284519,False
2242,2023-05-01,Cabo de Peñas,744,744,1.5415322580645163,744,1.0,True,1.5415322580645163,1.5415322580645163,False
2242,2023-06-01,Cabo de Peñas,720,720,0.8788194444444445,720,1.0,True,0.8788194444444445,0.8788194444444445,False
2242,2023-07-01,Cabo de Peñas,743,743,1.5054239569313592,744,0.9986559139784946,True,1.5054239569313592,1.5054239569313592,False
2242,2023-08-01,Cabo de Peñas,744,744,1.5574462365591397,744,1.0,True,1.5574462365591397,1.5574462365591397,False
2242,2023-09-01,Cabo de Peñas,719,719,1.8515020862308762,720,0.9986111111111111,True,1.8515020862308762,1.8515020862308762,False
2242,2023-10-01,Cabo de Peñas,105,105,1.539809523809524,744,0.14112903225806453,False,,1.912043010752688,True
2242,2023-11-01,Cabo de Peñas,228,228,1.770701754385965,720,0.31666666666666665,False,,2.5935277777777777,True
2242,2023-12-01,Cabo de Peñas,744,744,2.702930107526882,744,1.0,True,2.702930107526882,2.702930107526882,False
2242,2024-01-01,Cabo de Peñas,744,744,2.389408602150538,744,1.0,True,2.389408602150538,2.389408602150538,False
2242,2024-02-01,Cabo de Peñas,696,696,3.148994252873563,696,1.0,True,3.148994252873563,3.148994252873563,False
2242,2024-03-01,Cabo de Peñas,646,646,2.6240866873065016,744,0.8682795698924731,True,2.6240866873065016,2.6240866873065016,False
2242,2024-04-01,Cabo de Peñas,493,493,1.6697363083164298,720,0.6847222222222222,False,,1.7838664812239222,True
2242,2024-05-01,Cabo de Peñas,742,742,1.6180053908355794,744,0.9973118279569892,True,1.6180053908355794,1.6180053908355794,False
2242,2024-06-01,Cabo de Peñas,720,720,1.4837777777777776,720,1.0,True,1.4837777777777776,1.4837777777777776,False
2242,2024-07-01,Cabo de Peñas,744,744,1.2130107526881722,744,1.0,True,1.2130107526881722,1.2130107526881722,False
2242,2024-08-01,Cabo de Peñas,182,182,1.38989010989011,744,0.2446236559139785,False,,1.3827725437415883,True
2242,2024-09-01,Cabo de Peñas,487,487,1.6793429158110884,720,0.6763888888888889,False,,1.7025012266264876,True
2242,2024-10-01,Cabo de Peñas,744,744,2.1245833333333333,744,1.0,True,2.1245833333333333,2.1245833333333333,False
2242,2024-11-01,Cabo de Peñas,720,720,1.7469305555555554,720,1.0,True,1.7469305555555554,1.7469305555555554,False
2242,2024-12-01,Cabo de Peñas,739,739,2.399661705006766,744,0.9932795698924731,True,2.399661705006766,2.399661705006766,False
