id_episodio,codigo_boya,nombre_boya,tipo_boya,fecha_inicio,fecha_fin,duracion_horas,Hs_media_m,Hs_maxima_m,umbral,umbral_hs_m
1,1103,Bilbao costera,Costera,2005-01-03 02:00:00,2005-01-03 04:00:00,3,3.35,3.52,Hs ≥ P95,3.11
2,1103,Bilbao costera,Costera,2005-01-03 06:00:00,2005-01-03 06:00:00,1,3.33,3.33,Hs ≥ P95,3.11
3,1103,Bilbao costera,Costera,2005-01-03 10:00:00,2005-01-03 10:00:00,1,3.13,3.13,Hs ≥ P95,3.11
4,1103,Bilbao costera,Costera,2005-01-06 16:00:00,2005-01-06 16:00:00,1,3.17,3.17,Hs ≥ P95,3.11
5,1103,Bilbao costera,Costera,2005-01-12 17:00:00,2005-01-12 19:00:00,3,3.4,3.58,Hs ≥ P95,3.11
6,1103,Bilbao costera,Costera,2005-01-12 21:00:00,2005-01-12 21:00:00,1,3.29,3.29,Hs ≥ P95,3.11
7,1103,Bilbao costera,Costera,2005-01-12 23:00:00,2005-01-13 00:00:00,2,3.31,3.45,Hs ≥ P95,3.11
8,1103,Bilbao costera,Costera,2005-01-13 03:00:00,2005-01-13 03:00:00,1,3.14,3.14,Hs ≥ P95,3.11
9,1103,Bilbao costera,Costera,2005-02-11 16:00:00,2005-02-11 17:00:00,2,3.3,3.43,Hs ≥ P95,3.11
10,1103,Bilbao costera,Costera,2005-02-11 19:00:00,2005-02-11 20:00:00,2,3.2,3.25,Hs ≥ P95,3.11
11,1103,Bilbao costera,Costera,2005-02-12 23:00:00,2005-02-12 23:00:00,1,3.21,3.21,Hs ≥ P95,3.11
12,1103,Bilbao costera,Costera,2005-02-13 15:00:00,2005-02-15 06:00:00,40,3.94,5.63,Hs ≥ P95,3.11
13,1103,Bilbao costera,Costera,2005-02-15 08:00:00,2005-02-15 08:00:00,1,3.22,3.22,Hs ≥ P95,3.11
14,1103,Bilbao costera,Costera,2005-03-03 23:00:00,2005-03-03 23:00:00,1,3.11,3.11,Hs ≥ P95,3.11
15,1103,Bilbao costera,Costera,2005-04-08 03:00:00,2005-04-08 03:00:00,1,3.24,3.24,Hs ≥ P95,3.11
16,1103,Bilbao costera,Costera,2005-04-08 05:00:00,2005-04-08 06:00:00,2,3.31,3.41,Hs ≥ P95,3.11
17,1103,Bilbao costera,Costera,2005-04-08 09:00:00,2005-04-08 09:00:00,1,3.22,3.22,Hs ≥ P95,3.11
18,1103,Bilbao costera,Costera,2005-04-08 11:00:00,2005-04-09 11:00:00,25,3.63,4.2,Hs ≥ P95,3.11
19,1103,Bilbao costera,Costera,2005-04-09 15:00:00,2005-04-09 15:00:00,1,3.23,3.23,Hs ≥ P95,3.11
20,1103,Bilbao costera,Costera,2005-04-16 08:00:00,2005-04-16 14:00:00,7,3.47,3.77,Hs ≥ P95,3.11
21,1103,Bilbao costera,Costera,2005-09-17 09:00:00,2005-09-17 10:00:00,2,3.2,3.28,Hs ≥ P95,3.11
22,1103,Bilbao costera,Costera,2005-09-28 07:00:00,2005-09-28 07:00:00,1,3.12,3.12,Hs ≥ P95,3.11
23,1103,Bilbao costera,Costera,2005-10-02 00:00:00,2005-10-02 17:00:00,18,3.72,4.33,Hs ≥ P95,3.11
24,1103,Bilbao costera,Costera,2005-11-07 07:00:00,2005-11-07 07:00:00,1,3.37,3.37,Hs ≥ P95,3.11
25,1103,Bilbao costera,Costera,2005-11-07 09:00:00,2005-11-07 09:00:00,1,3.59,3.59,Hs ≥ P95,3.11
26,1103,Bilbao costera,Costera,2005-11-09 01:00:00,2005-11-09 03:00:00,3,3.34,3.45,Hs ≥ P95,3.11
27,1103,Bilbao costera,Costera,2005-11-09 05:00:00,2005-11-09 07:00:00,3,3.27,3.49,Hs ≥ P95,3.11
28,1103,Bilbao costera,Costera,2005-11-09 09:00:00,2005-11-09 09:00:00,1,3.16,3.16,Hs ≥ P95,3.11
29,1103,Bilbao costera,Costera,2005-11-12 14:00:00,2005-11-12 19:00:00,6,3.31,3.47,Hs ≥ P95,3.11
30,1103,Bilbao costera,Costera,2005-11-12 21:00:00,2005-11-13 00:00:00,4,3.4,3.66,Hs ≥ P95,3.11
31,1103,Bilbao costera,Costera,2005-11-13 02:00:00,2005-11-14 03:00:00,26,3.45,3.97,Hs ≥ P95,3.11
32,1103,Bilbao costera,Costera,2005-11-25 09:00:00,2005-11-25 10:00:00,2,3.26,3.33,Hs ≥ P95,3.11
33,1103,Bilbao costera,Costera,2005-11-25 19:00:00,2005-11-25 20:00:00,2,3.21,3.23,Hs ≥ P95,3.11
34,1103,Bilbao costera,Costera,2005-11-25 22:00:00,2005-11-26 00:00:00,3,3.43,3.54,Hs ≥ P95,3.11
35,1103,Bilbao costera,Costera,2005-11-26 04:00:00,2005-11-26 20:00:00,17,3.58,4.09,Hs ≥ P95,3.11
36,1103,Bilbao costera,Costera,2005-12-02 19:00:00,2005-12-03 17:00:00,23,3.66,4.19,Hs ≥ P95,3.11
37,1103,Bilbao costera,Costera,2005-12-03 19:00:00,2005-12-03 19:00:00,1,3.4,3.4,Hs ≥ P95,3.11
38,1103,Bilbao costera,Costera,2005-12-04 01:00:00,2005-12-04 03:00:00,3,3.27,3.34,Hs ≥ P95,3.11
39,1103,Bilbao costera,Costera,2005-12-04 06:00:00,2005-12-04 06:00:00,1,3.41,3.41,Hs ≥ P95,3.11
40,1103,Bilbao costera,Costera,2005-12-04 13:00:00,2005-12-05 00:00:00,12,3.4,3.69,Hs ≥ P95,3.11
41,1103,Bilbao costera,Costera,2005-12-05 02:00:00,2005-12-05 09:00:00,8,3.28,3.51,Hs ≥ P95,3.11
42,1103,Bilbao costera,Costera,2006-02-16 15:00:00,2006-02-18 04:00:00,38,4.13,4.96,Hs ≥ P95,3.11
43,1103,Bilbao costera,Costera,2006-02-18 06:00:00,2006-02-18 15:00:00,10,3.56,3.92,Hs ≥ P95,3.11
44,1103,Bilbao costera,Costera,2006-02-18 17:00:00,2006-02-18 17:00:00,1,3.12,3.12,Hs ≥ P95,3.11
45,1103,Bilbao costera,Costera,2006-02-19 11:00:00,2006-02-19 21:00:00,11,3.66,4.26,Hs ≥ P95,3.11
46,1103,Bilbao costera,Costera,2006-02-19 23:00:00,2006-02-19 23:00:00,1,3.36,3.36,Hs ≥ P95,3.11
47,1103,Bilbao costera,Costera,2006-02-21 02:00:00,2006-02-21 03:00:00,2,3.2,3.29,Hs ≥ P95,3.11
48,1103,Bilbao costera,Costera,2006-02-21 06:00:00,2006-02-21 15:00:00,10,3.64,4.14,Hs ≥ P95,3.11
49,1103,Bilbao costera,Costera,2006-02-21 17:00:00,2006-02-21 17:00:00,1,3.26,3.26,Hs ≥ P95,3.11
50,1103,Bilbao costera,Costera,2006-03-03 19:00:00,2006-03-03 19:00:00,1,3.16,3.16,Hs ≥ P95,3.11
51,1103,Bilbao costera,Costera,2006-03-03 21:00:00,2006-03-03 21:00:00,1,3.23,3.23,Hs ≥ P95,3.11
52,1103,Bilbao costera,Costera,2006-03-05 00:00:00,2006-03-05 08:00:00,9,4.25,5.28,Hs ≥ P95,3.11
53,1103,Bilbao costera,Costera,2006-03-09 00:00:00,2006-03-09 00:00:00,1,3.13,3.13,Hs ≥ P95,3.11
54,1103,Bilbao costera,Costera,2006-03-10 12:00:00,2006-03-11 08:00:00,21,4.17,4.91,Hs ≥ P95,3.11
55,1103,Bilbao costera,Costera,2006-05-19 15:00:00,2006-05-19 15:00:00,1,3.19,3.19,Hs ≥ P95,3.11
56,1103,Bilbao costera,Costera,2006-05-19 18:00:00,2006-05-19 18:00:00,1,3.13,3.13,Hs ≥ P95,3.11
57,1103,Bilbao costera,Costera,2006-05-20 23:00:00,2006-05-20 23:00:00,1,3.2,3.2,Hs ≥ P95,3.11
58,1103,Bilbao costera,Costera,2006-05-21 01:00:00,2006-05-21 01:00:00,1,3.26,3.26,Hs ≥ P95,3.11
59,1103,Bilbao costera,Costera,2006-11-13 01:00:00,2006-11-13 01:00:00,1,3.18,3.18,Hs ≥ P95,3.11
60,1103,Bilbao costera,Costera,2006-11-20 20:00:00,2006-11-20 20:00:00,1,3.33,3.33,Hs ≥ P95,3.11
61,1103,Bilbao costera,Costera,2006-11-21 23:00:00,2006-11-22 00:00:00,2,3.64,3.79,Hs ≥ P95,3.11
62,1103,Bilbao costera,Costera,2006-11-22 02:00:00,2006-11-22 02:00:00,1,3.46,3.46,Hs ≥ P95,3.11
63,1103,Bilbao costera,Costera,2006-11-22 08:00:00,2006-11-22 08:00:00,1,3.18,3.18,Hs ≥ P95,3.11
64,1103,Bilbao costera,Costera,2006-12-04 00:00:00,2006-12-04 00:00:00,1,3.28,3.28,Hs ≥ P95,3.11
65,1103,Bilbao costera,Costera,2006-12-04 05:00:00,2006-12-04 05:00:00,1,3.18,3.18,Hs ≥ P95,3.11
66,1103,Bilbao costera,Costera,2006-12-04 07:00:00,2006-12-04 16:00:00,10,3.76,4.49,Hs ≥ P95,3.11
67,1103,Bilbao costera,Costera,2006-12-04 23:00:00,2006-12-04 23:00:00,1,3.36,3.36,Hs ≥ P95,3.11
68,1103,Bilbao costera,Costera,2006-12-06 08:00:00,2006-12-06 08:00:00,1,3.21,3.21,Hs ≥ P95,3.11
69,1103,Bilbao costera,Costera,2006-12-06 13:00:00,2006-12-06 13:00:00,1,3.54,3.54,Hs ≥ P95,3.11
70,1103,Bilbao costera,Costera,2006-12-06 15:00:00,2006-12-06 16:00:00,2,3.4,3.56,Hs ≥ P95,3.11
71,1103,Bilbao costera,Costera,2007-05-14 14:00:00,2007-05-14 16:00:00,3,3.42,3.59,Hs ≥ P95,3.11
72,1103,Bilbao costera,Costera,2007-05-19 18:00:00,2007-05-19 19:00:00,2,3.26,3.3,Hs ≥ P95,3.11
73,1103,Bilbao costera,Costera,2007-05-19 21:00:00,2007-05-20 10:00:00,14,3.72,5.07,Hs ≥ P95,3.11
74,1103,Bilbao costera,Costera,2007-05-27 19:00:00,2007-05-28 15:00:00,21,4.15,5.1,Hs ≥ P95,3.11
75,1103,Bilbao costera,Costera,2007-08-15 22:00:00,2007-08-15 23:00:00,2,3.22,3.27,Hs ≥ P95,3.11
76,1103,Bilbao costera,Costera,2007-08-19 10:00:00,2007-08-19 12:00:00,3,3.23,3.38,Hs ≥ P95,3.11
77,1103,Bilbao costera,Costera,2007-08-20 21:00:00,2007-08-21 14:00:00,18,3.74,4.28,Hs ≥ P95,3.11
78,1103,Bilbao costera,Costera,2007-08-21 16:00:00,2007-08-21 16:00:00,1,3.11,3.11,Hs ≥ P95,3.11
79,1103,Bilbao costera,Costera,2007-09-25 16:00:00,2007-09-25 18:00:00,3,3.3,3.41,Hs ≥ P95,3.11
80,1103,Bilbao costera,Costera,2007-10-30 06:00:00,2007-10-30 06:00:00,1,3.2,3.2,Hs ≥ P95,3.11
81,1103,Bilbao costera,Costera,2007-12-01 16:00:00,2007-12-04 05:00:00,62,4.3,5.28,Hs ≥ P95,3.11
82,1103,Bilbao costera,Costera,2007-12-04 07:00:00,2007-12-04 07:00:00,1,3.13,3.13,Hs ≥ P95,3.11
83,1103,Bilbao costera,Costera,2007-12-04 09:00:00,2007-12-04 09:00:00,1,3.25,3.25,Hs ≥ P95,3.11
84,1103,Bilbao costera,Costera,2007-12-08 06:00:00,2007-12-08 06:00:00,1,3.29,3.29,Hs ≥ P95,3.11
85,1103,Bilbao costera,Costera,2007-12-08 09:00:00,2007-12-08 09:00:00,1,3.12,3.12,Hs ≥ P95,3.11
86,1103,Bilbao costera,Costera,2007-12-08 21:00:00,2007-12-09 00:00:00,4,3.32,3.33,Hs ≥ P95,3.11
87,1103,Bilbao costera,Costera,2007-12-09 03:00:00,2007-12-11 05:00:00,51,5.36,8.37,Hs ≥ P95,3.11
88,1103,Bilbao costera,Costera,2007-12-30 01:00:00,2007-12-30 01:00:00,1,3.14,3.14,Hs ≥ P95,3.11
89,1103,Bilbao costera,Costera,2007-12-30 03:00:00,2007-12-30 04:00:00,2,3.24,3.26,Hs ≥ P95,3.11
90,1103,Bilbao costera,Costera,2007-12-30 07:00:00,2007-12-30 07:00:00,1,3.32,3.32,Hs ≥ P95,3.11
91,1103,Bilbao costera,Costera,2007-12-30 09:00:00,2007-12-30 09:00:00,1,3.22,3.22,Hs ≥ P95,3.11
92,1103,Bilbao costera,Costera,2007-12-30 12:00:00,2007-12-30 13:00:00,2,3.24,3.3,Hs ≥ P95,3.11
93,1103,Bilbao costera,Costera,2007-12-30 16:00:00,2007-12-30 16:00:00,1,3.18,3.18,Hs ≥ P95,3.11
94,1103,Bilbao costera,Costera,2007-12-30 20:00:00,2007-12-30 20:00:00,1,3.39,3.39,Hs ≥ P95,3.11
95,1103,Bilbao costera,Costera,2008-01-05 20:00:00,2008-01-06 08:00:00,13,3.42,4.04,Hs ≥ P95,3.11
96,1103,Bilbao costera,Costera,2008-01-06 12:00:00,2008-01-06 12:00:00,1,3.32,3.32,Hs ≥ P95,3.11
97,1103,Bilbao costera,Costera,2008-01-06 14:00:00,2008-01-06 17:00:00,4,3.35,3.55,Hs ≥ P95,3.11
98,1103,Bilbao costera,Costera,2008-01-10 00:00:00,2008-01-10 00:00:00,1,3.27,3.27,Hs ≥ P95,3.11
99,1103,Bilbao costera,Costera,2008-01-11 14:00:00,2008-01-11 14:00:00,1,3.58,3.58,Hs ≥ P95,3.11
100,1103,Bilbao costera,Costera,2008-01-11 16:00:00,2008-01-11 17:00:00,2,3.15,3.17,Hs ≥ P95,3.11
101,1103,Bilbao costera,Costera,2008-01-11 20:00:00,2008-01-11 21:00:00,2,3.28,3.33,Hs ≥ P95,3.11
102,1103,Bilbao costera,Costera,2008-01-12 02:00:00,2008-01-12 03:00:00,2,3.28,3.35,Hs ≥ P95,3.11
103,1103,Bilbao costera,Costera,2008-01-12 05:00:00,2008-01-12 08:00:00,4,3.42,3.59,Hs ≥ P95,3.11
104,1103,Bilbao costera,Costera,2008-01-12 10:00:00,2008-01-12 10:00:00,1,3.11,3.11,Hs ≥ P95,3.11
105,1103,Bilbao costera,Costera,2008-01-15 21:00:00,2008-01-15 23:00:00,3,3.45,3.66,Hs ≥ P95,3.11
106,1103,Bilbao costera,Costera,2008-01-16 07:00:00,2008-01-16 16:00:00,10,3.66,4.53,Hs ≥ P95,3.11
107,1103,Bilbao costera,Costera,2008-01-16 19:00:00,2008-01-16 19:00:00,1,3.21,3.21,Hs ≥ P95,3.11
108,1103,Bilbao costera,Costera,2008-01-17 22:00:00,2008-01-18 01:00:00,4,3.33,3.42,Hs ≥ P95,3.11
109,1103,Bilbao costera,Costera,2008-02-01 04:00:00,2008-02-01 22:00:00,19,3.48,4.19,Hs ≥ P95,3.11
110,1103,Bilbao costera,Costera,2008-02-02 10:00:00,2008-02-02 10:00:00,1,3.2,3.2,Hs ≥ P95,3.11
111,1103,Bilbao costera,Costera,2008-02-02 12:00:00,2008-02-02 14:00:00,3,3.34,3.51,Hs ≥ P95,3.11
112,1103,Bilbao costera,Costera,2008-02-04 08:00:00,2008-02-04 08:00:00,1,3.11,3.11,Hs ≥ P95,3.11
113,1103,Bilbao costera,Costera,2008-03-03 23:00:00,2008-03-05 17:00:00,43,4.53,6.81,Hs ≥ P95,3.11
114,1103,Bilbao costera,Costera,2008-03-05 19:00:00,2008-03-05 19:00:00,1,3.15,3.15,Hs ≥ P95,3.11
115,1103,Bilbao costera,Costera,2008-03-08 16:00:00,2008-03-08 16:00:00,1,3.27,3.27,Hs ≥ P95,3.11
116,1103,Bilbao costera,Costera,2008-03-08 23:00:00,2008-03-08 23:00:00,1,3.22,3.22,Hs ≥ P95,3.11
117,1103,Bilbao costera,Costera,2008-03-09 02:00:00,2008-03-09 02:00:00,1,3.12,3.12,Hs ≥ P95,3.11
118,1103,Bilbao costera,Costera,2008-03-09 09:00:00,2008-03-09 09:00:00,1,3.18,3.18,Hs ≥ P95,3.11
119,1103,Bilbao costera,Costera,2008-03-09 11:00:00,2008-03-09 23:00:00,13,3.51,3.69,Hs ≥ P95,3.11
120,1103,Bilbao costera,Costera,2008-03-10 11:00:00,2008-03-12 11:00:00,49,4.81,8.19,Hs ≥ P95,3.11
121,1103,Bilbao costera,Costera,2008-03-12 13:00:00,2008-03-13 10:00:00,22,3.69,4.35,Hs ≥ P95,3.11
122,1103,Bilbao costera,Costera,2008-03-21 15:00:00,2008-03-22 09:00:00,19,3.71,4.43,Hs ≥ P95,3.11
123,1103,Bilbao costera,Costera,2008-03-22 11:00:00,2008-03-22 23:00:00,13,3.33,3.82,Hs ≥ P95,3.11
124,1103,Bilbao costera,Costera,2008-03-23 01:00:00,2008-03-23 13:00:00,13,3.68,4.08,Hs ≥ P95,3.11
125,1103,Bilbao costera,Costera,2008-03-23 22:00:00,2008-03-24 19:00:00,22,3.57,4.33,Hs ≥ P95,3.11
126,1103,Bilbao costera,Costera,2008-03-27 16:00:00,2008-03-27 16:00:00,1,3.14,3.14,Hs ≥ P95,3.11
127,1103,Bilbao costera,Costera,2008-03-30 07:00:00,2008-03-30 07:00:00,1,3.33,3.33,Hs ≥ P95,3.11
128,1103,Bilbao costera,Costera,2008-03-30 09:00:00,2008-03-30 11:00:00,3,3.2,3.29,Hs ≥ P95,3.11
129,1103,Bilbao costera,Costera,2008-03-30 13:00:00,2008-03-30 15:00:00,3,3.29,3.37,Hs ≥ P95,3.11
130,1103,Bilbao costera,Costera,2008-03-30 18:00:00,2008-03-30 18:00:00,1,3.23,3.23,Hs ≥ P95,3.11
131,1103,Bilbao costera,Costera,2008-03-31 10:00:00,2008-03-31 10:00:00,1,3.12,3.12,Hs ≥ P95,3.11
132,1103,Bilbao costera,Costera,2008-03-31 12:00:00,2008-03-31 15:00:00,4,3.35,3.78,Hs ≥ P95,3.11
133,1103,Bilbao costera,Costera,2008-04-12 06:00:00,2008-04-12 06:00:00,1,3.24,3.24,Hs ≥ P95,3.11
134,1103,Bilbao costera,Costera,2008-04-30 02:00:00,2008-04-30 02:00:00,1,3.18,3.18,Hs ≥ P95,3.11
135,1103,Bilbao costera,Costera,2008-04-30 06:00:00,2008-04-30 06:00:00,1,3.12,3.12,Hs ≥ P95,3.11
136,1103,Bilbao costera,Costera,2008-08-19 00:00:00,2008-08-19 08:00:00,9,3.39,3.82,Hs ≥ P95,3.11
137,1103,Bilbao costera,Costera,2008-09-12 01:00:00,2008-09-12 01:00:00,1,3.22,3.22,Hs ≥ P95,3.11
138,1103,Bilbao costera,Costera,2008-09-12 03:00:00,2008-09-12 06:00:00,4,3.44,3.58,Hs ≥ P95,3.11
139,1103,Bilbao costera,Costera,2008-10-29 11:00:00,2008-10-29 15:00:00,5,3.28,3.46,Hs ≥ P95,3.11
140,1103,Bilbao costera,Costera,2008-10-30 05:00:00,2008-10-30 06:00:00,2,3.36,3.54,Hs ≥ P95,3.11
141,1103,Bilbao costera,Costera,2008-10-30 08:00:00,2008-10-30 10:00:00,3,3.37,3.71,Hs ≥ P95,3.11
142,1103,Bilbao costera,Costera,2008-10-30 17:00:00,2008-10-31 02:00:00,10,3.59,4.18,Hs ≥ P95,3.11
143,1103,Bilbao costera,Costera,2008-11-11 06:00:00,2008-11-11 08:00:00,3,3.28,3.36,Hs ≥ P95,3.11
144,1103,Bilbao costera,Costera,2008-11-12 02:00:00,2008-11-12 02:00:00,1,3.15,3.15,Hs ≥ P95,3.11
145,1103,Bilbao costera,Costera,2008-11-12 04:00:00,2008-11-12 04:00:00,1,3.11,3.11,Hs ≥ P95,3.11
146,1103,Bilbao costera,Costera,2008-11-12 06:00:00,2008-11-12 07:00:00,2,3.32,3.37,Hs ≥ P95,3.11
147,1103,Bilbao costera,Costera,2008-11-23 21:00:00,2008-11-25 18:00:00,46,4.25,5.03,Hs ≥ P95,3.11
148,1103,Bilbao costera,Costera,2008-11-25 20:00:00,2008-11-26 00:00:00,5,3.35,3.52,Hs ≥ P95,3.11
149,1103,Bilbao costera,Costera,2008-11-29 21:00:00,2008-11-30 09:00:00,13,4.18,4.78,Hs ≥ P95,3.11
150,1103,Bilbao costera,Costera,2008-11-30 15:00:00,2008-11-30 19:00:00,5,3.39,3.86,Hs ≥ P95,3.11
151,1103,Bilbao costera,Costera,2008-11-30 21:00:00,2008-12-01 01:00:00,5,3.28,3.43,Hs ≥ P95,3.11
152,1103,Bilbao costera,Costera,2008-12-01 04:00:00,2008-12-01 04:00:00,1,3.25,3.25,Hs ≥ P95,3.11
153,1103,Bilbao costera,Costera,2008-12-03 10:00:00,2008-12-03 10:00:00,1,3.36,3.36,Hs ≥ P95,3.11
154,1103,Bilbao costera,Costera,2008-12-03 15:00:00,2008-12-04 06:00:00,16,3.53,3.95,Hs ≥ P95,3.11
155,1103,Bilbao costera,Costera,2008-12-04 08:00:00,2008-12-04 08:00:00,1,3.38,3.38,Hs ≥ P95,3.11
156,1103,Bilbao costera,Costera,2008-12-04 19:00:00,2008-12-04 23:00:00,5,3.33,3.48,Hs ≥ P95,3.11
157,1103,Bilbao costera,Costera,2008-12-05 02:00:00,2008-12-06 12:00:00,35,4.39,5.93,Hs ≥ P95,3.11
158,1103,Bilbao costera,Costera,2008-12-09 19:00:00,2008-12-10 07:00:00,13,3.33,3.5,Hs ≥ P95,3.11
159,1103,Bilbao costera,Costera,2008-12-10 09:00:00,2008-12-10 10:00:00,2,3.28,3.29,Hs ≥ P95,3.11
160,1103,Bilbao costera,Costera,2008-12-10 12:00:00,2008-12-10 12:00:00,1,3.35,3.35,Hs ≥ P95,3.11
161,1103,Bilbao costera,Costera,2008-12-13 19:00:00,2008-12-14 01:00:00,7,3.27,3.44,Hs ≥ P95,3.11
162,1103,Bilbao costera,Costera,2008-12-14 03:00:00,2008-12-14 06:00:00,4,3.54,3.91,Hs ≥ P95,3.11
163,1103,Bilbao costera,Costera,2008-12-14 13:00:00,2008-12-14 15:00:00,3,3.55,3.85,Hs ≥ P95,3.11
164,1103,Bilbao costera,Costera,2008-12-14 17:00:00,2008-12-15 08:00:00,16,3.63,4.09,Hs ≥ P95,3.11
165,1103,Bilbao costera,Costera,2008-12-15 10:00:00,2008-12-15 10:00:00,1,3.24,3.24,Hs ≥ P95,3.11
166,1103,Bilbao costera,Costera,2008-12-15 12:00:00,2008-12-15 12:00:00,1,3.32,3.32,Hs ≥ P95,3.11
167,1103,Bilbao costera,Costera,2008-12-15 14:00:00,2008-12-15 18:00:00,5,3.41,3.63,Hs ≥ P95,3.11
168,1103,Bilbao costera,Costera,2008-12-15 20:00:00,2008-12-15 22:00:00,3,3.19,3.26,Hs ≥ P95,3.11
169,1103,Bilbao costera,Costera,2008-12-18 08:00:00,2008-12-18 10:00:00,3,3.41,3.6,Hs ≥ P95,3.11
170,1103,Bilbao costera,Costera,2008-12-18 13:00:00,2008-12-18 13:00:00,1,3.11,3.11,Hs ≥ P95,3.11
171,1103,Bilbao costera,Costera,2008-12-18 17:00:00,2008-12-18 17:00:00,1,3.28,3.28,Hs ≥ P95,3.11
172,1103,Bilbao costera,Costera,2009-01-16 10:00:00,2009-01-16 10:00:00,1,3.3,3.3,Hs ≥ P95,3.11
173,1103,Bilbao costera,Costera,2009-01-16 14:00:00,2009-01-16 14:00:00,1,3.11,3.11,Hs ≥ P95,3.11
174,1103,Bilbao costera,Costera,2009-01-16 19:00:00,2009-01-16 19:00:00,1,3.15,3.15,Hs ≥ P95,3.11
175,1103,Bilbao costera,Costera,2009-01-18 01:00:00,2009-01-20 06:00:00,54,4.32,5.05,Hs ≥ P95,3.11
176,1103,Bilbao costera,Costera,2009-01-20 08:00:00,2009-01-22 04:00:00,45,4.01,5.19,Hs ≥ P95,3.11
177,1103,Bilbao costera,Costera,2009-01-22 11:00:00,2009-01-22 12:00:00,2,3.24,3.38,Hs ≥ P95,3.11
178,1103,Bilbao costera,Costera,2009-01-23 03:00:00,2009-01-24 00:00:00,22,3.79,4.86,Hs ≥ P95,3.11
179,1103,Bilbao costera,Costera,2009-01-24 03:00:00,2009-01-24 20:00:00,18,5.0,7.0,Hs ≥ P95,3.11
180,1103,Bilbao costera,Costera,2009-01-24 22:00:00,2009-01-24 22:00:00,1,3.3,3.3,Hs ≥ P95,3.11
181,1103,Bilbao costera,Costera,2009-01-25 00:00:00,2009-01-25 00:00:00,1,3.38,3.38,Hs ≥ P95,3.11
182,1103,Bilbao costera,Costera,2009-01-25 16:00:00,2009-01-25 22:00:00,7,3.57,3.9,Hs ≥ P95,3.11
183,1103,Bilbao costera,Costera,2009-01-26 03:00:00,2009-01-27 09:00:00,31,3.98,4.76,Hs ≥ P95,3.11
184,1103,Bilbao costera,Costera,2009-02-06 11:00:00,2009-02-07 11:00:00,25,3.6,4.35,Hs ≥ P95,3.11
185,1103,Bilbao costera,Costera,2009-02-07 13:00:00,2009-02-07 14:00:00,2,3.13,3.13,Hs ≥ P95,3.11
186,1103,Bilbao costera,Costera,2009-02-07 17:00:00,2009-02-07 17:00:00,1,3.25,3.25,Hs ≥ P95,3.11
187,1103,Bilbao costera,Costera,2009-02-10 00:00:00,2009-02-10 09:00:00,10,3.54,3.91,Hs ≥ P95,3.11
188,1103,Bilbao costera,Costera,2009-02-10 14:00:00,2009-02-10 18:00:00,5,3.35,3.55,Hs ≥ P95,3.11
189,1103,Bilbao costera,Costera,2009-02-11 14:00:00,2009-02-11 14:00:00,1,3.18,3.18,Hs ≥ P95,3.11
190,1103,Bilbao costera,Costera,2009-02-11 16:00:00,2009-02-11 18:00:00,3,3.23,3.27,Hs ≥ P95,3.11
191,1103,Bilbao costera,Costera,2009-03-04 08:00:00,2009-03-06 11:00:00,52,4.76,6.33,Hs ≥ P95,3.11
192,1103,Bilbao costera,Costera,2009-03-06 14:00:00,2009-03-06 14:00:00,1,3.18,3.18,Hs ≥ P95,3.11
193,1103,Bilbao costera,Costera,2009-03-09 12:00:00,2009-03-09 12:00:00,1,3.31,3.31,Hs ≥ P95,3.11
194,1103,Bilbao costera,Costera,2009-03-09 14:00:00,2009-03-09 15:00:00,2,3.25,3.38,Hs ≥ P95,3.11
195,1103,Bilbao costera,Costera,2009-03-09 17:00:00,2009-03-09 17:00:00,1,3.23,3.23,Hs ≥ P95,3.11
196,1103,Bilbao costera,Costera,2009-03-28 10:00:00,2009-03-28 10:00:00,1,3.18,3.18,Hs ≥ P95,3.11
197,1103,Bilbao costera,Costera,2009-03-28 19:00:00,2009-03-28 19:00:00,1,3.15,3.15,Hs ≥ P95,3.11
198,1103,Bilbao costera,Costera,2009-03-29 03:00:00,2009-03-29 03:00:00,1,3.3,3.3,Hs ≥ P95,3.11
199,1103,Bilbao costera,Costera,2009-04-28 14:00:00,2009-04-28 23:00:00,10,3.45,3.68,Hs ≥ P95,3.11
200,1103,Bilbao costera,Costera,2009-04-29 04:00:00,2009-04-29 06:00:00,3,3.2,3.21,Hs ≥ P95,3.11
201,1103,Bilbao costera,Costera,2009-10-21 07:00:00,2009-10-21 09:00:00,3,3.38,3.66,Hs ≥ P95,3.11
202,1103,Bilbao costera,Costera,2009-10-21 11:00:00,2009-10-21 11:00:00,1,3.21,3.21,Hs ≥ P95,3.11
203,1103,Bilbao costera,Costera,2009-10-21 19:00:00,2009-10-21 19:00:00,1,3.55,3.55,Hs ≥ P95,3.11
204,1103,Bilbao costera,Costera,2009-10-22 15:00:00,2009-10-22 17:00:00,3,3.24,3.43,Hs ≥ P95,3.11
205,1103,Bilbao costera,Costera,2009-11-02 21:00:00,2009-11-06 11:00:00,87,3.97,5.11,Hs ≥ P95,3.11
206,1103,Bilbao costera,Costera,2009-11-06 13:00:00,2009-11-06 13:00:00,1,3.25,3.25,Hs ≥ P95,3.11
207,1103,Bilbao costera,Costera,2009-11-06 15:00:00,2009-11-06 15:00:00,1,3.41,3.41,Hs ≥ P95,3.11
208,1103,Bilbao costera,Costera,2009-11-06 17:00:00,2009-11-06 21:00:00,5,3.27,3.43,Hs ≥ P95,3.11
209,1103,Bilbao costera,Costera,2009-11-06 23:00:00,2009-11-06 23:00:00,1,3.16,3.16,Hs ≥ P95,3.11
210,1103,Bilbao costera,Costera,2009-11-07 01:00:00,2009-11-07 01:00:00,1,3.22,3.22,Hs ≥ P95,3.11
211,1103,Bilbao costera,Costera,2009-11-07 05:00:00,2009-11-09 14:00:00,58,4.9,6.59,Hs ≥ P95,3.11
212,1103,Bilbao costera,Costera,2009-11-10 16:00:00,2009-11-10 17:00:00,2,3.29,3.42,Hs ≥ P95,3.11
213,1103,Bilbao costera,Costera,2009-11-10 19:00:00,2009-11-10 21:00:00,3,3.58,3.74,Hs ≥ P95,3.11
214,1103,Bilbao costera,Costera,2009-11-23 03:00:00,2009-11-24 07:00:00,29,3.67,4.43,Hs ≥ P95,3.11
215,1103,Bilbao costera,Costera,2009-11-26 19:00:00,2009-11-26 19:00:00,1,3.21,3.21,Hs ≥ P95,3.11
216,1103,Bilbao costera,Costera,2009-11-29 02:00:00,2009-11-29 07:00:00,6,3.28,3.33,Hs ≥ P95,3.11
217,1103,Bilbao costera,Costera,2009-11-29 13:00:00,2009-11-29 16:00:00,4,3.22,3.32,Hs ≥ P95,3.11
218,1103,Bilbao costera,Costera,2009-11-29 19:00:00,2009-11-29 19:00:00,1,3.22,3.22,Hs ≥ P95,3.11
219,1103,Bilbao costera,Costera,2009-11-30 10:00:00,2009-12-01 05:00:00,20,3.97,4.61,Hs ≥ P95,3.11
220,1103,Bilbao costera,Costera,2009-12-03 04:00:00,2009-12-03 22:00:00,19,3.59,4.2,Hs ≥ P95,3.11
221,1103,Bilbao costera,Costera,2009-12-04 00:00:00,2009-12-04 06:00:00,7,3.34,3.58,Hs ≥ P95,3.11
222,1103,Bilbao costera,Costera,2009-12-04 09:00:00,2009-12-04 09:00:00,1,3.12,3.12,Hs ≥ P95,3.11
223,1103,Bilbao costera,Costera,2009-12-07 23:00:00,2009-12-08 00:00:00,2,3.37,3.44,Hs ≥ P95,3.11
224,1103,Bilbao costera,Costera,2010-01-29 15:00:00,2010-01-30 09:00:00,19,3.57,4.06,Hs ≥ P95,3.11
225,1103,Bilbao costera,Costera,2010-01-30 11:00:00,2010-01-30 15:00:00,5,3.33,3.42,Hs ≥ P95,3.11
226,1103,Bilbao costera,Costera,2010-02-06 08:00:00,2010-02-06 09:00:00,2,3.36,3.39,Hs ≥ P95,3.11
227,1103,Bilbao costera,Costera,2010-02-06 11:00:00,2010-02-06 11:00:00,1,3.15,3.15,Hs ≥ P95,3.11
228,1103,Bilbao costera,Costera,2010-02-11 13:00:00,2010-02-11 22:00:00,10,3.38,3.76,Hs ≥ P95,3.11
229,1103,Bilbao costera,Costera,2010-02-28 02:00:00,2010-02-28 03:00:00,2,3.52,3.57,Hs ≥ P95,3.11
230,1103,Bilbao costera,Costera,2010-02-28 07:00:00,2010-02-28 07:00:00,1,3.13,3.13,Hs ≥ P95,3.11
231,1103,Bilbao costera,Costera,2010-03-27 06:00:00,2010-03-27 09:00:00,4,3.3,3.35,Hs ≥ P95,3.11
232,1103,Bilbao costera,Costera,2010-03-30 08:00:00,2010-03-30 10:00:00,3,3.58,3.81,Hs ≥ P95,3.11
233,1103,Bilbao costera,Costera,2010-03-31 02:00:00,2010-03-31 03:00:00,2,3.4,3.63,Hs ≥ P95,3.11
234,1103,Bilbao costera,Costera,2010-03-31 06:00:00,2010-03-31 06:00:00,1,3.13,3.13,Hs ≥ P95,3.11
235,1103,Bilbao costera,Costera,2010-03-31 19:00:00,2010-03-31 19:00:00,1,3.4,3.4,Hs ≥ P95,3.11
236,1103,Bilbao costera,Costera,2010-04-03 08:00:00,2010-04-03 08:00:00,1,3.22,3.22,Hs ≥ P95,3.11
237,1103,Bilbao costera,Costera,2010-04-03 13:00:00,2010-04-03 13:00:00,1,3.16,3.16,Hs ≥ P95,3.11
238,1103,Bilbao costera,Costera,2010-04-03 15:00:00,2010-04-03 22:00:00,8,3.66,3.97,Hs ≥ P95,3.11
239,1103,Bilbao costera,Costera,2010-04-04 00:00:00,2010-04-04 02:00:00,3,3.13,3.15,Hs ≥ P95,3.11
240,1103,Bilbao costera,Costera,2010-04-04 06:00:00,2010-04-04 06:00:00,1,3.17,3.17,Hs ≥ P95,3.11
241,1103,Bilbao costera,Costera,2010-05-04 03:00:00,2010-05-04 03:00:00,1,3.3,3.3,Hs ≥ P95,3.11
242,1103,Bilbao costera,Costera,2010-05-04 05:00:00,2010-05-04 22:00:00,18,3.42,3.81,Hs ≥ P95,3.11
243,1103,Bilbao costera,Costera,2010-05-05 00:00:00,2010-05-05 00:00:00,1,3.12,3.12,Hs ≥ P95,3.11
244,1103,Bilbao costera,Costera,2010-10-04 03:00:00,2010-10-04 05:00:00,3,3.25,3.36,Hs ≥ P95,3.11
245,1103,Bilbao costera,Costera,2010-10-04 07:00:00,2010-10-04 17:00:00,11,3.73,4.94,Hs ≥ P95,3.11
246,1103,Bilbao costera,Costera,2010-10-04 19:00:00,2010-10-04 20:00:00,2,3.14,3.16,Hs ≥ P95,3.11
247,1103,Bilbao costera,Costera,2010-10-06 00:00:00,2010-10-06 06:00:00,7,3.38,3.56,Hs ≥ P95,3.11
248,1103,Bilbao costera,Costera,2010-10-06 13:00:00,2010-10-06 13:00:00,1,3.16,3.16,Hs ≥ P95,3.11
249,1103,Bilbao costera,Costera,2010-10-06 23:00:00,2010-10-06 23:00:00,1,3.14,3.14,Hs ≥ P95,3.11
250,1103,Bilbao costera,Costera,2010-11-03 15:00:00,2010-11-03 15:00:00,1,3.2,3.2,Hs ≥ P95,3.11
251,1103,Bilbao costera,Costera,2010-11-08 12:00:00,2010-11-10 20:00:00,57,4.53,6.39,Hs ≥ P95,3.11
252,1103,Bilbao costera,Costera,2010-11-12 09:00:00,2010-11-12 09:00:00,1,3.16,3.16,Hs ≥ P95,3.11
253,1103,Bilbao costera,Costera,2010-11-12 11:00:00,2010-11-13 02:00:00,16,3.59,4.29,Hs ≥ P95,3.11
254,1103,Bilbao costera,Costera,2010-11-13 06:00:00,2010-11-13 06:00:00,1,3.15,3.15,Hs ≥ P95,3.11
255,1103,Bilbao costera,Costera,2010-11-15 12:00:00,2010-11-15 17:00:00,6,3.54,3.74,Hs ≥ P95,3.11
256,1103,Bilbao costera,Costera,2010-11-18 04:00:00,2010-11-18 15:00:00,12,3.54,3.92,Hs ≥ P95,3.11
257,1103,Bilbao costera,Costera,2010-11-18 17:00:00,2010-11-19 02:00:00,10,3.87,4.42,Hs ≥ P95,3.11
258,1103,Bilbao costera,Costera,2010-12-17 09:00:00,2010-12-17 11:00:00,3,3.29,3.35,Hs ≥ P95,3.11
259,1103,Bilbao costera,Costera,2010-12-17 13:00:00,2010-12-17 13:00:00,1,3.14,3.14,Hs ≥ P95,3.11
260,1103,Bilbao costera,Costera,2010-12-23 04:00:00,2010-12-23 04:00:00,1,3.13,3.13,Hs ≥ P95,3.11
261,1103,Bilbao costera,Costera,2010-12-23 07:00:00,2010-12-23 07:00:00,1,3.11,3.11,Hs ≥ P95,3.11
262,1103,Bilbao costera,Costera,2010-12-23 17:00:00,2010-12-24 08:00:00,16,3.35,3.65,Hs ≥ P95,3.11
263,1103,Bilbao costera,Costera,2011-02-14 03:00:00,2011-02-14 03:00:00,1,3.11,3.11,Hs ≥ P95,3.11
264,1103,Bilbao costera,Costera,2011-02-14 07:00:00,2011-02-14 07:00:00,1,3.13,3.13,Hs ≥ P95,3.11
265,1103,Bilbao costera,Costera,2011-02-14 09:00:00,2011-02-14 13:00:00,5,3.21,3.47,Hs ≥ P95,3.11
266,1103,Bilbao costera,Costera,2011-02-14 15:00:00,2011-02-14 16:00:00,2,3.26,3.28,Hs ≥ P95,3.11
267,1103,Bilbao costera,Costera,2011-02-15 21:00:00,2011-02-15 21:00:00,1,3.18,3.18,Hs ≥ P95,3.11
268,1103,Bilbao costera,Costera,2011-02-16 03:00:00,2011-02-16 03:00:00,1,3.26,3.26,Hs ≥ P95,3.11
269,1103,Bilbao costera,Costera,2011-02-21 18:00:00,2011-02-21 18:00:00,1,3.48,3.48,Hs ≥ P95,3.11
270,1103,Bilbao costera,Costera,2011-02-21 20:00:00,2011-02-22 01:00:00,6,3.48,3.97,Hs ≥ P95,3.11
271,1103,Bilbao costera,Costera,2011-02-22 04:00:00,2011-02-22 04:00:00,1,3.16,3.16,Hs ≥ P95,3.11
272,1103,Bilbao costera,Costera,2011-02-22 11:00:00,2011-02-22 11:00:00,1,3.12,3.12,Hs ≥ P95,3.11
273,1103,Bilbao costera,Costera,2011-02-28 02:00:00,2011-02-28 14:00:00,13,3.46,3.71,Hs ≥ P95,3.11
274,1103,Bilbao costera,Costera,2011-05-27 00:00:00,2011-05-27 00:00:00,1,3.38,3.38,Hs ≥ P95,3.11
275,1103,Bilbao costera,Costera,2011-05-27 02:00:00,2011-05-27 06:00:00,5,3.44,3.57,Hs ≥ P95,3.11
276,1103,Bilbao costera,Costera,2011-05-27 08:00:00,2011-05-27 10:00:00,3,3.31,3.38,Hs ≥ P95,3.11
277,1103,Bilbao costera,Costera,2011-06-17 22:00:00,2011-06-17 22:00:00,1,3.22,3.22,Hs ≥ P95,3.11
278,1103,Bilbao costera,Costera,2011-08-26 16:00:00,2011-08-26 22:00:00,7,3.36,3.62,Hs ≥ P95,3.11
279,1103,Bilbao costera,Costera,2011-09-18 12:00:00,2011-09-18 12:00:00,1,3.17,3.17,Hs ≥ P95,3.11
280,1103,Bilbao costera,Costera,2011-10-07 22:00:00,2011-10-07 23:00:00,2,3.31,3.4,Hs ≥ P95,3.11
281,1103,Bilbao costera,Costera,2011-10-08 01:00:00,2011-10-08 01:00:00,1,3.11,3.11,Hs ≥ P95,3.11
282,1103,Bilbao costera,Costera,2011-10-28 02:00:00,2011-10-28 08:00:00,7,3.31,3.46,Hs ≥ P95,3.11
283,1103,Bilbao costera,Costera,2011-11-05 17:00:00,2011-11-06 19:00:00,27,3.6,4.01,Hs ≥ P95,3.11
284,1103,Bilbao costera,Costera,2011-12-04 01:00:00,2011-12-04 03:00:00,3,3.34,3.51,Hs ≥ P95,3.11
285,1103,Bilbao costera,Costera,2011-12-04 05:00:00,2011-12-04 08:00:00,4,3.38,3.46,Hs ≥ P95,3.11
286,1103,Bilbao costera,Costera,2011-12-04 19:00:00,2011-12-04 20:00:00,2,3.14,3.16,Hs ≥ P95,3.11
287,1103,Bilbao costera,Costera,2011-12-05 04:00:00,2011-12-05 04:00:00,1,3.44,3.44,Hs ≥ P95,3.11
288,1103,Bilbao costera,Costera,2011-12-06 12:00:00,2011-12-06 18:00:00,7,3.29,3.52,Hs ≥ P95,3.11
289,1103,Bilbao costera,Costera,2011-12-06 21:00:00,2011-12-07 00:00:00,4,3.39,3.46,Hs ≥ P95,3.11
290,1103,Bilbao costera,Costera,2011-12-09 18:00:00,2011-12-09 18:00:00,1,3.11,3.11,Hs ≥ P95,3.11
291,1103,Bilbao costera,Costera,2011-12-09 20:00:00,2011-12-09 20:00:00,1,3.45,3.45,Hs ≥ P95,3.11
292,1103,Bilbao costera,Costera,2011-12-09 23:00:00,2011-12-09 23:00:00,1,3.16,3.16,Hs ≥ P95,3.11
293,1103,Bilbao costera,Costera,2011-12-12 07:00:00,2011-12-12 07:00:00,1,3.23,3.23,Hs ≥ P95,3.11
294,1103,Bilbao costera,Costera,2011-12-12 09:00:00,2011-12-13 21:00:00,37,3.9,5.01,Hs ≥ P95,3.11
295,1103,Bilbao costera,Costera,2011-12-14 01:00:00,2011-12-18 03:00:00,99,4.41,5.68,Hs ≥ P95,3.11
296,1103,Bilbao costera,Costera,2011-12-29 12:00:00,2011-12-29 12:00:00,1,3.24,3.24,Hs ≥ P95,3.11
297,1103,Bilbao costera,Costera,2011-12-29 14:00:00,2011-12-29 20:00:00,7,3.51,3.86,Hs ≥ P95,3.11
298,1103,Bilbao costera,Costera,2012-01-02 14:00:00,2012-01-02 19:00:00,6,3.3,3.42,Hs ≥ P95,3.11
299,1103,Bilbao costera,Costera,2012-01-02 22:00:00,2012-01-02 22:00:00,1,3.13,3.13,Hs ≥ P95,3.11
300,1103,Bilbao costera,Costera,2012-01-03 03:00:00,2012-01-04 14:00:00,36,3.72,4.17,Hs ≥ P95,3.11
301,1103,Bilbao costera,Costera,2012-01-04 16:00:00,2012-01-04 16:00:00,1,3.32,3.32,Hs ≥ P95,3.11
302,1103,Bilbao costera,Costera,2012-01-04 19:00:00,2012-01-05 02:00:00,8,3.41,3.58,Hs ≥ P95,3.11
303,1103,Bilbao costera,Costera,2012-01-05 04:00:00,2012-01-06 09:00:00,30,3.94,4.67,Hs ≥ P95,3.11
304,1103,Bilbao costera,Costera,2012-01-06 11:00:00,2012-01-06 12:00:00,2,3.17,3.19,Hs ≥ P95,3.11
305,1103,Bilbao costera,Costera,2012-01-27 02:00:00,2012-01-27 05:00:00,4,3.44,3.69,Hs ≥ P95,3.11
306,1103,Bilbao costera,Costera,2012-01-27 07:00:00,2012-01-27 09:00:00,3,3.13,3.16,Hs ≥ P95,3.11
307,1103,Bilbao costera,Costera,2012-01-27 12:00:00,2012-01-27 12:00:00,1,3.11,3.11,Hs ≥ P95,3.11
308,1103,Bilbao costera,Costera,2012-01-27 17:00:00,2012-01-27 17:00:00,1,3.16,3.16,Hs ≥ P95,3.11
309,1103,Bilbao costera,Costera,2012-02-02 19:00:00,2012-02-02 19:00:00,1,3.14,3.14,Hs ≥ P95,3.11
310,1103,Bilbao costera,Costera,2012-02-05 10:00:00,2012-02-06 00:00:00,15,3.67,4.34,Hs ≥ P95,3.11
311,1103,Bilbao costera,Costera,2012-02-06 02:00:00,2012-02-06 02:00:00,1,3.13,3.13,Hs ≥ P95,3.11
312,1103,Bilbao costera,Costera,2012-03-08 16:00:00,2012-03-09 10:00:00,19,3.92,4.58,Hs ≥ P95,3.11
313,1103,Bilbao costera,Costera,2012-03-09 12:00:00,2012-03-09 12:00:00,1,3.22,3.22,Hs ≥ P95,3.11
314,1103,Bilbao costera,Costera,2012-04-11 04:00:00,2012-04-11 06:00:00,3,3.33,3.64,Hs ≥ P95,3.11
315,1103,Bilbao costera,Costera,2012-04-15 20:00:00,2012-04-15 21:00:00,2,3.28,3.38,Hs ≥ P95,3.11
316,1103,Bilbao costera,Costera,2012-04-18 07:00:00,2012-04-19 16:00:00,34,4.2,5.91,Hs ≥ P95,3.11
317,1103,Bilbao costera,Costera,2012-04-19 18:00:00,2012-04-19 18:00:00,1,3.24,3.24,Hs ≥ P95,3.11
318,1103,Bilbao costera,Costera,2012-04-23 17:00:00,2012-04-24 13:00:00,21,4.44,5.76,Hs ≥ P95,3.11
319,1103,Bilbao costera,Costera,2012-04-24 15:00:00,2012-04-24 17:00:00,3,3.24,3.29,Hs ≥ P95,3.11
320,1103,Bilbao costera,Costera,2012-04-26 03:00:00,2012-04-26 03:00:00,1,3.17,3.17,Hs ≥ P95,3.11
321,1103,Bilbao costera,Costera,2012-05-21 06:00:00,2012-05-21 06:00:00,1,3.14,3.14,Hs ≥ P95,3.11
322,1103,Bilbao costera,Costera,2012-09-24 04:00:00,2012-09-24 06:00:00,3,3.55,3.76,Hs ≥ P95,3.11
323,1103,Bilbao costera,Costera,2012-10-14 13:00:00,2012-10-14 14:00:00,2,3.26,3.29,Hs ≥ P95,3.11
324,1103,Bilbao costera,Costera,2012-10-18 00:00:00,2012-10-18 00:00:00,1,3.22,3.22,Hs ≥ P95,3.11
325,1103,Bilbao costera,Costera,2012-10-18 03:00:00,2012-10-18 04:00:00,2,3.18,3.23,Hs ≥ P95,3.11
326,1103,Bilbao costera,Costera,2012-10-27 08:00:00,2012-10-28 00:00:00,17,3.52,4.25,Hs ≥ P95,3.11
327,1103,Bilbao costera,Costera,2012-11-01 17:00:00,2012-11-01 17:00:00,1,3.24,3.24,Hs ≥ P95,3.11
328,1103,Bilbao costera,Costera,2012-11-01 23:00:00,2012-11-02 02:00:00,4,3.49,3.68,Hs ≥ P95,3.11
329,1103,Bilbao costera,Costera,2012-11-02 04:00:00,2012-11-02 04:00:00,1,3.13,3.13,Hs ≥ P95,3.11
330,1103,Bilbao costera,Costera,2012-11-05 02:00:00,2012-11-05 10:00:00,9,3.44,3.84,Hs ≥ P95,3.11
331,1103,Bilbao costera,Costera,2012-11-05 23:00:00,2012-11-05 23:00:00,1,3.14,3.14,Hs ≥ P95,3.11
332,1103,Bilbao costera,Costera,2012-11-11 01:00:00,2012-11-11 01:00:00,1,3.22,3.22,Hs ≥ P95,3.11
333,1103,Bilbao costera,Costera,2012-11-11 14:00:00,2012-11-11 14:00:00,1,3.16,3.16,Hs ≥ P95,3.11
334,1103,Bilbao costera,Costera,2012-11-11 16:00:00,2012-11-11 18:00:00,3,3.28,3.32,Hs ≥ P95,3.11
335,1103,Bilbao costera,Costera,2012-11-18 07:00:00,2012-11-18 18:00:00,12,3.41,3.55,Hs ≥ P95,3.11
336,1103,Bilbao costera,Costera,2012-11-18 20:00:00,2012-11-18 20:00:00,1,3.27,3.27,Hs ≥ P95,3.11
337,1103,Bilbao costera,Costera,2012-11-25 14:00:00,2012-11-25 14:00:00,1,3.18,3.18,Hs ≥ P95,3.11
338,1103,Bilbao costera,Costera,2012-11-26 15:00:00,2012-11-26 15:00:00,1,3.13,3.13,Hs ≥ P95,3.11
339,1103,Bilbao costera,Costera,2012-11-26 20:00:00,2012-11-26 20:00:00,1,3.12,3.12,Hs ≥ P95,3.11
340,1103,Bilbao costera,Costera,2012-11-27 01:00:00,2012-11-27 05:00:00,5,3.31,3.45,Hs ≥ P95,3.11
341,1103,Bilbao costera,Costera,2012-11-27 11:00:00,2012-11-27 12:00:00,2,3.2,3.2,Hs ≥ P95,3.11
342,1103,Bilbao costera,Costera,2012-11-27 16:00:00,2012-11-27 16:00:00,1,3.37,3.37,Hs ≥ P95,3.11
343,1103,Bilbao costera,Costera,2012-11-27 18:00:00,2012-11-27 20:00:00,3,3.15,3.17,Hs ≥ P95,3.11
344,1103,Bilbao costera,Costera,2012-11-28 04:00:00,2012-11-28 04:00:00,1,3.13,3.13,Hs ≥ P95,3.11
345,1103,Bilbao costera,Costera,2012-11-28 10:00:00,2012-11-28 21:00:00,12,3.43,3.69,Hs ≥ P95,3.11
346,1103,Bilbao costera,Costera,2012-11-28 23:00:00,2012-11-29 07:00:00,9,3.34,3.46,Hs ≥ P95,3.11
347,1103,Bilbao costera,Costera,2012-11-29 09:00:00,2012-11-29 09:00:00,1,3.16,3.16,Hs ≥ P95,3.11
348,1103,Bilbao costera,Costera,2012-12-04 02:00:00,2012-12-04 11:00:00,10,3.37,3.57,Hs ≥ P95,3.11
349,1103,Bilbao costera,Costera,2012-12-04 13:00:00,2012-12-06 02:00:00,38,3.57,4.26,Hs ≥ P95,3.11
350,1103,Bilbao costera,Costera,2012-12-08 09:00:00,2012-12-08 09:00:00,1,3.14,3.14,Hs ≥ P95,3.11
351,1103,Bilbao costera,Costera,2012-12-17 03:00:00,2012-12-17 03:00:00,1,3.11,3.11,Hs ≥ P95,3.11
352,1103,Bilbao costera,Costera,2012-12-17 06:00:00,2012-12-17 06:00:00,1,3.16,3.16,Hs ≥ P95,3.11
353,1103,Bilbao costera,Costera,2012-12-17 08:00:00,2012-12-17 14:00:00,7,3.37,3.58,Hs ≥ P95,3.11
354,1103,Bilbao costera,Costera,2012-12-17 16:00:00,2012-12-17 16:00:00,1,3.21,3.21,Hs ≥ P95,3.11
355,1103,Bilbao costera,Costera,2012-12-21 12:00:00,2012-12-21 13:00:00,2,3.22,3.31,Hs ≥ P95,3.11
356,1103,Bilbao costera,Costera,2012-12-27 15:00:00,2012-12-27 16:00:00,2,3.17,3.22,Hs ≥ P95,3.11
357,1103,Bilbao costera,Costera,2012-12-27 18:00:00,2012-12-27 20:00:00,3,3.19,3.27,Hs ≥ P95,3.11
358,1103,Bilbao costera,Costera,2012-12-27 23:00:00,2012-12-27 23:00:00,1,3.22,3.22,Hs ≥ P95,3.11
359,1103,Bilbao costera,Costera,2012-12-28 02:00:00,2012-12-28 04:00:00,3,3.19,3.29,Hs ≥ P95,3.11
360,1103,Bilbao costera,Costera,2012-12-28 08:00:00,2012-12-28 08:00:00,1,3.28,3.28,Hs ≥ P95,3.11
361,1103,Bilbao costera,Costera,2012-12-31 15:00:00,2012-12-31 16:00:00,2,3.22,3.32,Hs ≥ P95,3.11
362,1103,Bilbao costera,Costera,2013-01-15 00:00:00,2013-01-15 20:00:00,21,3.89,4.74,Hs ≥ P95,3.11
363,1103,Bilbao costera,Costera,2013-01-15 22:00:00,2013-01-15 22:00:00,1,3.24,3.24,Hs ≥ P95,3.11
364,1103,Bilbao costera,Costera,2013-01-16 19:00:00,2013-01-16 20:00:00,2,3.12,3.12,Hs ≥ P95,3.11
365,1103,Bilbao costera,Costera,2013-01-19 20:00:00,2013-01-20 10:00:00,15,4.09,4.85,Hs ≥ P95,3.11
366,1103,Bilbao costera,Costera,2013-01-21 07:00:00,2013-01-21 19:00:00,13,3.95,4.47,Hs ≥ P95,3.11
367,1103,Bilbao costera,Costera,2013-01-22 12:00:00,2013-01-22 12:00:00,1,3.12,3.12,Hs ≥ P95,3.11
368,1103,Bilbao costera,Costera,2013-01-22 14:00:00,2013-01-22 14:00:00,1,3.12,3.12,Hs ≥ P95,3.11
369,1103,Bilbao costera,Costera,2013-01-23 02:00:00,2013-01-23 19:00:00,18,3.83,4.5,Hs ≥ P95,3.11
370,1103,Bilbao costera,Costera,2013-01-24 02:00:00,2013-01-24 15:00:00,14,3.95,4.83,Hs ≥ P95,3.11
371,1103,Bilbao costera,Costera,2013-01-26 03:00:00,2013-01-26 11:00:00,9,3.91,4.24,Hs ≥ P95,3.11
372,1103,Bilbao costera,Costera,2013-01-26 13:00:00,2013-01-26 14:00:00,2,3.39,3.43,Hs ≥ P95,3.11
373,1103,Bilbao costera,Costera,2013-01-28 03:00:00,2013-01-28 11:00:00,9,3.55,4.22,Hs ≥ P95,3.11
374,1103,Bilbao costera,Costera,2013-01-28 13:00:00,2013-01-28 13:00:00,1,3.6,3.6,Hs ≥ P95,3.11
375,1103,Bilbao costera,Costera,2013-01-29 15:00:00,2013-01-29 19:00:00,5,3.24,3.36,Hs ≥ P95,3.11
376,1103,Bilbao costera,Costera,2013-02-01 22:00:00,2013-02-03 00:00:00,27,3.75,4.19,Hs ≥ P95,3.11
377,1103,Bilbao costera,Costera,2013-02-05 09:00:00,2013-02-07 15:00:00,55,4.8,5.98,Hs ≥ P95,3.11
378,1103,Bilbao costera,Costera,2013-02-08 10:00:00,2013-02-08 20:00:00,11,4.09,4.88,Hs ≥ P95,3.11
379,1103,Bilbao costera,Costera,2013-02-10 19:00:00,2013-02-10 19:00:00,1,3.12,3.12,Hs ≥ P95,3.11
380,1103,Bilbao costera,Costera,2013-02-11 15:00:00,2013-02-12 11:00:00,21,4.34,5.23,Hs ≥ P95,3.11
381,1103,Bilbao costera,Costera,2013-02-12 13:00:00,2013-02-12 14:00:00,2,3.22,3.29,Hs ≥ P95,3.11
382,1103,Bilbao costera,Costera,2013-02-12 16:00:00,2013-02-12 16:00:00,1,3.3,3.3,Hs ≥ P95,3.11
383,1103,Bilbao costera,Costera,2013-03-13 09:00:00,2013-03-13 09:00:00,1,3.13,3.13,Hs ≥ P95,3.11
384,1103,Bilbao costera,Costera,2013-03-13 11:00:00,2013-03-13 13:00:00,3,3.16,3.25,Hs ≥ P95,3.11
385,1103,Bilbao costera,Costera,2013-03-13 15:00:00,2013-03-13 15:00:00,1,3.12,3.12,Hs ≥ P95,3.11
386,1103,Bilbao costera,Costera,2013-03-17 20:00:00,2013-03-17 20:00:00,1,3.17,3.17,Hs ≥ P95,3.11
387,1103,Bilbao costera,Costera,2013-03-18 05:00:00,2013-03-18 05:00:00,1,3.13,3.13,Hs ≥ P95,3.11
388,1103,Bilbao costera,Costera,2013-03-18 07:00:00,2013-03-18 23:00:00,17,3.5,4.18,Hs ≥ P95,3.11
389,1103,Bilbao costera,Costera,2013-04-06 01:00:00,2013-04-06 01:00:00,1,3.22,3.22,Hs ≥ P95,3.11
390,1103,Bilbao costera,Costera,2013-04-06 03:00:00,2013-04-06 05:00:00,3,3.14,3.18,Hs ≥ P95,3.11
391,1103,Bilbao costera,Costera,2013-04-06 07:00:00,2013-04-06 08:00:00,2,3.18,3.23,Hs ≥ P95,3.11
392,1103,Bilbao costera,Costera,2013-04-09 19:00:00,2013-04-09 19:00:00,1,3.25,3.25,Hs ≥ P95,3.11
393,1103,Bilbao costera,Costera,2013-04-09 21:00:00,2013-04-09 21:00:00,1,3.24,3.24,Hs ≥ P95,3.11
394,1103,Bilbao costera,Costera,2013-04-30 09:00:00,2013-04-30 12:00:00,4,3.21,3.3,Hs ≥ P95,3.11
395,1103,Bilbao costera,Costera,2013-05-10 10:00:00,2013-05-10 14:00:00,5,3.4,3.75,Hs ≥ P95,3.11
396,1103,Bilbao costera,Costera,2013-05-28 19:00:00,2013-05-29 10:00:00,16,3.73,4.18,Hs ≥ P95,3.11
397,1103,Bilbao costera,Costera,2013-05-29 15:00:00,2013-05-29 15:00:00,1,3.14,3.14,Hs ≥ P95,3.11
398,1103,Bilbao costera,Costera,2013-05-30 07:00:00,2013-05-30 07:00:00,1,3.23,3.23,Hs ≥ P95,3.11
399,1103,Bilbao costera,Costera,2013-05-31 07:00:00,2013-05-31 07:00:00,1,3.33,3.33,Hs ≥ P95,3.11
400,1103,Bilbao costera,Costera,2013-06-23 10:00:00,2013-06-23 12:00:00,3,3.27,3.31,Hs ≥ P95,3.11
401,1103,Bilbao costera,Costera,2013-06-23 17:00:00,2013-06-23 17:00:00,1,3.21,3.21,Hs ≥ P95,3.11
402,1103,Bilbao costera,Costera,2013-06-23 22:00:00,2013-06-23 22:00:00,1,3.16,3.16,Hs ≥ P95,3.11
403,1103,Bilbao costera,Costera,2013-09-17 03:00:00,2013-09-17 03:00:00,1,3.18,3.18,Hs ≥ P95,3.11
404,1103,Bilbao costera,Costera,2013-09-17 08:00:00,2013-09-17 09:00:00,2,3.28,3.32,Hs ≥ P95,3.11
405,1103,Bilbao costera,Costera,2013-09-17 11:00:00,2013-09-17 15:00:00,5,3.31,3.54,Hs ≥ P95,3.11
406,1103,Bilbao costera,Costera,2013-10-27 21:00:00,2013-10-28 18:00:00,22,3.8,4.59,Hs ≥ P95,3.11
407,1103,Bilbao costera,Costera,2013-10-28 20:00:00,2013-10-28 20:00:00,1,3.15,3.15,Hs ≥ P95,3.11
408,1103,Bilbao costera,Costera,2013-10-29 00:00:00,2013-10-29 00:00:00,1,3.25,3.25,Hs ≥ P95,3.11
409,1103,Bilbao costera,Costera,2013-10-29 02:00:00,2013-10-29 02:00:00,1,3.25,3.25,Hs ≥ P95,3.11
410,1103,Bilbao costera,Costera,2013-11-01 11:00:00,2013-11-01 16:00:00,6,3.52,3.68,Hs ≥ P95,3.11
411,1103,Bilbao costera,Costera,2013-11-01 18:00:00,2013-11-01 19:00:00,2,3.16,3.18,Hs ≥ P95,3.11
412,1103,Bilbao costera,Costera,2013-11-01 21:00:00,2013-11-01 21:00:00,1,3.38,3.38,Hs ≥ P95,3.11
413,1103,Bilbao costera,Costera,2013-11-01 23:00:00,2013-11-02 10:00:00,12,3.59,3.98,Hs ≥ P95,3.11
414,1103,Bilbao costera,Costera,2013-11-02 20:00:00,2013-11-02 20:00:00,1,3.18,3.18,Hs ≥ P95,3.11
415,1103,Bilbao costera,Costera,2013-11-03 07:00:00,2013-11-03 15:00:00,9,3.78,4.31,Hs ≥ P95,3.11
416,1103,Bilbao costera,Costera,2013-11-03 17:00:00,2013-11-03 17:00:00,1,3.17,3.17,Hs ≥ P95,3.11
417,1103,Bilbao costera,Costera,2013-11-04 02:00:00,2013-11-04 02:00:00,1,3.23,3.23,Hs ≥ P95,3.11
418,1103,Bilbao costera,Costera,2013-11-04 04:00:00,2013-11-04 04:00:00,1,3.27,3.27,Hs ≥ P95,3.11
419,1103,Bilbao costera,Costera,2013-11-04 06:00:00,2013-11-04 08:00:00,3,3.3,3.37,Hs ≥ P95,3.11
420,1103,Bilbao costera,Costera,2013-11-04 10:00:00,2013-11-05 10:00:00,25,3.83,4.64,Hs ≥ P95,3.11
421,1103,Bilbao costera,Costera,2013-11-05 13:00:00,2013-11-05 20:00:00,8,3.65,3.97,Hs ≥ P95,3.11
422,1103,Bilbao costera,Costera,2013-11-07 00:00:00,2013-11-07 01:00:00,2,3.28,3.34,Hs ≥ P95,3.11
423,1103,Bilbao costera,Costera,2013-11-07 05:00:00,2013-11-07 05:00:00,1,3.12,3.12,Hs ≥ P95,3.11
424,1103,Bilbao costera,Costera,2013-11-08 13:00:00,2013-11-08 19:00:00,7,3.36,3.45,Hs ≥ P95,3.11
425,1103,Bilbao costera,Costera,2013-11-08 21:00:00,2013-11-08 21:00:00,1,3.33,3.33,Hs ≥ P95,3.11
426,1103,Bilbao costera,Costera,2013-11-08 23:00:00,2013-11-09 03:00:00,5,3.3,3.38,Hs ≥ P95,3.11
427,1103,Bilbao costera,Costera,2013-11-09 16:00:00,2013-11-09 21:00:00,6,3.6,4.06,Hs ≥ P95,3.11
428,1103,Bilbao costera,Costera,2013-11-10 03:00:00,2013-11-10 15:00:00,13,3.48,3.73,Hs ≥ P95,3.11
429,1103,Bilbao costera,Costera,2013-11-10 19:00:00,2013-11-10 19:00:00,1,3.11,3.11,Hs ≥ P95,3.11
430,1103,Bilbao costera,Costera,2013-11-10 21:00:00,2013-11-10 22:00:00,2,3.18,3.21,Hs ≥ P95,3.11
431,1103,Bilbao costera,Costera,2013-11-11 01:00:00,2013-11-11 03:00:00,3,3.2,3.26,Hs ≥ P95,3.11
432,1103,Bilbao costera,Costera,2013-11-15 01:00:00,2013-11-15 10:00:00,10,3.37,3.82,Hs ≥ P95,3.11
433,1103,Bilbao costera,Costera,2013-11-15 13:00:00,2013-11-15 13:00:00,1,3.23,3.23,Hs ≥ P95,3.11
434,1103,Bilbao costera,Costera,2013-11-15 15:00:00,2013-11-15 15:00:00,1,3.18,3.18,Hs ≥ P95,3.11
435,1103,Bilbao costera,Costera,2013-11-15 20:00:00,2013-11-15 20:00:00,1,3.28,3.28,Hs ≥ P95,3.11
436,1103,Bilbao costera,Costera,2013-11-16 00:00:00,2013-11-16 01:00:00,2,3.28,3.28,Hs ≥ P95,3.11
437,1103,Bilbao costera,Costera,2013-11-16 04:00:00,2013-11-16 04:00:00,1,3.12,3.12,Hs ≥ P95,3.11
438,1103,Bilbao costera,Costera,2013-11-19 14:00:00,2013-11-19 18:00:00,5,3.29,3.49,Hs ≥ P95,3.11
439,1103,Bilbao costera,Costera,2013-11-19 21:00:00,2013-11-19 21:00:00,1,3.11,3.11,Hs ≥ P95,3.11
440,1103,Bilbao costera,Costera,2013-11-21 01:00:00,2013-11-21 01:00:00,1,3.34,3.34,Hs ≥ P95,3.11
441,1103,Bilbao costera,Costera,2013-11-21 03:00:00,2013-11-22 05:00:00,27,4.0,4.76,Hs ≥ P95,3.11
442,1103,Bilbao costera,Costera,2014-11-03 22:00:00,2014-11-03 22:00:00,1,3.14,3.14,Hs ≥ P95,3.11
443,1103,Bilbao costera,Costera,2014-11-04 05:00:00,2014-11-04 05:00:00,1,3.16,3.16,Hs ≥ P95,3.11
444,1103,Bilbao costera,Costera,2014-11-04 08:00:00,2014-11-04 10:00:00,3,3.43,3.5,Hs ≥ P95,3.11
445,1103,Bilbao costera,Costera,2014-11-04 13:00:00,2014-11-04 14:00:00,2,3.34,3.49,Hs ≥ P95,3.11
446,1103,Bilbao costera,Costera,2014-11-04 16:00:00,2014-11-04 16:00:00,1,3.22,3.22,Hs ≥ P95,3.11
447,1103,Bilbao costera,Costera,2014-11-08 01:00:00,2014-11-08 01:00:00,1,3.18,3.18,Hs ≥ P95,3.11
448,1103,Bilbao costera,Costera,2014-11-08 22:00:00,2014-11-08 23:00:00,2,3.16,3.17,Hs ≥ P95,3.11
449,1103,Bilbao costera,Costera,2014-11-16 02:00:00,2014-11-16 02:00:00,1,3.25,3.25,Hs ≥ P95,3.11
450,1103,Bilbao costera,Costera,2014-11-16 04:00:00,2014-11-16 13:00:00,10,3.6,4.13,Hs ≥ P95,3.11
451,1103,Bilbao costera,Costera,2014-11-16 16:00:00,2014-11-16 16:00:00,1,3.17,3.17,Hs ≥ P95,3.11
452,1103,Bilbao costera,Costera,2014-11-16 19:00:00,2014-11-16 21:00:00,3,3.21,3.36,Hs ≥ P95,3.11
453,1103,Bilbao costera,Costera,2014-11-17 06:00:00,2014-11-17 07:00:00,2,3.24,3.33,Hs ≥ P95,3.11
454,1103,Bilbao costera,Costera,2014-11-17 10:00:00,2014-11-17 11:00:00,2,3.28,3.34,Hs ≥ P95,3.11
455,1103,Bilbao costera,Costera,2014-11-17 13:00:00,2014-11-17 14:00:00,2,3.16,3.17,Hs ≥ P95,3.11
456,1103,Bilbao costera,Costera,2014-12-06 06:00:00,2014-12-06 06:00:00,1,3.34,3.34,Hs ≥ P95,3.11
457,1103,Bilbao costera,Costera,2014-12-06 08:00:00,2014-12-06 18:00:00,11,3.35,3.6,Hs ≥ P95,3.11
458,1103,Bilbao costera,Costera,2014-12-06 20:00:00,2014-12-06 20:00:00,1,3.31,3.31,Hs ≥ P95,3.11
459,1103,Bilbao costera,Costera,2014-12-08 15:00:00,2014-12-09 06:00:00,16,3.47,3.79,Hs ≥ P95,3.11
460,1103,Bilbao costera,Costera,2014-12-09 08:00:00,2014-12-09 08:00:00,1,3.2,3.2,Hs ≥ P95,3.11
461,1103,Bilbao costera,Costera,2014-12-11 02:00:00,2014-12-12 11:00:00,34,4.08,5.01,Hs ≥ P95,3.11
462,1103,Bilbao costera,Costera,2014-12-12 13:00:00,2014-12-12 13:00:00,1,3.26,3.26,Hs ≥ P95,3.11
463,1103,Bilbao costera,Costera,2014-12-12 15:00:00,2014-12-12 23:00:00,9,3.41,3.91,Hs ≥ P95,3.11
464,1103,Bilbao costera,Costera,2014-12-16 01:00:00,2014-12-16 15:00:00,15,3.31,3.56,Hs ≥ P95,3.11
465,1103,Bilbao costera,Costera,2014-12-19 16:00:00,2014-12-19 16:00:00,1,3.32,3.32,Hs ≥ P95,3.11
466,1103,Bilbao costera,Costera,2014-12-19 19:00:00,2014-12-20 01:00:00,7,3.28,3.67,Hs ≥ P95,3.11
467,1103,Bilbao costera,Costera,2014-12-20 03:00:00,2014-12-20 06:00:00,4,3.3,3.45,Hs ≥ P95,3.11
468,1103,Bilbao costera,Costera,2014-12-20 15:00:00,2014-12-20 15:00:00,1,3.61,3.61,Hs ≥ P95,3.11
469,1103,Bilbao costera,Costera,2014-12-21 04:00:00,2014-12-21 04:00:00,1,3.29,3.29,Hs ≥ P95,3.11
470,1103,Bilbao costera,Costera,2014-12-27 12:00:00,2014-12-27 18:00:00,7,3.69,4.0,Hs ≥ P95,3.11
471,1103,Bilbao costera,Costera,2014-12-28 03:00:00,2014-12-28 09:00:00,7,3.38,3.53,Hs ≥ P95,3.11
472,1103,Bilbao costera,Costera,2014-12-28 16:00:00,2014-12-28 16:00:00,1,3.14,3.14,Hs ≥ P95,3.11
473,1103,Bilbao costera,Costera,2014-12-28 20:00:00,2014-12-28 20:00:00,1,3.23,3.23,Hs ≥ P95,3.11
474,1103,Bilbao costera,Costera,2014-12-28 22:00:00,2014-12-29 00:00:00,3,3.23,3.33,Hs ≥ P95,3.11
475,1103,Bilbao costera,Costera,2015-01-09 07:00:00,2015-01-09 07:00:00,1,3.16,3.16,Hs ≥ P95,3.11
476,1103,Bilbao costera,Costera,2015-01-09 09:00:00,2015-01-09 09:00:00,1,3.13,3.13,Hs ≥ P95,3.11
477,1103,Bilbao costera,Costera,2015-01-10 05:00:00,2015-01-10 05:00:00,1,3.11,3.11,Hs ≥ P95,3.11
478,1103,Bilbao costera,Costera,2015-01-10 08:00:00,2015-01-10 08:00:00,1,3.23,3.23,Hs ≥ P95,3.11
479,1103,Bilbao costera,Costera,2015-01-10 20:00:00,2015-01-10 20:00:00,1,3.19,3.19,Hs ≥ P95,3.11
480,1103,Bilbao costera,Costera,2015-01-10 22:00:00,2015-01-10 23:00:00,2,3.36,3.56,Hs ≥ P95,3.11
481,1103,Bilbao costera,Costera,2015-01-11 01:00:00,2015-01-11 01:00:00,1,3.13,3.13,Hs ≥ P95,3.11
482,1103,Bilbao costera,Costera,2015-01-11 05:00:00,2015-01-11 10:00:00,6,3.25,3.34,Hs ≥ P95,3.11
483,1103,Bilbao costera,Costera,2015-01-11 15:00:00,2015-01-11 15:00:00,1,3.15,3.15,Hs ≥ P95,3.11
484,1103,Bilbao costera,Costera,2015-01-11 17:00:00,2015-01-11 17:00:00,1,3.34,3.34,Hs ≥ P95,3.11
485,1103,Bilbao costera,Costera,2015-01-11 19:00:00,2015-01-12 05:00:00,11,3.47,3.93,Hs ≥ P95,3.11
486,1103,Bilbao costera,Costera,2015-01-12 07:00:00,2015-01-12 08:00:00,2,3.3,3.44,Hs ≥ P95,3.11
487,1103,Bilbao costera,Costera,2015-01-12 10:00:00,2015-01-12 11:00:00,2,3.33,3.47,Hs ≥ P95,3.11
488,1103,Bilbao costera,Costera,2015-01-13 05:00:00,2015-01-13 11:00:00,7,3.44,3.92,Hs ≥ P95,3.11
489,1103,Bilbao costera,Costera,2015-01-13 13:00:00,2015-01-13 14:00:00,2,3.33,3.36,Hs ≥ P95,3.11
490,1103,Bilbao costera,Costera,2015-01-13 16:00:00,2015-01-13 16:00:00,1,3.24,3.24,Hs ≥ P95,3.11
491,1103,Bilbao costera,Costera,2015-01-13 22:00:00,2015-01-13 22:00:00,1,3.15,3.15,Hs ≥ P95,3.11
492,1103,Bilbao costera,Costera,2015-01-14 02:00:00,2015-01-15 02:00:00,25,3.45,3.74,Hs ≥ P95,3.11
493,1103,Bilbao costera,Costera,2015-01-15 04:00:00,2015-01-15 07:00:00,4,3.25,3.37,Hs ≥ P95,3.11
494,1103,Bilbao costera,Costera,2015-01-15 09:00:00,2015-01-16 02:00:00,18,3.38,3.93,Hs ≥ P95,3.11
495,1103,Bilbao costera,Costera,2015-01-16 04:00:00,2015-01-16 18:00:00,15,3.48,3.83,Hs ≥ P95,3.11
496,1103,Bilbao costera,Costera,2015-01-16 21:00:00,2015-01-17 03:00:00,7,3.5,3.91,Hs ≥ P95,3.11
497,1103,Bilbao costera,Costera,2015-01-17 05:00:00,2015-01-17 05:00:00,1,3.26,3.26,Hs ≥ P95,3.11
498,1103,Bilbao costera,Costera,2015-01-19 03:00:00,2015-01-19 13:00:00,11,3.78,4.4,Hs ≥ P95,3.11
499,1103,Bilbao costera,Costera,2015-01-21 03:00:00,2015-01-22 18:00:00,40,4.07,4.92,Hs ≥ P95,3.11
500,1103,Bilbao costera,Costera,2015-01-22 20:00:00,2015-01-22 21:00:00,2,3.18,3.24,Hs ≥ P95,3.11
501,1103,Bilbao costera,Costera,2015-01-29 10:00:00,2015-01-31 02:00:00,41,4.8,5.99,Hs ≥ P95,3.11
502,1103,Bilbao costera,Costera,2015-01-31 04:00:00,2015-02-01 18:00:00,39,4.11,5.11,Hs ≥ P95,3.11
503,1103,Bilbao costera,Costera,2015-02-01 21:00:00,2015-02-01 21:00:00,1,3.3,3.3,Hs ≥ P95,3.11
504,1103,Bilbao costera,Costera,2015-02-03 03:00:00,2015-02-03 03:00:00,1,3.11,3.11,Hs ≥ P95,3.11
505,1103,Bilbao costera,Costera,2015-02-04 10:00:00,2015-02-05 06:00:00,21,3.61,4.31,Hs ≥ P95,3.11
506,1103,Bilbao costera,Costera,2015-03-13 18:00:00,2015-03-14 02:00:00,9,3.41,3.62,Hs ≥ P95,3.11
507,1103,Bilbao costera,Costera,2015-03-14 04:00:00,2015-03-14 04:00:00,1,3.47,3.47,Hs ≥ P95,3.11
508,1103,Bilbao costera,Costera,2015-03-14 06:00:00,2015-03-14 06:00:00,1,3.22,3.22,Hs ≥ P95,3.11
509,1103,Bilbao costera,Costera,2015-03-14 08:00:00,2015-03-14 12:00:00,5,3.52,3.8,Hs ≥ P95,3.11
510,1103,Bilbao costera,Costera,2015-03-30 05:00:00,2015-03-30 05:00:00,1,3.27,3.27,Hs ≥ P95,3.11
511,1103,Bilbao costera,Costera,2015-03-30 07:00:00,2015-03-30 14:00:00,8,3.74,4.28,Hs ≥ P95,3.11
512,1103,Bilbao costera,Costera,2015-03-30 16:00:00,2015-03-30 18:00:00,3,3.19,3.22,Hs ≥ P95,3.11
513,1103,Bilbao costera,Costera,2015-05-15 00:00:00,2015-05-15 09:00:00,10,4.38,5.77,Hs ≥ P95,3.11
514,1103,Bilbao costera,Costera,2015-05-20 07:00:00,2015-05-20 07:00:00,1,3.23,3.23,Hs ≥ P95,3.11
515,1103,Bilbao costera,Costera,2015-08-14 15:00:00,2015-08-14 15:00:00,1,3.31,3.31,Hs ≥ P95,3.11
516,1103,Bilbao costera,Costera,2015-08-24 03:00:00,2015-08-24 06:00:00,4,3.73,4.12,Hs ≥ P95,3.11
517,1103,Bilbao costera,Costera,2015-11-21 01:00:00,2015-11-21 03:00:00,3,3.19,3.34,Hs ≥ P95,3.11
518,1103,Bilbao costera,Costera,2015-11-21 07:00:00,2015-11-22 06:00:00,24,3.95,4.62,Hs ≥ P95,3.11
519,1103,Bilbao costera,Costera,2015-11-22 08:00:00,2015-11-22 09:00:00,2,3.24,3.25,Hs ≥ P95,3.11
520,1103,Bilbao costera,Costera,2015-11-25 03:00:00,2015-11-26 14:00:00,36,4.0,4.72,Hs ≥ P95,3.11
521,1103,Bilbao costera,Costera,2015-11-26 16:00:00,2015-11-26 16:00:00,1,3.15,3.15,Hs ≥ P95,3.11
522,1103,Bilbao costera,Costera,2015-11-28 14:00:00,2015-11-28 18:00:00,5,3.34,3.48,Hs ≥ P95,3.11
523,1103,Bilbao costera,Costera,2015-11-29 04:00:00,2015-11-29 04:00:00,1,3.38,3.38,Hs ≥ P95,3.11
524,1103,Bilbao costera,Costera,2015-11-29 06:00:00,2015-11-29 08:00:00,3,3.25,3.3,Hs ≥ P95,3.11
525,1103,Bilbao costera,Costera,2015-11-29 10:00:00,2015-11-30 09:00:00,24,3.53,4.33,Hs ≥ P95,3.11
526,1103,Bilbao costera,Costera,2015-11-30 11:00:00,2015-11-30 11:00:00,1,3.2,3.2,Hs ≥ P95,3.11
527,1103,Bilbao costera,Costera,2015-11-30 13:00:00,2015-11-30 21:00:00,9,3.35,3.53,Hs ≥ P95,3.11
528,1103,Bilbao costera,Costera,2015-12-23 18:00:00,2015-12-23 18:00:00,1,3.11,3.11,Hs ≥ P95,3.11
529,1103,Bilbao costera,Costera,2015-12-23 22:00:00,2015-12-23 22:00:00,1,3.19,3.19,Hs ≥ P95,3.11
530,1103,Bilbao costera,Costera,2016-01-02 05:00:00,2016-01-03 03:00:00,23,3.92,4.7,Hs ≥ P95,3.11
531,1103,Bilbao costera,Costera,2016-01-03 23:00:00,2016-01-03 23:00:00,1,3.11,3.11,Hs ≥ P95,3.11
532,1103,Bilbao costera,Costera,2016-01-04 05:00:00,2016-01-05 10:00:00,30,3.78,4.42,Hs ≥ P95,3.11
533,1103,Bilbao costera,Costera,2016-01-05 12:00:00,2016-01-06 17:00:00,30,4.3,5.31,Hs ≥ P95,3.11
534,1103,Bilbao costera,Costera,2016-01-11 08:00:00,2016-01-11 18:00:00,11,3.41,3.68,Hs ≥ P95,3.11
535,1103,Bilbao costera,Costera,2016-01-11 20:00:00,2016-01-12 04:00:00,9,3.6,4.1,Hs ≥ P95,3.11
536,1103,Bilbao costera,Costera,2016-01-12 06:00:00,2016-01-12 06:00:00,1,3.31,3.31,Hs ≥ P95,3.11
537,1103,Bilbao costera,Costera,2016-01-12 14:00:00,2016-01-12 20:00:00,7,3.26,3.53,Hs ≥ P95,3.11
538,1103,Bilbao costera,Costera,2016-01-29 04:00:00,2016-01-29 04:00:00,1,3.11,3.11,Hs ≥ P95,3.11
539,1103,Bilbao costera,Costera,2016-01-30 09:00:00,2016-01-30 13:00:00,5,3.25,3.39,Hs ≥ P95,3.11
540,1103,Bilbao costera,Costera,2016-01-30 15:00:00,2016-01-30 23:00:00,9,3.33,3.55,Hs ≥ P95,3.11
541,1103,Bilbao costera,Costera,2016-01-31 01:00:00,2016-01-31 01:00:00,1,3.21,3.21,Hs ≥ P95,3.11
542,1103,Bilbao costera,Costera,2016-01-31 04:00:00,2016-01-31 04:00:00,1,3.14,3.14,Hs ≥ P95,3.11
543,1103,Bilbao costera,Costera,2016-01-31 06:00:00,2016-02-01 00:00:00,19,3.43,3.87,Hs ≥ P95,3.11
544,1103,Bilbao costera,Costera,2016-02-01 02:00:00,2016-02-01 03:00:00,2,3.12,3.14,Hs ≥ P95,3.11
545,1103,Bilbao costera,Costera,2016-02-02 11:00:00,2016-02-02 11:00:00,1,3.19,3.19,Hs ≥ P95,3.11
546,1103,Bilbao costera,Costera,2016-02-07 03:00:00,2016-02-07 03:00:00,1,3.23,3.23,Hs ≥ P95,3.11
547,1103,Bilbao costera,Costera,2016-02-07 09:00:00,2016-02-07 10:00:00,2,3.27,3.29,Hs ≥ P95,3.11
548,1103,Bilbao costera,Costera,2016-02-07 12:00:00,2016-02-10 12:00:00,73,4.28,6.19,Hs ≥ P95,3.11
549,1103,Bilbao costera,Costera,2016-02-10 14:00:00,2016-02-10 14:00:00,1,3.16,3.16,Hs ≥ P95,3.11
550,1103,Bilbao costera,Costera,2016-02-11 04:00:00,2016-02-11 07:00:00,4,3.35,3.43,Hs ≥ P95,3.11
551,1103,Bilbao costera,Costera,2016-02-13 09:00:00,2016-02-13 09:00:00,1,3.19,3.19,Hs ≥ P95,3.11
552,1103,Bilbao costera,Costera,2016-02-13 16:00:00,2016-02-14 08:00:00,17,3.95,4.73,Hs ≥ P95,3.11
553,1103,Bilbao costera,Costera,2016-02-15 04:00:00,2016-02-15 04:00:00,1,3.25,3.25,Hs ≥ P95,3.11
554,1103,Bilbao costera,Costera,2016-02-15 06:00:00,2016-02-15 22:00:00,17,3.98,4.76,Hs ≥ P95,3.11
555,1103,Bilbao costera,Costera,2016-02-16 00:00:00,2016-02-16 00:00:00,1,3.34,3.34,Hs ≥ P95,3.11
556,1103,Bilbao costera,Costera,2016-02-27 21:00:00,2016-02-27 21:00:00,1,3.7,3.7,Hs ≥ P95,3.11
557,1103,Bilbao costera,Costera,2016-02-28 00:00:00,2016-02-28 01:00:00,2,3.69,3.77,Hs ≥ P95,3.11
558,1103,Bilbao costera,Costera,2016-02-28 03:00:00,2016-02-28 03:00:00,1,3.22,3.22,Hs ≥ P95,3.11
559,1103,Bilbao costera,Costera,2016-02-28 05:00:00,2016-02-28 08:00:00,4,3.46,3.5,Hs ≥ P95,3.11
560,1103,Bilbao costera,Costera,2016-02-28 11:00:00,2016-02-28 12:00:00,2,3.27,3.31,Hs ≥ P95,3.11
561,1103,Bilbao costera,Costera,2016-02-28 20:00:00,2016-02-28 20:00:00,1,3.38,3.38,Hs ≥ P95,3.11
562,1103,Bilbao costera,Costera,2016-03-02 11:00:00,2016-03-02 11:00:00,1,3.29,3.29,Hs ≥ P95,3.11
563,1103,Bilbao costera,Costera,2016-03-02 18:00:00,2016-03-02 18:00:00,1,3.45,3.45,Hs ≥ P95,3.11
564,1103,Bilbao costera,Costera,2016-03-03 20:00:00,2016-03-03 20:00:00,1,3.16,3.16,Hs ≥ P95,3.11
565,1103,Bilbao costera,Costera,2016-03-05 17:00:00,2016-03-05 17:00:00,1,3.21,3.21,Hs ≥ P95,3.11
566,1103,Bilbao costera,Costera,2016-03-05 22:00:00,2016-03-05 22:00:00,1,3.69,3.69,Hs ≥ P95,3.11
567,1103,Bilbao costera,Costera,2016-03-27 01:00:00,2016-03-27 01:00:00,1,3.16,3.16,Hs ≥ P95,3.11
568,1103,Bilbao costera,Costera,2016-03-27 03:00:00,2016-03-27 03:00:00,1,3.16,3.16,Hs ≥ P95,3.11
569,1103,Bilbao costera,Costera,2016-03-27 11:00:00,2016-03-27 12:00:00,2,3.34,3.43,Hs ≥ P95,3.11
570,1103,Bilbao costera,Costera,2016-03-28 04:00:00,2016-03-28 06:00:00,3,3.31,3.49,Hs ≥ P95,3.11
571,1103,Bilbao costera,Costera,2016-03-28 09:00:00,2016-03-28 13:00:00,5,3.52,4.04,Hs ≥ P95,3.11
572,1103,Bilbao costera,Costera,2016-03-28 15:00:00,2016-03-28 16:00:00,2,3.2,3.21,Hs ≥ P95,3.11
573,1103,Bilbao costera,Costera,2016-03-28 18:00:00,2016-03-28 18:00:00,1,3.17,3.17,Hs ≥ P95,3.11
574,1103,Bilbao costera,Costera,2016-03-28 23:00:00,2016-03-28 23:00:00,1,3.19,3.19,Hs ≥ P95,3.11
575,1103,Bilbao costera,Costera,2016-03-31 14:00:00,2016-03-31 14:00:00,1,3.47,3.47,Hs ≥ P95,3.11
576,1103,Bilbao costera,Costera,2016-04-08 03:00:00,2016-04-08 03:00:00,1,3.22,3.22,Hs ≥ P95,3.11
577,1103,Bilbao costera,Costera,2016-04-10 23:00:00,2016-04-10 23:00:00,1,3.13,3.13,Hs ≥ P95,3.11
578,1103,Bilbao costera,Costera,2016-04-30 09:00:00,2016-04-30 10:00:00,2,3.41,3.67,Hs ≥ P95,3.11
579,1103,Bilbao costera,Costera,2016-11-11 09:00:00,2016-11-11 09:00:00,1,3.22,3.22,Hs ≥ P95,3.11
580,1103,Bilbao costera,Costera,2016-11-18 07:00:00,2016-11-18 07:00:00,1,3.3,3.3,Hs ≥ P95,3.11
581,1103,Bilbao costera,Costera,2016-11-18 09:00:00,2016-11-18 10:00:00,2,3.92,4.03,Hs ≥ P95,3.11
582,1103,Bilbao costera,Costera,2016-11-18 13:00:00,2016-11-18 13:00:00,1,4.51,4.51,Hs ≥ P95,3.11
583,1103,Bilbao costera,Costera,2016-11-18 16:00:00,2016-11-18 17:00:00,2,4.5,4.93,Hs ≥ P95,3.11
584,1103,Bilbao costera,Costera,2016-11-18 19:00:00,2016-11-18 22:00:00,4,4.36,4.58,Hs ≥ P95,3.11
585,1103,Bilbao costera,Costera,2016-11-19 06:00:00,2016-11-19 06:00:00,1,4.1,4.1,Hs ≥ P95,3.11
586,1103,Bilbao costera,Costera,2016-11-19 08:00:00,2016-11-19 09:00:00,2,3.62,3.74,Hs ≥ P95,3.11
587,1103,Bilbao costera,Costera,2016-11-19 11:00:00,2016-11-19 14:00:00,4,3.51,3.72,Hs ≥ P95,3.11
588,1103,Bilbao costera,Costera,2016-11-19 16:00:00,2016-11-19 16:00:00,1,3.53,3.53,Hs ≥ P95,3.11
589,1103,Bilbao costera,Costera,2016-12-16 23:00:00,2016-12-16 23:00:00,1,3.11,3.11,Hs ≥ P95,3.11
590,1103,Bilbao costera,Costera,2016-12-22 03:00:00,2016-12-22 04:00:00,2,3.18,3.25,Hs ≥ P95,3.11
591,1103,Bilbao costera,Costera,2016-12-23 13:00:00,2016-12-23 13:00:00,1,3.12,3.12,Hs ≥ P95,3.11
592,1103,Bilbao costera,Costera,2016-12-24 22:00:00,2016-12-25 01:00:00,4,3.41,3.62,Hs ≥ P95,3.11
593,1103,Bilbao costera,Costera,2016-12-25 04:00:00,2016-12-25 04:00:00,1,3.21,3.21,Hs ≥ P95,3.11
594,1103,Bilbao costera,Costera,2017-01-10 17:00:00,2017-01-11 08:00:00,16,3.41,3.96,Hs ≥ P95,3.11
595,1103,Bilbao costera,Costera,2017-01-12 20:00:00,2017-01-14 09:00:00,38,4.23,5.15,Hs ≥ P95,3.11
596,1103,Bilbao costera,Costera,2017-01-14 11:00:00,2017-01-14 12:00:00,2,3.16,3.17,Hs ≥ P95,3.11
597,1103,Bilbao costera,Costera,2017-02-03 13:00:00,2017-02-03 15:00:00,3,3.43,3.56,Hs ≥ P95,3.11
598,1103,Bilbao costera,Costera,2017-02-04 05:00:00,2017-02-04 10:00:00,6,3.9,4.54,Hs ≥ P95,3.11
599,1103,Bilbao costera,Costera,2017-02-05 07:00:00,2017-02-05 10:00:00,4,3.26,3.49,Hs ≥ P95,3.11
600,1103,Bilbao costera,Costera,2017-02-05 12:00:00,2017-02-06 02:00:00,15,4.26,5.26,Hs ≥ P95,3.11
601,1103,Bilbao costera,Costera,2017-02-07 19:00:00,2017-02-07 19:00:00,1,3.11,3.11,Hs ≥ P95,3.11
602,1103,Bilbao costera,Costera,2017-02-07 22:00:00,2017-02-08 14:00:00,17,3.35,3.52,Hs ≥ P95,3.11
603,1103,Bilbao costera,Costera,2017-02-08 18:00:00,2017-02-08 18:00:00,1,3.13,3.13,Hs ≥ P95,3.11
604,1103,Bilbao costera,Costera,2017-02-27 19:00:00,2017-03-01 08:00:00,38,4.64,6.17,Hs ≥ P95,3.11
605,1103,Bilbao costera,Costera,2017-03-06 09:00:00,2017-03-07 09:00:00,25,3.62,4.22,Hs ≥ P95,3.11
606,1103,Bilbao costera,Costera,2017-03-07 11:00:00,2017-03-07 11:00:00,1,3.25,3.25,Hs ≥ P95,3.11
607,1103,Bilbao costera,Costera,2017-03-23 01:00:00,2017-03-23 01:00:00,1,3.12,3.12,Hs ≥ P95,3.11
608,1103,Bilbao costera,Costera,2017-03-23 03:00:00,2017-03-23 03:00:00,1,3.26,3.26,Hs ≥ P95,3.11
609,1103,Bilbao costera,Costera,2017-04-30 16:00:00,2017-04-30 21:00:00,6,3.48,3.85,Hs ≥ P95,3.11
610,1103,Bilbao costera,Costera,2017-04-30 23:00:00,2017-04-30 23:00:00,1,3.11,3.11,Hs ≥ P95,3.11
611,1103,Bilbao costera,Costera,2017-05-01 08:00:00,2017-05-01 08:00:00,1,3.19,3.19,Hs ≥ P95,3.11
612,1103,Bilbao costera,Costera,2017-05-01 21:00:00,2017-05-01 23:00:00,3,3.25,3.3,Hs ≥ P95,3.11
613,1103,Bilbao costera,Costera,2017-06-28 16:00:00,2017-06-28 21:00:00,6,3.78,4.13,Hs ≥ P95,3.11
614,1103,Bilbao costera,Costera,2017-06-30 18:00:00,2017-06-30 18:00:00,1,3.25,3.25,Hs ≥ P95,3.11
615,1103,Bilbao costera,Costera,2017-06-30 20:00:00,2017-06-30 20:00:00,1,3.43,3.43,Hs ≥ P95,3.11
616,1103,Bilbao costera,Costera,2017-06-30 22:00:00,2017-07-01 03:00:00,6,3.24,3.53,Hs ≥ P95,3.11
617,1103,Bilbao costera,Costera,2017-07-01 05:00:00,2017-07-01 05:00:00,1,3.36,3.36,Hs ≥ P95,3.11
618,1103,Bilbao costera,Costera,2017-07-01 07:00:00,2017-07-01 14:00:00,8,3.34,3.45,Hs ≥ P95,3.11
619,1103,Bilbao costera,Costera,2017-09-09 21:00:00,2017-09-09 22:00:00,2,3.17,3.18,Hs ≥ P95,3.11
620,1103,Bilbao costera,Costera,2017-09-10 00:00:00,2017-09-10 00:00:00,1,3.25,3.25,Hs ≥ P95,3.11
621,1103,Bilbao costera,Costera,2017-09-11 17:00:00,2017-09-12 11:00:00,19,3.78,4.48,Hs ≥ P95,3.11
622,1103,Bilbao costera,Costera,2017-10-21 14:00:00,2017-10-21 18:00:00,5,3.49,3.73,Hs ≥ P95,3.11
623,1103,Bilbao costera,Costera,2017-10-21 20:00:00,2017-10-21 20:00:00,1,3.29,3.29,Hs ≥ P95,3.11
624,1103,Bilbao costera,Costera,2017-10-21 22:00:00,2017-10-21 22:00:00,1,3.31,3.31,Hs ≥ P95,3.11
625,1103,Bilbao costera,Costera,2017-10-22 02:00:00,2017-10-22 10:00:00,9,3.47,3.82,Hs ≥ P95,3.11
626,1103,Bilbao costera,Costera,2017-10-22 14:00:00,2017-10-22 16:00:00,3,3.21,3.24,Hs ≥ P95,3.11
627,1103,Bilbao costera,Costera,2017-10-22 19:00:00,2017-10-22 19:00:00,1,3.31,3.31,Hs ≥ P95,3.11
628,1103,Bilbao costera,Costera,2017-10-22 22:00:00,2017-10-22 22:00:00,1,3.13,3.13,Hs ≥ P95,3.11
629,1103,Bilbao costera,Costera,2017-11-05 17:00:00,2017-11-05 17:00:00,1,3.12,3.12,Hs ≥ P95,3.11
630,1103,Bilbao costera,Costera,2017-11-05 19:00:00,2017-11-05 20:00:00,2,3.22,3.25,Hs ≥ P95,3.11
631,1103,Bilbao costera,Costera,2017-11-05 22:00:00,2017-11-06 03:00:00,6,3.28,3.47,Hs ≥ P95,3.11
632,1103,Bilbao costera,Costera,2017-11-06 05:00:00,2017-11-06 05:00:00,1,3.14,3.14,Hs ≥ P95,3.11
633,1103,Bilbao costera,Costera,2017-11-08 03:00:00,2017-11-08 03:00:00,1,3.26,3.26,Hs ≥ P95,3.11
634,1103,Bilbao costera,Costera,2017-11-08 05:00:00,2017-11-08 06:00:00,2,3.18,3.25,Hs ≥ P95,3.11
635,1103,Bilbao costera,Costera,2017-11-08 09:00:00,2017-11-08 17:00:00,9,3.45,3.81,Hs ≥ P95,3.11
636,1103,Bilbao costera,Costera,2017-11-08 19:00:00,2017-11-08 19:00:00,1,3.16,3.16,Hs ≥ P95,3.11
637,1103,Bilbao costera,Costera,2017-11-09 00:00:00,2017-11-09 00:00:00,1,3.12,3.12,Hs ≥ P95,3.11
638,1103,Bilbao costera,Costera,2017-11-12 15:00:00,2017-11-12 18:00:00,4,3.24,3.36,Hs ≥ P95,3.11
639,1103,Bilbao costera,Costera,2017-12-01 04:00:00,2017-12-01 04:00:00,1,3.29,3.29,Hs ≥ P95,3.11
640,1103,Bilbao costera,Costera,2017-12-01 06:00:00,2017-12-01 09:00:00,4,3.32,3.48,Hs ≥ P95,3.11
641,1103,Bilbao costera,Costera,2017-12-11 05:00:00,2017-12-11 05:00:00,1,3.13,3.13,Hs ≥ P95,3.11
642,1103,Bilbao costera,Costera,2017-12-11 07:00:00,2017-12-11 13:00:00,7,3.42,3.67,Hs ≥ P95,3.11
643,1103,Bilbao costera,Costera,2017-12-11 18:00:00,2017-12-11 18:00:00,1,3.11,3.11,Hs ≥ P95,3.11
644,1103,Bilbao costera,Costera,2017-12-11 20:00:00,2017-12-11 20:00:00,1,3.24,3.24,Hs ≥ P95,3.11
645,1103,Bilbao costera,Costera,2017-12-11 23:00:00,2017-12-12 03:00:00,5,3.61,3.71,Hs ≥ P95,3.11
646,1103,Bilbao costera,Costera,2017-12-13 23:00:00,2017-12-13 23:00:00,1,3.41,3.41,Hs ≥ P95,3.11
647,1103,Bilbao costera,Costera,2017-12-14 03:00:00,2017-12-14 03:00:00,1,3.23,3.23,Hs ≥ P95,3.11
648,1103,Bilbao costera,Costera,2017-12-14 09:00:00,2017-12-14 09:00:00,1,3.12,3.12,Hs ≥ P95,3.11
649,1103,Bilbao costera,Costera,2017-12-14 11:00:00,2017-12-16 10:00:00,48,4.55,6.24,Hs ≥ P95,3.11
650,1103,Bilbao costera,Costera,2017-12-26 03:00:00,2017-12-26 03:00:00,1,3.2,3.2,Hs ≥ P95,3.11
651,1103,Bilbao costera,Costera,2017-12-27 01:00:00,2017-12-28 02:00:00,26,4.2,5.87,Hs ≥ P95,3.11
652,1103,Bilbao costera,Costera,2017-12-28 14:00:00,2017-12-28 14:00:00,1,3.19,3.19,Hs ≥ P95,3.11
653,1103,Bilbao costera,Costera,2017-12-28 16:00:00,2017-12-28 20:00:00,5,3.23,3.48,Hs ≥ P95,3.11
654,1103,Bilbao costera,Costera,2017-12-30 10:00:00,2017-12-30 11:00:00,2,3.18,3.19,Hs ≥ P95,3.11
655,1103,Bilbao costera,Costera,2017-12-30 14:00:00,2017-12-30 14:00:00,1,3.12,3.12,Hs ≥ P95,3.11
656,1103,Bilbao costera,Costera,2017-12-30 17:00:00,2017-12-31 01:00:00,9,3.35,3.65,Hs ≥ P95,3.11
657,1103,Bilbao costera,Costera,2017-12-31 12:00:00,2017-12-31 12:00:00,1,3.16,3.16,Hs ≥ P95,3.11
658,1103,Bilbao costera,Costera,2017-12-31 14:00:00,2017-12-31 16:00:00,3,3.47,3.59,Hs ≥ P95,3.11
659,1103,Bilbao costera,Costera,2017-12-31 18:00:00,2017-12-31 21:00:00,4,3.39,3.54,Hs ≥ P95,3.11
660,1103,Bilbao costera,Costera,2017-12-31 23:00:00,2018-01-01 11:00:00,13,3.5,4.01,Hs ≥ P95,3.11
661,1103,Bilbao costera,Costera,2018-01-01 13:00:00,2018-01-02 06:00:00,18,3.87,4.82,Hs ≥ P95,3.11
662,1103,Bilbao costera,Costera,2018-01-02 12:00:00,2018-01-02 12:00:00,1,3.18,3.18,Hs ≥ P95,3.11
663,1103,Bilbao costera,Costera,2018-01-02 16:00:00,2018-01-02 16:00:00,1,3.12,3.12,Hs ≥ P95,3.11
664,1103,Bilbao costera,Costera,2018-01-03 14:00:00,2018-01-05 00:00:00,35,3.93,4.69,Hs ≥ P95,3.11
665,1103,Bilbao costera,Costera,2018-01-05 02:00:00,2018-01-05 03:00:00,2,3.12,3.13,Hs ≥ P95,3.11
666,1103,Bilbao costera,Costera,2018-01-05 10:00:00,2018-01-05 10:00:00,1,3.14,3.14,Hs ≥ P95,3.11
667,1103,Bilbao costera,Costera,2018-01-06 20:00:00,2018-01-06 21:00:00,2,3.32,3.42,Hs ≥ P95,3.11
668,1103,Bilbao costera,Costera,2018-01-07 04:00:00,2018-01-07 04:00:00,1,3.12,3.12,Hs ≥ P95,3.11
669,1103,Bilbao costera,Costera,2018-01-07 06:00:00,2018-01-07 07:00:00,2,3.18,3.21,Hs ≥ P95,3.11
670,1103,Bilbao costera,Costera,2018-01-07 09:00:00,2018-01-07 09:00:00,1,3.49,3.49,Hs ≥ P95,3.11
671,1103,Bilbao costera,Costera,2018-01-11 00:00:00,2018-01-11 00:00:00,1,3.39,3.39,Hs ≥ P95,3.11
672,1103,Bilbao costera,Costera,2018-01-11 02:00:00,2018-01-11 02:00:00,1,3.11,3.11,Hs ≥ P95,3.11
673,1103,Bilbao costera,Costera,2018-01-11 11:00:00,2018-01-11 11:00:00,1,3.25,3.25,Hs ≥ P95,3.11
674,1103,Bilbao costera,Costera,2018-01-11 15:00:00,2018-01-11 18:00:00,4,3.3,3.41,Hs ≥ P95,3.11
675,1103,Bilbao costera,Costera,2018-01-16 12:00:00,2018-01-19 08:00:00,69,4.42,6.2,Hs ≥ P95,3.11
676,1103,Bilbao costera,Costera,2018-01-19 19:00:00,2018-01-19 19:00:00,1,3.2,3.2,Hs ≥ P95,3.11
677,1103,Bilbao costera,Costera,2018-01-20 11:00:00,2018-01-21 09:00:00,23,3.69,4.14,Hs ≥ P95,3.11
678,1103,Bilbao costera,Costera,2018-01-25 12:00:00,2018-01-25 15:00:00,4,3.22,3.26,Hs ≥ P95,3.11
679,1103,Bilbao costera,Costera,2018-01-25 17:00:00,2018-01-25 18:00:00,2,3.15,3.18,Hs ≥ P95,3.11
680,1103,Bilbao costera,Costera,2018-01-26 21:00:00,2018-01-26 23:00:00,3,3.24,3.36,Hs ≥ P95,3.11
681,1103,Bilbao costera,Costera,2018-02-01 11:00:00,2018-02-02 09:00:00,23,3.7,4.47,Hs ≥ P95,3.11
682,1103,Bilbao costera,Costera,2018-02-02 13:00:00,2018-02-02 13:00:00,1,3.27,3.27,Hs ≥ P95,3.11
683,1103,Bilbao costera,Costera,2018-02-02 18:00:00,2018-02-02 19:00:00,2,3.16,3.18,Hs ≥ P95,3.11
684,1103,Bilbao costera,Costera,2018-02-04 16:00:00,2018-02-04 16:00:00,1,3.35,3.35,Hs ≥ P95,3.11
685,1103,Bilbao costera,Costera,2018-02-04 19:00:00,2018-02-04 20:00:00,2,3.25,3.33,Hs ≥ P95,3.11
686,1103,Bilbao costera,Costera,2018-02-05 03:00:00,2018-02-05 11:00:00,9,3.62,4.3,Hs ≥ P95,3.11
687,1103,Bilbao costera,Costera,2018-02-07 09:00:00,2018-02-08 00:00:00,16,3.5,3.78,Hs ≥ P95,3.11
688,1103,Bilbao costera,Costera,2018-02-09 19:00:00,2018-02-09 19:00:00,1,3.11,3.11,Hs ≥ P95,3.11
689,1103,Bilbao costera,Costera,2018-02-09 21:00:00,2018-02-10 16:00:00,20,3.56,3.89,Hs ≥ P95,3.11
690,1103,Bilbao costera,Costera,2018-02-10 20:00:00,2018-02-10 20:00:00,1,3.33,3.33,Hs ≥ P95,3.11
691,1103,Bilbao costera,Costera,2018-02-13 18:00:00,2018-02-13 18:00:00,1,3.15,3.15,Hs ≥ P95,3.11
692,1103,Bilbao costera,Costera,2018-02-15 20:00:00,2018-02-15 22:00:00,3,3.26,3.31,Hs ≥ P95,3.11
693,1103,Bilbao costera,Costera,2018-02-16 06:00:00,2018-02-16 06:00:00,1,3.15,3.15,Hs ≥ P95,3.11
694,1103,Bilbao costera,Costera,2018-02-16 16:00:00,2018-02-16 16:00:00,1,3.14,3.14,Hs ≥ P95,3.11
695,1103,Bilbao costera,Costera,2018-02-21 07:00:00,2018-02-21 07:00:00,1,3.11,3.11,Hs ≥ P95,3.11
696,1103,Bilbao costera,Costera,2018-03-20 07:00:00,2018-03-20 12:00:00,6,3.39,3.73,Hs ≥ P95,3.11
697,1103,Bilbao costera,Costera,2018-10-06 19:00:00,2018-10-06 20:00:00,2,3.14,3.17,Hs ≥ P95,3.11
698,1103,Bilbao costera,Costera,2018-10-06 23:00:00,2018-10-07 17:00:00,19,3.54,3.89,Hs ≥ P95,3.11
699,1103,Bilbao costera,Costera,2018-10-28 09:00:00,2018-10-28 10:00:00,2,3.44,3.48,Hs ≥ P95,3.11
700,1103,Bilbao costera,Costera,2018-10-28 12:00:00,2018-10-28 15:00:00,4,3.31,3.46,Hs ≥ P95,3.11
701,1103,Bilbao costera,Costera,2018-10-28 18:00:00,2018-10-28 18:00:00,1,3.13,3.13,Hs ≥ P95,3.11
702,1103,Bilbao costera,Costera,2018-10-28 21:00:00,2018-10-28 21:00:00,1,3.36,3.36,Hs ≥ P95,3.11
703,1103,Bilbao costera,Costera,2018-10-29 02:00:00,2018-10-29 15:00:00,14,3.78,4.51,Hs ≥ P95,3.11
704,1103,Bilbao costera,Costera,2018-11-09 03:00:00,2018-11-09 07:00:00,5,3.51,3.7,Hs ≥ P95,3.11
705,1103,Bilbao costera,Costera,2018-11-09 15:00:00,2018-11-09 15:00:00,1,3.13,3.13,Hs ≥ P95,3.11
706,1103,Bilbao costera,Costera,2018-12-08 15:00:00,2018-12-08 16:00:00,2,3.15,3.18,Hs ≥ P95,3.11
707,1103,Bilbao costera,Costera,2018-12-08 21:00:00,2018-12-08 22:00:00,2,3.24,3.3,Hs ≥ P95,3.11
708,1103,Bilbao costera,Costera,2018-12-09 01:00:00,2018-12-09 11:00:00,11,3.5,3.89,Hs ≥ P95,3.11
709,1103,Bilbao costera,Costera,2018-12-09 13:00:00,2018-12-10 05:00:00,17,3.77,4.29,Hs ≥ P95,3.11
710,1103,Bilbao costera,Costera,2018-12-10 09:00:00,2018-12-10 11:00:00,3,3.4,3.69,Hs ≥ P95,3.11
711,1103,Bilbao costera,Costera,2018-12-13 17:00:00,2018-12-13 17:00:00,1,3.16,3.16,Hs ≥ P95,3.11
712,1103,Bilbao costera,Costera,2018-12-13 21:00:00,2018-12-13 21:00:00,1,3.17,3.17,Hs ≥ P95,3.11
713,1103,Bilbao costera,Costera,2018-12-14 00:00:00,2018-12-14 00:00:00,1,3.47,3.47,Hs ≥ P95,3.11
714,1103,Bilbao costera,Costera,2018-12-14 02:00:00,2018-12-14 05:00:00,4,3.29,3.48,Hs ≥ P95,3.11
715,1103,Bilbao costera,Costera,2018-12-14 07:00:00,2018-12-14 07:00:00,1,3.17,3.17,Hs ≥ P95,3.11
716,1103,Bilbao costera,Costera,2018-12-16 18:00:00,2018-12-16 19:00:00,2,3.17,3.21,Hs ≥ P95,3.11
717,1103,Bilbao costera,Costera,2018-12-16 22:00:00,2018-12-16 22:00:00,1,3.18,3.18,Hs ≥ P95,3.11
718,1103,Bilbao costera,Costera,2019-01-23 01:00:00,2019-01-24 09:00:00,33,3.99,4.9,Hs ≥ P95,3.11
719,1103,Bilbao costera,Costera,2019-01-27 05:00:00,2019-01-28 22:00:00,42,3.99,5.48,Hs ≥ P95,3.11
720,1103,Bilbao costera,Costera,2019-01-29 16:00:00,2019-01-30 22:00:00,31,4.22,5.63,Hs ≥ P95,3.11
721,1103,Bilbao costera,Costera,2019-01-31 00:00:00,2019-01-31 00:00:00,1,3.18,3.18,Hs ≥ P95,3.11
722,1103,Bilbao costera,Costera,2019-02-01 14:00:00,2019-02-01 14:00:00,1,3.13,3.13,Hs ≥ P95,3.11
723,1103,Bilbao costera,Costera,2019-02-01 16:00:00,2019-02-01 16:00:00,1,3.35,3.35,Hs ≥ P95,3.11
724,1103,Bilbao costera,Costera,2019-02-02 03:00:00,2019-02-02 17:00:00,15,4.23,4.82,Hs ≥ P95,3.11
725,1103,Bilbao costera,Costera,2019-02-02 19:00:00,2019-02-02 23:00:00,5,3.41,3.58,Hs ≥ P95,3.11
726,1103,Bilbao costera,Costera,2019-02-07 01:00:00,2019-02-07 01:00:00,1,3.11,3.11,Hs ≥ P95,3.11
727,1103,Bilbao costera,Costera,2019-02-07 19:00:00,2019-02-07 19:00:00,1,3.2,3.2,Hs ≥ P95,3.11
728,1103,Bilbao costera,Costera,2019-02-09 08:00:00,2019-02-09 08:00:00,1,3.16,3.16,Hs ≥ P95,3.11
729,1103,Bilbao costera,Costera,2019-02-09 11:00:00,2019-02-09 11:00:00,1,3.15,3.15,Hs ≥ P95,3.11
730,1103,Bilbao costera,Costera,2019-02-10 13:00:00,2019-02-10 13:00:00,1,3.13,3.13,Hs ≥ P95,3.11
731,1103,Bilbao costera,Costera,2019-02-10 19:00:00,2019-02-10 19:00:00,1,3.25,3.25,Hs ≥ P95,3.11
732,1103,Bilbao costera,Costera,2019-03-10 13:00:00,2019-03-10 14:00:00,2,3.16,3.21,Hs ≥ P95,3.11
733,1103,Bilbao costera,Costera,2019-03-10 16:00:00,2019-03-10 16:00:00,1,3.26,3.26,Hs ≥ P95,3.11
734,1103,Bilbao costera,Costera,2019-03-11 02:00:00,2019-03-11 02:00:00,1,3.13,3.13,Hs ≥ P95,3.11
735,1103,Bilbao costera,Costera,2019-03-11 04:00:00,2019-03-11 06:00:00,3,3.3,3.35,Hs ≥ P95,3.11
736,1103,Bilbao costera,Costera,2019-03-13 07:00:00,2019-03-14 16:00:00,34,3.96,5.03,Hs ≥ P95,3.11
737,1103,Bilbao costera,Costera,2019-03-17 10:00:00,2019-03-17 11:00:00,2,3.28,3.38,Hs ≥ P95,3.11
738,1103,Bilbao costera,Costera,2019-04-03 14:00:00,2019-04-04 05:00:00,16,3.66,4.1,Hs ≥ P95,3.11
739,1103,Bilbao costera,Costera,2019-04-27 06:00:00,2019-04-27 06:00:00,1,3.16,3.16,Hs ≥ P95,3.11
740,1103,Bilbao costera,Costera,2019-04-27 09:00:00,2019-04-27 10:00:00,2,3.18,3.19,Hs ≥ P95,3.11
741,1103,Bilbao costera,Costera,2019-04-27 16:00:00,2019-04-27 20:00:00,5,3.41,3.69,Hs ≥ P95,3.11
742,1103,Bilbao costera,Costera,2019-04-27 22:00:00,2019-04-28 05:00:00,8,3.36,3.75,Hs ≥ P95,3.11
743,1103,Bilbao costera,Costera,2019-05-09 00:00:00,2019-05-09 07:00:00,8,3.6,4.02,Hs ≥ P95,3.11
744,1103,Bilbao costera,Costera,2019-09-10 09:00:00,2019-09-10 09:00:00,1,3.48,3.48,Hs ≥ P95,3.11
745,1103,Bilbao costera,Costera,2019-09-10 12:00:00,2019-09-10 18:00:00,7,3.41,3.84,Hs ≥ P95,3.11
746,1103,Bilbao costera,Costera,2019-09-25 07:00:00,2019-09-25 08:00:00,2,3.29,3.32,Hs ≥ P95,3.11
747,1103,Bilbao costera,Costera,2019-09-25 17:00:00,2019-09-25 17:00:00,1,3.11,3.11,Hs ≥ P95,3.11
748,1103,Bilbao costera,Costera,2019-10-02 04:00:00,2019-10-02 04:00:00,1,3.23,3.23,Hs ≥ P95,3.11
749,1103,Bilbao costera,Costera,2019-10-09 20:00:00,2019-10-09 21:00:00,2,3.3,3.31,Hs ≥ P95,3.11
750,1103,Bilbao costera,Costera,2019-10-10 14:00:00,2019-10-10 14:00:00,1,3.51,3.51,Hs ≥ P95,3.11
751,1103,Bilbao costera,Costera,2019-10-18 11:00:00,2019-10-18 13:00:00,3,3.18,3.27,Hs ≥ P95,3.11
752,1103,Bilbao costera,Costera,2019-10-19 02:00:00,2019-10-19 02:00:00,1,3.14,3.14,Hs ≥ P95,3.11
753,1103,Bilbao costera,Costera,2019-10-24 02:00:00,2019-10-24 04:00:00,3,3.29,3.48,Hs ≥ P95,3.11
754,1103,Bilbao costera,Costera,2019-11-02 21:00:00,2019-11-03 18:00:00,22,4.93,6.94,Hs ≥ P95,3.11
755,1103,Bilbao costera,Costera,2019-11-03 20:00:00,2019-11-04 06:00:00,11,3.74,4.44,Hs ≥ P95,3.11
756,1103,Bilbao costera,Costera,2019-11-04 08:00:00,2019-11-04 08:00:00,1,3.37,3.37,Hs ≥ P95,3.11
757,1103,Bilbao costera,Costera,2019-11-04 10:00:00,2019-11-06 09:00:00,48,3.9,4.94,Hs ≥ P95,3.11
758,1103,Bilbao costera,Costera,2019-11-07 02:00:00,2019-11-07 03:00:00,2,3.44,3.51,Hs ≥ P95,3.11
759,1103,Bilbao costera,Costera,2019-11-07 05:00:00,2019-11-07 05:00:00,1,3.26,3.26,Hs ≥ P95,3.11
760,1103,Bilbao costera,Costera,2019-11-07 08:00:00,2019-11-07 20:00:00,13,3.73,4.29,Hs ≥ P95,3.11
761,1103,Bilbao costera,Costera,2019-11-07 22:00:00,2019-11-09 05:00:00,32,4.51,5.82,Hs ≥ P95,3.11
762,1103,Bilbao costera,Costera,2019-11-09 16:00:00,2019-11-11 05:00:00,38,3.71,4.63,Hs ≥ P95,3.11
763,1103,Bilbao costera,Costera,2019-11-11 13:00:00,2019-11-11 15:00:00,3,3.2,3.29,Hs ≥ P95,3.11
764,1103,Bilbao costera,Costera,2019-11-11 17:00:00,2019-11-11 19:00:00,3,3.49,3.67,Hs ≥ P95,3.11
765,1103,Bilbao costera,Costera,2019-11-12 07:00:00,2019-11-13 10:00:00,28,3.84,4.27,Hs ≥ P95,3.11
766,1103,Bilbao costera,Costera,2019-11-13 15:00:00,2019-11-13 15:00:00,1,3.15,3.15,Hs ≥ P95,3.11
767,1103,Bilbao costera,Costera,2019-11-13 18:00:00,2019-11-13 18:00:00,1,3.12,3.12,Hs ≥ P95,3.11
768,1103,Bilbao costera,Costera,2019-11-13 23:00:00,2019-11-15 21:00:00,47,4.03,5.29,Hs ≥ P95,3.11
769,1103,Bilbao costera,Costera,2019-11-15 23:00:00,2019-11-16 02:00:00,4,3.36,3.48,Hs ≥ P95,3.11
770,1103,Bilbao costera,Costera,2019-11-16 13:00:00,2019-11-16 22:00:00,10,3.47,3.82,Hs ≥ P95,3.11
771,1103,Bilbao costera,Costera,2019-11-23 06:00:00,2019-11-23 14:00:00,9,3.91,4.53,Hs ≥ P95,3.11
772,1103,Bilbao costera,Costera,2019-11-23 16:00:00,2019-11-23 17:00:00,2,3.38,3.44,Hs ≥ P95,3.11
773,1103,Bilbao costera,Costera,2019-11-23 21:00:00,2019-11-23 22:00:00,2,3.18,3.2,Hs ≥ P95,3.11
774,1103,Bilbao costera,Costera,2019-12-09 03:00:00,2019-12-10 08:00:00,30,4.95,6.77,Hs ≥ P95,3.11
775,1103,Bilbao costera,Costera,2019-12-10 10:00:00,2019-12-10 10:00:00,1,3.62,3.62,Hs ≥ P95,3.11
776,1103,Bilbao costera,Costera,2019-12-11 18:00:00,2019-12-14 11:00:00,66,4.42,6.18,Hs ≥ P95,3.11
777,1103,Bilbao costera,Costera,2019-12-14 13:00:00,2019-12-14 22:00:00,10,3.44,3.76,Hs ≥ P95,3.11
778,1103,Bilbao costera,Costera,2019-12-15 07:00:00,2019-12-15 12:00:00,6,3.29,3.42,Hs ≥ P95,3.11
779,1103,Bilbao costera,Costera,2019-12-15 14:00:00,2019-12-15 18:00:00,5,3.31,3.52,Hs ≥ P95,3.11
780,1103,Bilbao costera,Costera,2019-12-15 20:00:00,2019-12-16 10:00:00,15,3.68,4.33,Hs ≥ P95,3.11
781,1103,Bilbao costera,Costera,2019-12-16 19:00:00,2019-12-16 20:00:00,2,3.18,3.23,Hs ≥ P95,3.11
782,1103,Bilbao costera,Costera,2019-12-16 22:00:00,2019-12-16 23:00:00,2,3.18,3.21,Hs ≥ P95,3.11
783,1103,Bilbao costera,Costera,2020-01-28 03:00:00,2020-01-28 03:00:00,1,3.12,3.12,Hs ≥ P95,3.11
784,1103,Bilbao costera,Costera,2020-01-28 05:00:00,2020-01-29 11:00:00,31,3.79,4.32,Hs ≥ P95,3.11
785,1103,Bilbao costera,Costera,2020-01-29 15:00:00,2020-01-29 17:00:00,3,3.18,3.21,Hs ≥ P95,3.11
786,1103,Bilbao costera,Costera,2020-02-09 19:00:00,2020-02-09 19:00:00,1,3.33,3.33,Hs ≥ P95,3.11
787,1103,Bilbao costera,Costera,2020-02-09 21:00:00,2020-02-09 21:00:00,1,3.24,3.24,Hs ≥ P95,3.11
788,1103,Bilbao costera,Costera,2020-02-09 23:00:00,2020-02-12 17:00:00,67,4.0,5.0,Hs ≥ P95,3.11
789,1103,Bilbao costera,Costera,2020-02-12 19:00:00,2020-02-12 19:00:00,1,3.53,3.53,Hs ≥ P95,3.11
790,1103,Bilbao costera,Costera,2020-02-12 21:00:00,2020-02-13 01:00:00,5,3.27,3.37,Hs ≥ P95,3.11
791,1103,Bilbao costera,Costera,2020-02-13 21:00:00,2020-02-14 11:00:00,15,3.72,4.57,Hs ≥ P95,3.11
792,1103,Bilbao costera,Costera,2020-02-16 13:00:00,2020-02-16 14:00:00,2,3.23,3.27,Hs ≥ P95,3.11
793,1103,Bilbao costera,Costera,2020-02-16 16:00:00,2020-02-16 16:00:00,1,3.16,3.16,Hs ≥ P95,3.11
794,1103,Bilbao costera,Costera,2020-02-17 02:00:00,2020-02-17 02:00:00,1,3.16,3.16,Hs ≥ P95,3.11
795,1103,Bilbao costera,Costera,2020-02-17 07:00:00,2020-02-18 11:00:00,29,4.01,5.35,Hs ≥ P95,3.11
796,1103,Bilbao costera,Costera,2020-02-18 13:00:00,2020-02-18 13:00:00,1,3.12,3.12,Hs ≥ P95,3.11
797,1103,Bilbao costera,Costera,2020-02-23 18:00:00,2020-02-23 18:00:00,1,3.21,3.21,Hs ≥ P95,3.11
798,1103,Bilbao costera,Costera,2020-02-23 21:00:00,2020-02-23 21:00:00,1,3.4,3.4,Hs ≥ P95,3.11
799,1103,Bilbao costera,Costera,2020-02-24 04:00:00,2020-02-24 04:00:00,1,3.11,3.11,Hs ≥ P95,3.11
800,1103,Bilbao costera,Costera,2020-02-26 01:00:00,2020-02-26 01:00:00,1,3.12,3.12,Hs ≥ P95,3.11
801,1103,Bilbao costera,Costera,2020-02-26 04:00:00,2020-02-27 01:00:00,22,3.77,4.25,Hs ≥ P95,3.11
802,1103,Bilbao costera,Costera,2020-02-27 03:00:00,2020-02-27 05:00:00,3,3.22,3.25,Hs ≥ P95,3.11
803,1103,Bilbao costera,Costera,2020-02-27 07:00:00,2020-02-27 07:00:00,1,3.31,3.31,Hs ≥ P95,3.11
804,1103,Bilbao costera,Costera,2020-02-27 09:00:00,2020-02-27 20:00:00,12,3.58,3.93,Hs ≥ P95,3.11
805,1103,Bilbao costera,Costera,2020-02-27 22:00:00,2020-02-27 22:00:00,1,3.12,3.12,Hs ≥ P95,3.11
806,1103,Bilbao costera,Costera,2020-02-29 16:00:00,2020-02-29 16:00:00,1,3.33,3.33,Hs ≥ P95,3.11
807,1103,Bilbao costera,Costera,2020-03-01 07:00:00,2020-03-01 23:00:00,17,3.94,4.52,Hs ≥ P95,3.11
808,1103,Bilbao costera,Costera,2020-03-02 01:00:00,2020-03-02 02:00:00,2,3.42,3.58,Hs ≥ P95,3.11
809,1103,Bilbao costera,Costera,2020-03-02 04:00:00,2020-03-03 03:00:00,24,3.76,4.25,Hs ≥ P95,3.11
810,1103,Bilbao costera,Costera,2020-03-03 12:00:00,2020-03-03 19:00:00,8,4.29,5.16,Hs ≥ P95,3.11
811,1103,Bilbao costera,Costera,2020-03-05 12:00:00,2020-03-05 22:00:00,11,3.57,4.0,Hs ≥ P95,3.11
812,1103,Bilbao costera,Costera,2020-03-06 04:00:00,2020-03-07 09:00:00,30,3.98,4.53,Hs ≥ P95,3.11
813,1103,Bilbao costera,Costera,2020-03-13 11:00:00,2020-03-13 11:00:00,1,3.24,3.24,Hs ≥ P95,3.11
814,1103,Bilbao costera,Costera,2020-03-13 13:00:00,2020-03-13 13:00:00,1,3.35,3.35,Hs ≥ P95,3.11
815,1103,Bilbao costera,Costera,2020-03-13 16:00:00,2020-03-13 16:00:00,1,3.16,3.16,Hs ≥ P95,3.11
816,1103,Bilbao costera,Costera,2020-06-12 09:00:00,2020-06-12 09:00:00,1,3.37,3.37,Hs ≥ P95,3.11
817,1103,Bilbao costera,Costera,2020-09-24 18:00:00,2020-09-26 02:00:00,33,4.21,5.58,Hs ≥ P95,3.11
818,1103,Bilbao costera,Costera,2020-09-26 04:00:00,2020-09-26 05:00:00,2,3.23,3.27,Hs ≥ P95,3.11
819,1103,Bilbao costera,Costera,2020-09-26 18:00:00,2020-09-26 20:00:00,3,3.24,3.38,Hs ≥ P95,3.11
820,1103,Bilbao costera,Costera,2020-10-02 07:00:00,2020-10-02 12:00:00,6,3.65,4.06,Hs ≥ P95,3.11
821,1103,Bilbao costera,Costera,2020-10-02 21:00:00,2020-10-03 23:00:00,27,4.23,5.11,Hs ≥ P95,3.11
822,1103,Bilbao costera,Costera,2020-10-04 07:00:00,2020-10-05 06:00:00,24,3.59,4.22,Hs ≥ P95,3.11
823,1103,Bilbao costera,Costera,2020-10-05 08:00:00,2020-10-05 08:00:00,1,3.11,3.11,Hs ≥ P95,3.11
824,1103,Bilbao costera,Costera,2020-10-05 16:00:00,2020-10-05 20:00:00,5,3.28,3.47,Hs ≥ P95,3.11
825,1103,Bilbao costera,Costera,2020-10-06 15:00:00,2020-10-06 15:00:00,1,3.13,3.13,Hs ≥ P95,3.11
826,1103,Bilbao costera,Costera,2020-10-25 15:00:00,2020-10-25 16:00:00,2,3.33,3.33,Hs ≥ P95,3.11
827,1103,Bilbao costera,Costera,2020-10-25 21:00:00,2020-10-25 21:00:00,1,3.11,3.11,Hs ≥ P95,3.11
828,1103,Bilbao costera,Costera,2020-10-27 04:00:00,2020-10-27 04:00:00,1,3.34,3.34,Hs ≥ P95,3.11
829,1103,Bilbao costera,Costera,2020-10-27 06:00:00,2020-10-27 08:00:00,3,3.22,3.27,Hs ≥ P95,3.11
830,1103,Bilbao costera,Costera,2020-10-27 21:00:00,2020-10-27 21:00:00,1,3.15,3.15,Hs ≥ P95,3.11
831,1103,Bilbao costera,Costera,2020-10-28 15:00:00,2020-10-29 23:00:00,33,3.89,4.77,Hs ≥ P95,3.11
832,1103,Bilbao costera,Costera,2020-11-03 03:00:00,2020-11-03 04:00:00,2,3.36,3.54,Hs ≥ P95,3.11
833,1103,Bilbao costera,Costera,2020-11-14 02:00:00,2020-11-14 02:00:00,1,3.12,3.12,Hs ≥ P95,3.11
834,1103,Bilbao costera,Costera,2020-11-16 05:00:00,2020-11-16 08:00:00,4,3.34,3.41,Hs ≥ P95,3.11
835,1103,Bilbao costera,Costera,2020-11-16 10:00:00,2020-11-16 10:00:00,1,3.12,3.12,Hs ≥ P95,3.11
836,1103,Bilbao costera,Costera,2020-11-16 16:00:00,2020-11-16 17:00:00,2,3.25,3.32,Hs ≥ P95,3.11
837,1103,Bilbao costera,Costera,2020-12-03 21:00:00,2020-12-04 21:00:00,25,4.25,5.08,Hs ≥ P95,3.11
838,1103,Bilbao costera,Costera,2020-12-04 23:00:00,2020-12-06 15:00:00,41,4.17,4.98,Hs ≥ P95,3.11
839,1103,Bilbao costera,Costera,2020-12-06 18:00:00,2020-12-06 18:00:00,1,3.22,3.22,Hs ≥ P95,3.11
840,1103,Bilbao costera,Costera,2020-12-07 09:00:00,2020-12-07 14:00:00,6,3.29,3.4,Hs ≥ P95,3.11
841,1103,Bilbao costera,Costera,2020-12-07 16:00:00,2020-12-08 08:00:00,17,4.16,5.22,Hs ≥ P95,3.11
842,1103,Bilbao costera,Costera,2020-12-11 22:00:00,2020-12-12 13:00:00,16,3.65,4.13,Hs ≥ P95,3.11
843,1103,Bilbao costera,Costera,2020-12-12 15:00:00,2020-12-12 15:00:00,1,3.36,3.36,Hs ≥ P95,3.11
844,1103,Bilbao costera,Costera,2020-12-24 06:00:00,2020-12-24 15:00:00,10,3.37,3.83,Hs ≥ P95,3.11
845,1103,Bilbao costera,Costera,2020-12-24 18:00:00,2020-12-24 18:00:00,1,3.37,3.37,Hs ≥ P95,3.11
846,1103,Bilbao costera,Costera,2020-12-24 23:00:00,2020-12-24 23:00:00,1,3.51,3.51,Hs ≥ P95,3.11
847,1103,Bilbao costera,Costera,2020-12-27 15:00:00,2020-12-30 16:00:00,74,4.78,6.49,Hs ≥ P95,3.11
848,1103,Bilbao costera,Costera,2021-01-01 22:00:00,2021-01-02 07:00:00,10,3.56,4.28,Hs ≥ P95,3.11
849,1103,Bilbao costera,Costera,2021-01-30 16:00:00,2021-01-30 16:00:00,1,3.16,3.16,Hs ≥ P95,3.11
850,1103,Bilbao costera,Costera,2021-01-30 18:00:00,2021-01-31 07:00:00,14,3.87,4.6,Hs ≥ P95,3.11
851,1103,Bilbao costera,Costera,2021-01-31 22:00:00,2021-02-01 02:00:00,5,3.29,3.48,Hs ≥ P95,3.11
852,1103,Bilbao costera,Costera,2021-02-01 11:00:00,2021-02-01 16:00:00,6,3.33,3.62,Hs ≥ P95,3.11
853,1103,Bilbao costera,Costera,2021-02-01 19:00:00,2021-02-01 21:00:00,3,3.23,3.31,Hs ≥ P95,3.11
854,1103,Bilbao costera,Costera,2021-03-11 19:00:00,2021-03-12 07:00:00,13,3.55,4.04,Hs ≥ P95,3.11
855,1103,Bilbao costera,Costera,2021-03-12 10:00:00,2021-03-12 10:00:00,1,3.37,3.37,Hs ≥ P95,3.11
856,1103,Bilbao costera,Costera,2021-03-12 15:00:00,2021-03-12 16:00:00,2,3.2,3.25,Hs ≥ P95,3.11
857,1103,Bilbao costera,Costera,2021-03-13 09:00:00,2021-03-14 14:00:00,30,3.62,4.57,Hs ≥ P95,3.11
858,1103,Bilbao costera,Costera,2021-03-27 14:00:00,2021-03-28 04:00:00,15,3.5,4.06,Hs ≥ P95,3.11
859,1103,Bilbao costera,Costera,2021-05-24 20:00:00,2021-05-25 02:00:00,7,3.5,3.93,Hs ≥ P95,3.11
860,1103,Bilbao costera,Costera,2021-05-25 04:00:00,2021-05-25 04:00:00,1,3.13,3.13,Hs ≥ P95,3.11
861,1103,Bilbao costera,Costera,2021-10-03 06:00:00,2021-10-03 06:00:00,1,3.19,3.19,Hs ≥ P95,3.11
862,1103,Bilbao costera,Costera,2021-10-21 00:00:00,2021-10-21 00:00:00,1,3.52,3.52,Hs ≥ P95,3.11
863,1103,Bilbao costera,Costera,2021-10-21 04:00:00,2021-10-21 04:00:00,1,3.21,3.21,Hs ≥ P95,3.11
864,1103,Bilbao costera,Costera,2021-10-21 06:00:00,2021-10-21 06:00:00,1,3.21,3.21,Hs ≥ P95,3.11
865,1103,Bilbao costera,Costera,2021-11-01 22:00:00,2021-11-02 01:00:00,4,3.34,3.43,Hs ≥ P95,3.11
866,1103,Bilbao costera,Costera,2021-11-02 17:00:00,2021-11-02 17:00:00,1,3.41,3.41,Hs ≥ P95,3.11
867,1103,Bilbao costera,Costera,2021-11-22 14:00:00,2021-11-22 17:00:00,4,3.33,3.46,Hs ≥ P95,3.11
868,1103,Bilbao costera,Costera,2021-11-26 06:00:00,2021-11-26 07:00:00,2,3.25,3.37,Hs ≥ P95,3.11
869,1103,Bilbao costera,Costera,2021-11-26 09:00:00,2021-11-26 09:00:00,1,3.35,3.35,Hs ≥ P95,3.11
870,1103,Bilbao costera,Costera,2021-11-26 11:00:00,2021-11-26 11:00:00,1,3.13,3.13,Hs ≥ P95,3.11
871,1103,Bilbao costera,Costera,2021-11-26 20:00:00,2021-11-26 23:00:00,4,3.16,3.2,Hs ≥ P95,3.11
872,1103,Bilbao costera,Costera,2021-11-27 02:00:00,2021-11-27 02:00:00,1,3.3,3.3,Hs ≥ P95,3.11
873,1103,Bilbao costera,Costera,2021-11-27 04:00:00,2021-11-28 18:00:00,39,4.78,6.02,Hs ≥ P95,3.11
874,1103,Bilbao costera,Costera,2021-11-29 00:00:00,2021-11-29 00:00:00,1,3.19,3.19,Hs ≥ P95,3.11
875,1103,Bilbao costera,Costera,2021-12-02 03:00:00,2021-12-02 03:00:00,1,3.14,3.14,Hs ≥ P95,3.11
876,1103,Bilbao costera,Costera,2021-12-02 09:00:00,2021-12-02 17:00:00,9,3.5,3.82,Hs ≥ P95,3.11
877,1103,Bilbao costera,Costera,2021-12-02 19:00:00,2021-12-02 21:00:00,3,3.27,3.4,Hs ≥ P95,3.11
878,1103,Bilbao costera,Costera,2021-12-03 02:00:00,2021-12-03 02:00:00,1,3.15,3.15,Hs ≥ P95,3.11
879,1103,Bilbao costera,Costera,2021-12-04 12:00:00,2021-12-04 21:00:00,10,3.39,4.13,Hs ≥ P95,3.11
880,1103,Bilbao costera,Costera,2021-12-05 02:00:00,2021-12-06 05:00:00,28,4.27,5.5,Hs ≥ P95,3.11
881,1103,Bilbao costera,Costera,2021-12-07 21:00:00,2021-12-09 07:00:00,35,4.06,5.45,Hs ≥ P95,3.11
882,1103,Bilbao costera,Costera,2021-12-09 09:00:00,2021-12-11 05:00:00,45,3.76,4.33,Hs ≥ P95,3.11
883,1103,Bilbao costera,Costera,2021-12-11 08:00:00,2021-12-11 09:00:00,2,3.31,3.32,Hs ≥ P95,3.11
884,1103,Bilbao costera,Costera,2021-12-11 12:00:00,2021-12-11 18:00:00,7,3.31,3.63,Hs ≥ P95,3.11
885,1103,Bilbao costera,Costera,2022-01-07 16:00:00,2022-01-10 17:00:00,74,4.4,5.78,Hs ≥ P95,3.11
886,1103,Bilbao costera,Costera,2022-01-10 21:00:00,2022-01-10 21:00:00,1,3.11,3.11,Hs ≥ P95,3.11
887,1103,Bilbao costera,Costera,2022-01-10 23:00:00,2022-01-11 00:00:00,2,3.44,3.49,Hs ≥ P95,3.11
888,1103,Bilbao costera,Costera,2022-01-12 10:00:00,2022-01-12 10:00:00,1,3.13,3.13,Hs ≥ P95,3.11
889,1103,Bilbao costera,Costera,2022-02-07 06:00:00,2022-02-07 06:00:00,1,3.25,3.25,Hs ≥ P95,3.11
890,1103,Bilbao costera,Costera,2022-02-07 09:00:00,2022-02-07 10:00:00,2,3.18,3.23,Hs ≥ P95,3.11
891,1103,Bilbao costera,Costera,2022-02-07 13:00:00,2022-02-07 13:00:00,1,3.2,3.2,Hs ≥ P95,3.11
892,1103,Bilbao costera,Costera,2022-02-07 17:00:00,2022-02-07 21:00:00,5,3.26,3.48,Hs ≥ P95,3.11
893,1103,Bilbao costera,Costera,2022-02-09 15:00:00,2022-02-09 15:00:00,1,3.32,3.32,Hs ≥ P95,3.11
894,1103,Bilbao costera,Costera,2022-02-09 18:00:00,2022-02-09 18:00:00,1,3.3,3.3,Hs ≥ P95,3.11
895,1103,Bilbao costera,Costera,2022-02-10 02:00:00,2022-02-10 02:00:00,1,3.29,3.29,Hs ≥ P95,3.11
896,1103,Bilbao costera,Costera,2022-02-10 05:00:00,2022-02-10 07:00:00,3,3.21,3.24,Hs ≥ P95,3.11
897,1103,Bilbao costera,Costera,2022-02-10 09:00:00,2022-02-10 09:00:00,1,3.11,3.11,Hs ≥ P95,3.11
898,1103,Bilbao costera,Costera,2022-02-17 14:00:00,2022-02-17 15:00:00,2,3.21,3.27,Hs ≥ P95,3.11
899,1103,Bilbao costera,Costera,2022-02-17 17:00:00,2022-02-17 17:00:00,1,3.14,3.14,Hs ≥ P95,3.11
900,1103,Bilbao costera,Costera,2022-02-18 16:00:00,2022-02-18 16:00:00,1,3.18,3.18,Hs ≥ P95,3.11
901,1103,Bilbao costera,Costera,2022-02-18 20:00:00,2022-02-19 16:00:00,21,3.61,4.09,Hs ≥ P95,3.11
902,1103,Bilbao costera,Costera,2022-02-19 18:00:00,2022-02-19 18:00:00,1,3.15,3.15,Hs ≥ P95,3.11
903,1103,Bilbao costera,Costera,2022-02-20 01:00:00,2022-02-20 01:00:00,1,3.15,3.15,Hs ≥ P95,3.11
904,1103,Bilbao costera,Costera,2022-02-20 06:00:00,2022-02-20 06:00:00,1,3.14,3.14,Hs ≥ P95,3.11
905,1103,Bilbao costera,Costera,2022-02-20 08:00:00,2022-02-20 08:00:00,1,3.32,3.32,Hs ≥ P95,3.11
906,1103,Bilbao costera,Costera,2022-02-21 06:00:00,2022-02-21 06:00:00,1,3.24,3.24,Hs ≥ P95,3.11
907,1103,Bilbao costera,Costera,2022-02-21 08:00:00,2022-02-22 19:00:00,36,3.76,5.02,Hs ≥ P95,3.11
908,1103,Bilbao costera,Costera,2022-02-22 21:00:00,2022-02-22 21:00:00,1,3.18,3.18,Hs ≥ P95,3.11
909,1103,Bilbao costera,Costera,2022-02-24 16:00:00,2022-02-26 00:00:00,33,3.78,4.78,Hs ≥ P95,3.11
910,1103,Bilbao costera,Costera,2022-02-26 03:00:00,2022-02-26 03:00:00,1,3.3,3.3,Hs ≥ P95,3.11
911,1103,Bilbao costera,Costera,2022-03-13 14:00:00,2022-03-13 14:00:00,1,3.28,3.28,Hs ≥ P95,3.11
912,1103,Bilbao costera,Costera,2022-03-13 17:00:00,2022-03-13 18:00:00,2,3.14,3.16,Hs ≥ P95,3.11
913,1103,Bilbao costera,Costera,2022-03-17 06:00:00,2022-03-17 06:00:00,1,3.24,3.24,Hs ≥ P95,3.11
914,1103,Bilbao costera,Costera,2022-03-17 09:00:00,2022-03-17 09:00:00,1,3.26,3.26,Hs ≥ P95,3.11
915,1103,Bilbao costera,Costera,2022-03-17 14:00:00,2022-03-17 14:00:00,1,3.24,3.24,Hs ≥ P95,3.11
916,1103,Bilbao costera,Costera,2022-04-01 08:00:00,2022-04-01 08:00:00,1,3.15,3.15,Hs ≥ P95,3.11
917,1103,Bilbao costera,Costera,2022-09-28 05:00:00,2022-09-28 07:00:00,3,3.34,3.48,Hs ≥ P95,3.11
918,1103,Bilbao costera,Costera,2022-09-28 10:00:00,2022-09-28 17:00:00,8,3.38,3.66,Hs ≥ P95,3.11
919,1103,Bilbao costera,Costera,2022-10-16 16:00:00,2022-10-16 16:00:00,1,3.22,3.22,Hs ≥ P95,3.11
920,1103,Bilbao costera,Costera,2022-11-03 15:00:00,2022-11-03 18:00:00,4,3.45,3.77,Hs ≥ P95,3.11
921,1103,Bilbao costera,Costera,2022-11-03 20:00:00,2022-11-03 20:00:00,1,3.26,3.26,Hs ≥ P95,3.11
922,1103,Bilbao costera,Costera,2022-11-04 02:00:00,2022-11-04 18:00:00,17,3.82,4.66,Hs ≥ P95,3.11
923,1103,Bilbao costera,Costera,2022-11-04 20:00:00,2022-11-04 21:00:00,2,3.24,3.26,Hs ≥ P95,3.11
924,1103,Bilbao costera,Costera,2022-11-04 23:00:00,2022-11-05 01:00:00,3,3.27,3.31,Hs ≥ P95,3.11
925,1103,Bilbao costera,Costera,2022-11-07 00:00:00,2022-11-07 00:00:00,1,3.14,3.14,Hs ≥ P95,3.11
926,1103,Bilbao costera,Costera,2022-11-07 02:00:00,2022-11-07 12:00:00,11,3.72,4.38,Hs ≥ P95,3.11
927,1103,Bilbao costera,Costera,2022-11-07 15:00:00,2022-11-07 19:00:00,5,3.22,3.36,Hs ≥ P95,3.11
928,1103,Bilbao costera,Costera,2022-11-16 21:00:00,2022-11-17 10:00:00,14,3.44,3.77,Hs ≥ P95,3.11
929,1103,Bilbao costera,Costera,2022-11-17 12:00:00,2022-11-17 20:00:00,9,3.47,3.81,Hs ≥ P95,3.11
930,1103,Bilbao costera,Costera,2022-11-21 13:00:00,2022-11-23 04:00:00,40,4.03,5.1,Hs ≥ P95,3.11
931,1103,Bilbao costera,Costera,2022-11-23 06:00:00,2022-11-23 14:00:00,9,3.52,3.97,Hs ≥ P95,3.11
932,1103,Bilbao costera,Costera,2022-11-23 16:00:00,2022-11-23 19:00:00,4,3.3,3.47,Hs ≥ P95,3.11
933,1103,Bilbao costera,Costera,2022-11-24 07:00:00,2022-11-24 11:00:00,5,3.46,3.6,Hs ≥ P95,3.11
934,1103,Bilbao costera,Costera,2022-11-24 14:00:00,2022-11-24 14:00:00,1,3.46,3.46,Hs ≥ P95,3.11
935,1103,Bilbao costera,Costera,2022-11-25 05:00:00,2022-11-25 05:00:00,1,3.18,3.18,Hs ≥ P95,3.11
936,1103,Bilbao costera,Costera,2022-11-25 09:00:00,2022-11-25 09:00:00,1,3.15,3.15,Hs ≥ P95,3.11
937,1103,Bilbao costera,Costera,2022-11-25 13:00:00,2022-11-25 18:00:00,6,3.26,3.37,Hs ≥ P95,3.11
938,1103,Bilbao costera,Costera,2022-11-28 21:00:00,2022-11-29 07:00:00,11,3.44,3.91,Hs ≥ P95,3.11
939,1103,Bilbao costera,Costera,2023-03-10 04:00:00,2023-03-10 16:00:00,13,3.51,3.88,Hs ≥ P95,3.11
940,1103,Bilbao costera,Costera,2023-03-10 18:00:00,2023-03-10 18:00:00,1,3.13,3.13,Hs ≥ P95,3.11
941,1103,Bilbao costera,Costera,2023-03-13 23:00:00,2023-03-14 12:00:00,14,3.65,4.05,Hs ≥ P95,3.11
942,1103,Bilbao costera,Costera,2023-03-26 09:00:00,2023-03-26 09:00:00,1,3.16,3.16,Hs ≥ P95,3.11
943,1103,Bilbao costera,Costera,2023-03-26 13:00:00,2023-03-27 01:00:00,13,3.76,4.3,Hs ≥ P95,3.11
944,1103,Bilbao costera,Costera,2023-03-31 07:00:00,2023-03-31 07:00:00,1,3.11,3.11,Hs ≥ P95,3.11
945,1103,Bilbao costera,Costera,2023-03-31 11:00:00,2023-03-31 23:00:00,13,3.32,3.71,Hs ≥ P95,3.11
946,1103,Bilbao costera,Costera,2023-04-01 20:00:00,2023-04-01 20:00:00,1,3.14,3.14,Hs ≥ P95,3.11
947,1103,Bilbao costera,Costera,2023-04-12 16:00:00,2023-04-12 16:00:00,1,3.31,3.31,Hs ≥ P95,3.11
948,1103,Bilbao costera,Costera,2023-04-12 19:00:00,2023-04-12 19:00:00,1,3.19,3.19,Hs ≥ P95,3.11
949,1103,Bilbao costera,Costera,2023-04-12 21:00:00,2023-04-12 21:00:00,1,3.24,3.24,Hs ≥ P95,3.11
950,1103,Bilbao costera,Costera,2023-04-13 00:00:00,2023-04-13 18:00:00,19,3.54,4.18,Hs ≥ P95,3.11
951,1103,Bilbao costera,Costera,2023-04-14 16:00:00,2023-04-14 20:00:00,5,3.25,3.35,Hs ≥ P95,3.11
952,1103,Bilbao costera,Costera,2023-08-02 19:00:00,2023-08-03 11:00:00,17,3.69,4.24,Hs ≥ P95,3.11
953,1103,Bilbao costera,Costera,2023-08-03 19:00:00,2023-08-03 19:00:00,1,3.11,3.11,Hs ≥ P95,3.11
954,1103,Bilbao costera,Costera,2023-10-20 09:00:00,2023-10-20 23:00:00,15,3.52,4.17,Hs ≥ P95,3.11
955,1103,Bilbao costera,Costera,2023-10-21 12:00:00,2023-10-21 15:00:00,4,3.48,3.56,Hs ≥ P95,3.11
956,1103,Bilbao costera,Costera,2023-10-21 17:00:00,2023-10-22 05:00:00,13,3.59,4.16,Hs ≥ P95,3.11
957,1103,Bilbao costera,Costera,2023-10-22 09:00:00,2023-10-22 09:00:00,1,3.17,3.17,Hs ≥ P95,3.11
958,1103,Bilbao costera,Costera,2023-10-27 13:00:00,2023-10-27 13:00:00,1,3.11,3.11,Hs ≥ P95,3.11
959,1103,Bilbao costera,Costera,2023-10-28 05:00:00,2023-10-28 08:00:00,4,3.35,3.54,Hs ≥ P95,3.11
960,1103,Bilbao costera,Costera,2023-10-28 23:00:00,2023-10-29 02:00:00,4,3.46,3.54,Hs ≥ P95,3.11
961,1103,Bilbao costera,Costera,2023-10-31 01:00:00,2023-10-31 04:00:00,4,3.25,3.27,Hs ≥ P95,3.11
962,1103,Bilbao costera,Costera,2023-11-01 12:00:00,2023-11-01 12:00:00,1,3.17,3.17,Hs ≥ P95,3.11
963,1103,Bilbao costera,Costera,2023-11-02 02:00:00,2023-11-04 02:00:00,49,4.31,5.61,Hs ≥ P95,3.11
964,1103,Bilbao costera,Costera,2023-11-04 04:00:00,2023-11-05 20:00:00,41,4.12,7.02,Hs ≥ P95,3.11
965,1103,Bilbao costera,Costera,2023-11-06 08:00:00,2023-11-06 08:00:00,1,3.21,3.21,Hs ≥ P95,3.11
966,1103,Bilbao costera,Costera,2023-11-06 10:00:00,2023-11-06 14:00:00,5,3.53,3.87,Hs ≥ P95,3.11
967,1103,Bilbao costera,Costera,2023-11-06 16:00:00,2023-11-06 16:00:00,1,3.18,3.18,Hs ≥ P95,3.11
968,1103,Bilbao costera,Costera,2023-11-07 00:00:00,2023-11-07 06:00:00,7,3.34,3.54,Hs ≥ P95,3.11
969,1103,Bilbao costera,Costera,2023-11-07 17:00:00,2023-11-07 17:00:00,1,3.12,3.12,Hs ≥ P95,3.11
970,1103,Bilbao costera,Costera,2023-11-09 20:00:00,2023-11-11 10:00:00,39,4.03,5.41,Hs ≥ P95,3.11
971,1103,Bilbao costera,Costera,2023-11-21 04:00:00,2023-11-21 20:00:00,17,3.68,4.14,Hs ≥ P95,3.11
972,1103,Bilbao costera,Costera,2023-11-21 23:00:00,2023-11-21 23:00:00,1,3.15,3.15,Hs ≥ P95,3.11
973,1103,Bilbao costera,Costera,2024-12-07 09:00:00,2024-12-09 18:00:00,58,4.84,6.38,Hs ≥ P95,3.11
974,1103,Bilbao costera,Costera,2024-12-09 21:00:00,2024-12-09 22:00:00,2,3.16,3.2,Hs ≥ P95,3.11
975,1103,Bilbao costera,Costera,2024-12-22 11:00:00,2024-12-24 04:00:00,42,4.43,5.77,Hs ≥ P95,3.11
1,1117,Gijón costera,Costera,2005-01-06 01:00:00,2005-01-06 14:00:00,14,3.88,4.48,Hs ≥ P95,3.34
2,1117,Gijón costera,Costera,2005-01-06 16:00:00,2005-01-06 19:00:00,4,3.6,3.76,Hs ≥ P95,3.34
3,1117,Gijón costera,Costera,2005-01-07 01:00:00,2005-01-07 01:00:00,1,3.38,3.38,Hs ≥ P95,3.34
4,1117,Gijón costera,Costera,2005-01-07 04:00:00,2005-01-07 04:00:00,1,3.39,3.39,Hs ≥ P95,3.34
5,1117,Gijón costera,Costera,2005-01-12 13:00:00,2005-01-13 03:00:00,15,3.99,4.68,Hs ≥ P95,3.34
6,1117,Gijón costera,Costera,2005-01-13 05:00:00,2005-01-13 09:00:00,5,3.75,4.24,Hs ≥ P95,3.34
7,1117,Gijón costera,Costera,2005-01-13 11:00:00,2005-01-13 13:00:00,3,3.76,4.05,Hs ≥ P95,3.34
8,1117,Gijón costera,Costera,2005-01-16 03:00:00,2005-01-16 06:00:00,4,3.53,3.83,Hs ≥ P95,3.34
9,1117,Gijón costera,Costera,2005-01-18 09:00:00,2005-01-18 16:00:00,8,5.98,8.57,Hs ≥ P95,3.34
10,1117,Gijón costera,Costera,2005-01-18 18:00:00,2005-01-19 06:00:00,13,7.97,8.98,Hs ≥ P95,3.34
11,1117,Gijón costera,Costera,2005-01-19 08:00:00,2005-01-19 14:00:00,7,6.31,7.38,Hs ≥ P95,3.34
12,1117,Gijón costera,Costera,2005-01-19 16:00:00,2005-01-20 11:00:00,20,4.85,6.47,Hs ≥ P95,3.34
13,1117,Gijón costera,Costera,2005-01-20 15:00:00,2005-01-20 20:00:00,6,3.62,3.83,Hs ≥ P95,3.34
14,1117,Gijón costera,Costera,2005-01-21 18:00:00,2005-01-21 21:00:00,4,3.54,3.61,Hs ≥ P95,3.34
15,1117,Gijón costera,Costera,2005-01-24 02:00:00,2005-01-24 03:00:00,2,3.55,3.73,Hs ≥ P95,3.34
16,1117,Gijón costera,Costera,2005-01-26 18:00:00,2005-01-26 23:00:00,6,3.45,3.58,Hs ≥ P95,3.34
17,1117,Gijón costera,Costera,2005-01-27 01:00:00,2005-01-27 03:00:00,3,3.56,3.65,Hs ≥ P95,3.34
18,1117,Gijón costera,Costera,2005-01-27 05:00:00,2005-01-27 05:00:00,1,3.48,3.48,Hs ≥ P95,3.34
19,1117,Gijón costera,Costera,2005-02-26 22:00:00,2005-02-27 02:00:00,5,3.55,3.71,Hs ≥ P95,3.34
20,1117,Gijón costera,Costera,2005-02-28 07:00:00,2005-02-28 07:00:00,1,3.41,3.41,Hs ≥ P95,3.34
21,1117,Gijón costera,Costera,2005-02-28 09:00:00,2005-02-28 09:00:00,1,3.59,3.59,Hs ≥ P95,3.34
22,1117,Gijón costera,Costera,2005-03-03 22:00:00,2005-03-03 22:00:00,1,3.51,3.51,Hs ≥ P95,3.34
23,1117,Gijón costera,Costera,2005-04-08 01:00:00,2005-04-09 00:00:00,24,3.66,4.06,Hs ≥ P95,3.34
24,1117,Gijón costera,Costera,2005-04-09 05:00:00,2005-04-09 06:00:00,2,3.42,3.5,Hs ≥ P95,3.34
25,1117,Gijón costera,Costera,2005-04-15 16:00:00,2005-04-15 16:00:00,1,3.38,3.38,Hs ≥ P95,3.34
26,1117,Gijón costera,Costera,2005-04-16 02:00:00,2005-04-16 02:00:00,1,3.37,3.37,Hs ≥ P95,3.34
27,1117,Gijón costera,Costera,2005-09-17 09:00:00,2005-09-17 10:00:00,2,3.45,3.51,Hs ≥ P95,3.34
28,1117,Gijón costera,Costera,2005-09-27 20:00:00,2005-09-27 20:00:00,1,3.38,3.38,Hs ≥ P95,3.34
29,1117,Gijón costera,Costera,2005-09-27 23:00:00,2005-09-28 00:00:00,2,3.67,3.99,Hs ≥ P95,3.34
30,1117,Gijón costera,Costera,2005-09-28 02:00:00,2005-09-28 02:00:00,1,3.84,3.84,Hs ≥ P95,3.34
31,1117,Gijón costera,Costera,2005-09-28 16:00:00,2005-09-28 16:00:00,1,3.36,3.36,Hs ≥ P95,3.34
32,1117,Gijón costera,Costera,2005-09-28 18:00:00,2005-09-28 18:00:00,1,3.35,3.35,Hs ≥ P95,3.34
33,1117,Gijón costera,Costera,2005-10-01 19:00:00,2005-10-02 23:00:00,29,4.23,5.2,Hs ≥ P95,3.34
34,1117,Gijón costera,Costera,2005-10-09 16:00:00,2005-10-09 16:00:00,1,3.57,3.57,Hs ≥ P95,3.34
35,1117,Gijón costera,Costera,2005-10-13 12:00:00,2005-10-13 14:00:00,3,3.56,3.88,Hs ≥ P95,3.34
36,1117,Gijón costera,Costera,2005-10-31 01:00:00,2005-10-31 03:00:00,3,3.65,3.8,Hs ≥ P95,3.34
37,1117,Gijón costera,Costera,2005-11-03 10:00:00,2005-11-03 10:00:00,1,3.38,3.38,Hs ≥ P95,3.34
38,1117,Gijón costera,Costera,2005-11-03 12:00:00,2005-11-03 12:00:00,1,3.4,3.4,Hs ≥ P95,3.34
39,1117,Gijón costera,Costera,2005-11-06 20:00:00,2005-11-07 02:00:00,7,3.55,3.96,Hs ≥ P95,3.34
40,1117,Gijón costera,Costera,2005-11-07 05:00:00,2005-11-07 10:00:00,6,3.82,4.24,Hs ≥ P95,3.34
41,1117,Gijón costera,Costera,2005-11-07 12:00:00,2005-11-07 12:00:00,1,3.58,3.58,Hs ≥ P95,3.34
42,1117,Gijón costera,Costera,2005-11-07 14:00:00,2005-11-07 15:00:00,2,3.58,3.74,Hs ≥ P95,3.34
43,1117,Gijón costera,Costera,2005-11-10 12:00:00,2005-11-10 12:00:00,1,3.38,3.38,Hs ≥ P95,3.34
44,1117,Gijón costera,Costera,2005-11-12 11:00:00,2005-11-12 11:00:00,1,3.49,3.49,Hs ≥ P95,3.34
45,1117,Gijón costera,Costera,2005-11-12 13:00:00,2005-11-14 14:00:00,50,4.53,5.6,Hs ≥ P95,3.34
46,1117,Gijón costera,Costera,2005-11-25 16:00:00,2005-11-25 17:00:00,2,3.56,3.64,Hs ≥ P95,3.34
47,1117,Gijón costera,Costera,2005-11-25 19:00:00,2005-11-27 03:00:00,33,4.08,5.58,Hs ≥ P95,3.34
48,1117,Gijón costera,Costera,2005-12-02 15:00:00,2005-12-03 18:00:00,28,4.65,6.31,Hs ≥ P95,3.34
49,1117,Gijón costera,Costera,2005-12-03 23:00:00,2005-12-04 01:00:00,3,3.63,3.78,Hs ≥ P95,3.34
50,1117,Gijón costera,Costera,2005-12-04 03:00:00,2005-12-04 05:00:00,3,3.49,3.63,Hs ≥ P95,3.34
51,1117,Gijón costera,Costera,2005-12-04 18:00:00,2005-12-04 18:00:00,1,3.5,3.5,Hs ≥ P95,3.34
52,1117,Gijón costera,Costera,2005-12-05 06:00:00,2005-12-05 10:00:00,5,3.47,3.59,Hs ≥ P95,3.34
53,1117,Gijón costera,Costera,2005-12-31 17:00:00,2006-01-02 11:00:00,43,4.4,5.75,Hs ≥ P95,3.34
54,1117,Gijón costera,Costera,2006-02-13 17:00:00,2006-02-13 17:00:00,1,3.4,3.4,Hs ≥ P95,3.34
55,1117,Gijón costera,Costera,2006-02-13 20:00:00,2006-02-13 21:00:00,2,3.68,4.01,Hs ≥ P95,3.34
56,1117,Gijón costera,Costera,2006-02-13 23:00:00,2006-02-14 07:00:00,9,3.78,4.46,Hs ≥ P95,3.34
57,1117,Gijón costera,Costera,2006-02-14 09:00:00,2006-02-14 09:00:00,1,4.05,4.05,Hs ≥ P95,3.34
58,1117,Gijón costera,Costera,2006-02-14 11:00:00,2006-02-14 11:00:00,1,3.4,3.4,Hs ≥ P95,3.34
59,1117,Gijón costera,Costera,2006-02-14 13:00:00,2006-02-14 15:00:00,3,3.4,3.45,Hs ≥ P95,3.34
60,1117,Gijón costera,Costera,2006-02-16 10:00:00,2006-02-18 22:00:00,61,5.07,7.49,Hs ≥ P95,3.34
61,1117,Gijón costera,Costera,2006-02-19 01:00:00,2006-02-19 01:00:00,1,3.36,3.36,Hs ≥ P95,3.34
62,1117,Gijón costera,Costera,2006-02-19 06:00:00,2006-02-19 15:00:00,10,3.96,4.59,Hs ≥ P95,3.34
63,1117,Gijón costera,Costera,2006-02-19 22:00:00,2006-02-20 15:00:00,18,3.66,4.33,Hs ≥ P95,3.34
64,1117,Gijón costera,Costera,2006-02-20 17:00:00,2006-02-21 14:00:00,22,4.13,5.07,Hs ≥ P95,3.34
65,1117,Gijón costera,Costera,2006-02-21 16:00:00,2006-02-21 18:00:00,3,3.4,3.44,Hs ≥ P95,3.34
66,1117,Gijón costera,Costera,2006-03-03 15:00:00,2006-03-03 15:00:00,1,3.44,3.44,Hs ≥ P95,3.34
67,1117,Gijón costera,Costera,2006-03-03 17:00:00,2006-03-03 17:00:00,1,3.53,3.53,Hs ≥ P95,3.34
68,1117,Gijón costera,Costera,2006-03-03 19:00:00,2006-03-03 20:00:00,2,3.57,3.63,Hs ≥ P95,3.34
69,1117,Gijón costera,Costera,2006-03-04 20:00:00,2006-03-05 08:00:00,13,4.27,5.42,Hs ≥ P95,3.34
70,1117,Gijón costera,Costera,2006-03-05 10:00:00,2006-03-05 10:00:00,1,3.36,3.36,Hs ≥ P95,3.34
71,1117,Gijón costera,Costera,2006-03-10 03:00:00,2006-03-10 03:00:00,1,3.42,3.42,Hs ≥ P95,3.34
72,1117,Gijón costera,Costera,2006-03-10 06:00:00,2006-03-11 10:00:00,29,4.1,4.91,Hs ≥ P95,3.34
73,1117,Gijón costera,Costera,2006-04-27 10:00:00,2006-04-27 11:00:00,2,3.4,3.41,Hs ≥ P95,3.34
74,1117,Gijón costera,Costera,2006-05-20 20:00:00,2006-05-20 22:00:00,3,3.48,3.55,Hs ≥ P95,3.34
75,1117,Gijón costera,Costera,2006-05-22 03:00:00,2006-05-22 04:00:00,2,3.48,3.51,Hs ≥ P95,3.34
76,1117,Gijón costera,Costera,2006-05-22 23:00:00,2006-05-22 23:00:00,1,3.43,3.43,Hs ≥ P95,3.34
77,1117,Gijón costera,Costera,2006-09-15 02:00:00,2006-09-15 05:00:00,4,3.43,3.51,Hs ≥ P95,3.34
78,1117,Gijón costera,Costera,2006-10-07 10:00:00,2006-10-07 10:00:00,1,3.42,3.42,Hs ≥ P95,3.34
79,1117,Gijón costera,Costera,2006-11-03 23:00:00,2006-11-03 23:00:00,1,3.39,3.39,Hs ≥ P95,3.34
80,1117,Gijón costera,Costera,2006-11-12 13:00:00,2006-11-12 13:00:00,1,3.66,3.66,Hs ≥ P95,3.34
81,1117,Gijón costera,Costera,2006-11-12 16:00:00,2006-11-12 16:00:00,1,3.54,3.54,Hs ≥ P95,3.34
82,1117,Gijón costera,Costera,2006-11-12 21:00:00,2006-11-12 21:00:00,1,3.42,3.42,Hs ≥ P95,3.34
83,1117,Gijón costera,Costera,2006-11-16 19:00:00,2006-11-16 19:00:00,1,3.4,3.4,Hs ≥ P95,3.34
84,1117,Gijón costera,Costera,2006-11-20 17:00:00,2006-11-20 17:00:00,1,3.46,3.46,Hs ≥ P95,3.34
85,1117,Gijón costera,Costera,2006-11-21 06:00:00,2006-11-21 06:00:00,1,3.39,3.39,Hs ≥ P95,3.34
86,1117,Gijón costera,Costera,2006-11-21 09:00:00,2006-11-22 10:00:00,26,4.02,5.31,Hs ≥ P95,3.34
87,1117,Gijón costera,Costera,2006-11-24 02:00:00,2006-11-24 08:00:00,7,3.66,3.85,Hs ≥ P95,3.34
88,1117,Gijón costera,Costera,2006-11-24 10:00:00,2006-11-24 12:00:00,3,3.63,3.7,Hs ≥ P95,3.34
89,1117,Gijón costera,Costera,2006-11-27 14:00:00,2006-11-27 16:00:00,3,3.55,3.76,Hs ≥ P95,3.34
90,1117,Gijón costera,Costera,2006-11-27 18:00:00,2006-11-28 09:00:00,16,3.82,4.53,Hs ≥ P95,3.34
91,1117,Gijón costera,Costera,2006-11-28 11:00:00,2006-11-28 11:00:00,1,3.66,3.66,Hs ≥ P95,3.34
92,1117,Gijón costera,Costera,2006-11-28 13:00:00,2006-11-28 13:00:00,1,3.38,3.38,Hs ≥ P95,3.34
93,1117,Gijón costera,Costera,2006-11-29 07:00:00,2006-11-29 07:00:00,1,3.4,3.4,Hs ≥ P95,3.34
94,1117,Gijón costera,Costera,2006-11-29 09:00:00,2006-11-29 11:00:00,3,3.64,3.85,Hs ≥ P95,3.34
95,1117,Gijón costera,Costera,2006-11-29 13:00:00,2006-11-29 15:00:00,3,3.54,3.8,Hs ≥ P95,3.34
96,1117,Gijón costera,Costera,2006-11-29 17:00:00,2006-11-29 18:00:00,2,3.52,3.7,Hs ≥ P95,3.34
97,1117,Gijón costera,Costera,2006-12-03 08:00:00,2006-12-03 08:00:00,1,3.51,3.51,Hs ≥ P95,3.34
98,1117,Gijón costera,Costera,2006-12-03 14:00:00,2006-12-03 16:00:00,3,3.42,3.49,Hs ≥ P95,3.34
99,1117,Gijón costera,Costera,2006-12-03 18:00:00,2006-12-04 23:00:00,30,4.48,6.37,Hs ≥ P95,3.34
100,1117,Gijón costera,Costera,2006-12-05 01:00:00,2006-12-05 02:00:00,2,3.36,3.37,Hs ≥ P95,3.34
101,1117,Gijón costera,Costera,2006-12-05 04:00:00,2006-12-05 04:00:00,1,3.36,3.36,Hs ≥ P95,3.34
102,1117,Gijón costera,Costera,2006-12-05 07:00:00,2006-12-05 07:00:00,1,3.37,3.37,Hs ≥ P95,3.34
103,1117,Gijón costera,Costera,2006-12-05 10:00:00,2006-12-05 10:00:00,1,3.53,3.53,Hs ≥ P95,3.34
104,1117,Gijón costera,Costera,2006-12-05 12:00:00,2006-12-05 13:00:00,2,3.56,3.69,Hs ≥ P95,3.34
105,1117,Gijón costera,Costera,2006-12-05 15:00:00,2006-12-05 15:00:00,1,3.81,3.81,Hs ≥ P95,3.34
106,1117,Gijón costera,Costera,2006-12-06 01:00:00,2006-12-06 19:00:00,19,4.05,5.03,Hs ≥ P95,3.34
107,1117,Gijón costera,Costera,2006-12-06 23:00:00,2006-12-07 00:00:00,2,3.77,3.81,Hs ≥ P95,3.34
108,1117,Gijón costera,Costera,2006-12-07 02:00:00,2006-12-07 02:00:00,1,3.51,3.51,Hs ≥ P95,3.34
109,1117,Gijón costera,Costera,2006-12-07 21:00:00,2006-12-10 01:00:00,53,4.81,7.15,Hs ≥ P95,3.34
110,1117,Gijón costera,Costera,2006-12-11 15:00:00,2006-12-11 15:00:00,1,3.81,3.81,Hs ≥ P95,3.34
111,1117,Gijón costera,Costera,2006-12-12 01:00:00,2006-12-12 01:00:00,1,3.59,3.59,Hs ≥ P95,3.34
112,1117,Gijón costera,Costera,2006-12-12 05:00:00,2006-12-12 05:00:00,1,3.58,3.58,Hs ≥ P95,3.34
113,1117,Gijón costera,Costera,2006-12-12 10:00:00,2006-12-12 10:00:00,1,3.34,3.34,Hs ≥ P95,3.34
114,1117,Gijón costera,Costera,2006-12-12 15:00:00,2006-12-12 16:00:00,2,3.77,4.17,Hs ≥ P95,3.34
115,1117,Gijón costera,Costera,2006-12-12 19:00:00,2006-12-13 09:00:00,15,3.82,4.41,Hs ≥ P95,3.34
116,1117,Gijón costera,Costera,2006-12-13 11:00:00,2006-12-13 11:00:00,1,3.61,3.61,Hs ≥ P95,3.34
117,1117,Gijón costera,Costera,2006-12-13 17:00:00,2006-12-13 17:00:00,1,3.5,3.5,Hs ≥ P95,3.34
118,1117,Gijón costera,Costera,2007-01-01 14:00:00,2007-01-01 16:00:00,3,3.45,3.54,Hs ≥ P95,3.34
119,1117,Gijón costera,Costera,2007-01-03 02:00:00,2007-01-03 03:00:00,2,3.55,3.56,Hs ≥ P95,3.34
120,1117,Gijón costera,Costera,2007-01-03 05:00:00,2007-01-03 05:00:00,1,3.56,3.56,Hs ≥ P95,3.34
121,1117,Gijón costera,Costera,2007-01-03 07:00:00,2007-01-03 11:00:00,5,3.64,4.14,Hs ≥ P95,3.34
122,1117,Gijón costera,Costera,2007-01-08 04:00:00,2007-01-08 04:00:00,1,3.62,3.62,Hs ≥ P95,3.34
123,1117,Gijón costera,Costera,2007-01-08 06:00:00,2007-01-08 07:00:00,2,3.54,3.66,Hs ≥ P95,3.34
124,1117,Gijón costera,Costera,2007-01-10 07:00:00,2007-01-10 08:00:00,2,3.48,3.53,Hs ≥ P95,3.34
125,1117,Gijón costera,Costera,2007-01-12 09:00:00,2007-01-13 00:00:00,16,4.26,5.64,Hs ≥ P95,3.34
126,1117,Gijón costera,Costera,2007-01-13 02:00:00,2007-01-13 06:00:00,5,3.52,3.74,Hs ≥ P95,3.34
127,1117,Gijón costera,Costera,2007-01-18 13:00:00,2007-01-18 14:00:00,2,3.51,3.64,Hs ≥ P95,3.34
128,1117,Gijón costera,Costera,2007-01-18 21:00:00,2007-01-19 02:00:00,6,3.79,4.44,Hs ≥ P95,3.34
129,1117,Gijón costera,Costera,2007-01-19 04:00:00,2007-01-19 06:00:00,3,3.48,3.62,Hs ≥ P95,3.34
130,1117,Gijón costera,Costera,2007-01-19 08:00:00,2007-01-19 15:00:00,8,3.53,3.86,Hs ≥ P95,3.34
131,1117,Gijón costera,Costera,2007-01-19 18:00:00,2007-01-19 20:00:00,3,3.66,3.82,Hs ≥ P95,3.34
132,1117,Gijón costera,Costera,2007-01-21 11:00:00,2007-01-21 22:00:00,12,4.02,4.44,Hs ≥ P95,3.34
133,1117,Gijón costera,Costera,2007-01-22 00:00:00,2007-01-22 02:00:00,3,3.56,3.62,Hs ≥ P95,3.34
134,1117,Gijón costera,Costera,2007-01-22 22:00:00,2007-01-23 00:00:00,3,3.6,3.65,Hs ≥ P95,3.34
135,1117,Gijón costera,Costera,2007-01-23 14:00:00,2007-01-24 01:00:00,12,3.7,4.38,Hs ≥ P95,3.34
136,1117,Gijón costera,Costera,2007-01-25 01:00:00,2007-01-25 01:00:00,1,3.36,3.36,Hs ≥ P95,3.34
137,1117,Gijón costera,Costera,2007-01-25 03:00:00,2007-01-25 22:00:00,20,4.39,5.41,Hs ≥ P95,3.34
138,1117,Gijón costera,Costera,2007-01-26 00:00:00,2007-01-26 02:00:00,3,3.45,3.53,Hs ≥ P95,3.34
139,1117,Gijón costera,Costera,2007-02-07 08:00:00,2007-02-07 08:00:00,1,3.45,3.45,Hs ≥ P95,3.34
140,1117,Gijón costera,Costera,2007-02-09 06:00:00,2007-02-09 16:00:00,11,3.99,4.86,Hs ≥ P95,3.34
141,1117,Gijón costera,Costera,2007-02-10 01:00:00,2007-02-10 02:00:00,2,3.9,4.05,Hs ≥ P95,3.34
142,1117,Gijón costera,Costera,2007-02-10 12:00:00,2007-02-11 10:00:00,23,4.99,7.85,Hs ≥ P95,3.34
143,1117,Gijón costera,Costera,2007-02-11 13:00:00,2007-02-11 15:00:00,3,3.46,3.54,Hs ≥ P95,3.34
144,1117,Gijón costera,Costera,2007-02-11 17:00:00,2007-02-13 03:00:00,35,4.33,6.34,Hs ≥ P95,3.34
145,1117,Gijón costera,Costera,2007-02-13 05:00:00,2007-02-13 05:00:00,1,3.34,3.34,Hs ≥ P95,3.34
146,1117,Gijón costera,Costera,2007-02-17 14:00:00,2007-02-17 22:00:00,9,3.73,4.12,Hs ≥ P95,3.34
147,1117,Gijón costera,Costera,2007-02-23 06:00:00,2007-02-23 06:00:00,1,3.43,3.43,Hs ≥ P95,3.34
148,1117,Gijón costera,Costera,2007-02-23 08:00:00,2007-02-23 11:00:00,4,3.67,3.8,Hs ≥ P95,3.34
149,1117,Gijón costera,Costera,2007-02-23 14:00:00,2007-02-23 14:00:00,1,3.93,3.93,Hs ≥ P95,3.34
150,1117,Gijón costera,Costera,2007-02-23 16:00:00,2007-02-24 06:00:00,15,4.0,4.89,Hs ≥ P95,3.34
151,1117,Gijón costera,Costera,2007-02-24 09:00:00,2007-02-24 10:00:00,2,3.56,3.78,Hs ≥ P95,3.34
152,1117,Gijón costera,Costera,2007-02-24 15:00:00,2007-02-24 16:00:00,2,3.94,4.14,Hs ≥ P95,3.34
153,1117,Gijón costera,Costera,2007-02-24 18:00:00,2007-02-24 18:00:00,1,3.38,3.38,Hs ≥ P95,3.34
154,1117,Gijón costera,Costera,2007-02-25 19:00:00,2007-02-25 20:00:00,2,3.46,3.52,Hs ≥ P95,3.34
155,1117,Gijón costera,Costera,2007-02-25 23:00:00,2007-02-25 23:00:00,1,3.44,3.44,Hs ≥ P95,3.34
156,1117,Gijón costera,Costera,2007-03-01 15:00:00,2007-03-01 15:00:00,1,3.35,3.35,Hs ≥ P95,3.34
157,1117,Gijón costera,Costera,2007-03-01 20:00:00,2007-03-01 20:00:00,1,3.45,3.45,Hs ≥ P95,3.34
158,1117,Gijón costera,Costera,2007-03-05 11:00:00,2007-03-06 03:00:00,17,4.03,4.59,Hs ≥ P95,3.34
159,1117,Gijón costera,Costera,2007-03-06 07:00:00,2007-03-06 08:00:00,2,3.68,3.73,Hs ≥ P95,3.34
160,1117,Gijón costera,Costera,2007-03-06 13:00:00,2007-03-06 14:00:00,2,3.34,3.35,Hs ≥ P95,3.34
161,1117,Gijón costera,Costera,2007-03-06 16:00:00,2007-03-06 16:00:00,1,3.53,3.53,Hs ≥ P95,3.34
162,1117,Gijón costera,Costera,2007-03-06 20:00:00,2007-03-06 20:00:00,1,3.76,3.76,Hs ≥ P95,3.34
163,1117,Gijón costera,Costera,2007-03-06 23:00:00,2007-03-06 23:00:00,1,3.34,3.34,Hs ≥ P95,3.34
164,1117,Gijón costera,Costera,2007-03-07 07:00:00,2007-03-08 13:00:00,31,4.46,6.66,Hs ≥ P95,3.34
165,1117,Gijón costera,Costera,2007-03-08 15:00:00,2007-03-08 15:00:00,1,3.64,3.64,Hs ≥ P95,3.34
166,1117,Gijón costera,Costera,2007-03-08 17:00:00,2007-03-08 17:00:00,1,3.35,3.35,Hs ≥ P95,3.34
167,1117,Gijón costera,Costera,2007-03-10 10:00:00,2007-03-10 15:00:00,6,3.71,4.2,Hs ≥ P95,3.34
168,1117,Gijón costera,Costera,2007-03-10 17:00:00,2007-03-10 17:00:00,1,3.55,3.55,Hs ≥ P95,3.34
169,1117,Gijón costera,Costera,2007-03-31 20:00:00,2007-03-31 20:00:00,1,3.77,3.77,Hs ≥ P95,3.34
170,1117,Gijón costera,Costera,2007-05-19 13:00:00,2007-05-19 13:00:00,1,3.39,3.39,Hs ≥ P95,3.34
171,1117,Gijón costera,Costera,2007-05-19 16:00:00,2007-05-20 07:00:00,16,4.36,5.61,Hs ≥ P95,3.34
172,1117,Gijón costera,Costera,2007-05-20 12:00:00,2007-05-20 13:00:00,2,3.44,3.48,Hs ≥ P95,3.34
173,1117,Gijón costera,Costera,2007-05-27 20:00:00,2007-05-28 09:00:00,14,3.85,4.47,Hs ≥ P95,3.34
174,1117,Gijón costera,Costera,2007-08-21 07:00:00,2007-08-21 07:00:00,1,3.5,3.5,Hs ≥ P95,3.34
175,1117,Gijón costera,Costera,2007-09-25 14:00:00,2007-09-25 15:00:00,2,3.4,3.41,Hs ≥ P95,3.34
176,1117,Gijón costera,Costera,2007-09-25 19:00:00,2007-09-25 20:00:00,2,3.64,3.66,Hs ≥ P95,3.34
177,1117,Gijón costera,Costera,2007-11-20 04:00:00,2007-11-20 04:00:00,1,3.42,3.42,Hs ≥ P95,3.34
178,1117,Gijón costera,Costera,2007-12-01 12:00:00,2007-12-04 07:00:00,68,5.0,7.45,Hs ≥ P95,3.34
179,1117,Gijón costera,Costera,2007-12-06 00:00:00,2007-12-06 00:00:00,1,3.43,3.43,Hs ≥ P95,3.34
180,1117,Gijón costera,Costera,2007-12-09 02:00:00,2007-12-09 03:00:00,2,3.35,3.36,Hs ≥ P95,3.34
181,1117,Gijón costera,Costera,2007-12-09 05:00:00,2007-12-09 05:00:00,1,3.38,3.38,Hs ≥ P95,3.34
182,1117,Gijón costera,Costera,2007-12-09 07:00:00,2007-12-11 04:00:00,46,5.85,8.61,Hs ≥ P95,3.34
183,1117,Gijón costera,Costera,2007-12-30 01:00:00,2007-12-30 17:00:00,17,3.74,4.08,Hs ≥ P95,3.34
184,1117,Gijón costera,Costera,2007-12-30 19:00:00,2007-12-30 20:00:00,2,3.41,3.47,Hs ≥ P95,3.34
185,1117,Gijón costera,Costera,2007-12-30 22:00:00,2007-12-30 22:00:00,1,3.48,3.48,Hs ≥ P95,3.34
186,1117,Gijón costera,Costera,2008-01-03 23:00:00,2008-01-04 08:00:00,10,4.34,4.82,Hs ≥ P95,3.34
187,1117,Gijón costera,Costera,2008-01-04 11:00:00,2008-01-04 13:00:00,3,3.82,4.06,Hs ≥ P95,3.34
188,1117,Gijón costera,Costera,2008-01-04 15:00:00,2008-01-04 18:00:00,4,3.68,3.98,Hs ≥ P95,3.34
189,1117,Gijón costera,Costera,2008-01-04 20:00:00,2008-01-04 20:00:00,1,3.51,3.51,Hs ≥ P95,3.34
190,1117,Gijón costera,Costera,2008-01-05 17:00:00,2008-01-06 11:00:00,19,4.02,4.97,Hs ≥ P95,3.34
191,1117,Gijón costera,Costera,2008-01-06 13:00:00,2008-01-06 13:00:00,1,3.35,3.35,Hs ≥ P95,3.34
192,1117,Gijón costera,Costera,2008-01-26 01:00:00,2008-01-26 01:00:00,1,3.55,3.55,Hs ≥ P95,3.34
193,1117,Gijón costera,Costera,2008-01-26 06:00:00,2008-01-26 06:00:00,1,3.41,3.41,Hs ≥ P95,3.34
194,1117,Gijón costera,Costera,2008-01-26 08:00:00,2008-01-26 10:00:00,3,3.59,3.96,Hs ≥ P95,3.34
195,1117,Gijón costera,Costera,2008-01-26 12:00:00,2008-01-26 13:00:00,2,3.7,3.71,Hs ≥ P95,3.34
196,1117,Gijón costera,Costera,2008-01-26 16:00:00,2008-01-26 17:00:00,2,3.48,3.51,Hs ≥ P95,3.34
197,1117,Gijón costera,Costera,2008-02-01 01:00:00,2008-02-01 20:00:00,20,3.86,4.66,Hs ≥ P95,3.34
198,1117,Gijón costera,Costera,2008-02-01 23:00:00,2008-02-02 01:00:00,3,3.51,3.79,Hs ≥ P95,3.34
199,1117,Gijón costera,Costera,2008-02-02 03:00:00,2008-02-02 06:00:00,4,3.54,3.78,Hs ≥ P95,3.34
200,1117,Gijón costera,Costera,2008-02-02 08:00:00,2008-02-02 14:00:00,7,3.64,3.75,Hs ≥ P95,3.34
201,1117,Gijón costera,Costera,2008-02-04 21:00:00,2008-02-04 21:00:00,1,3.46,3.46,Hs ≥ P95,3.34
202,1117,Gijón costera,Costera,2008-02-05 01:00:00,2008-02-05 01:00:00,1,3.5,3.5,Hs ≥ P95,3.34
203,1117,Gijón costera,Costera,2008-02-05 03:00:00,2008-02-05 04:00:00,2,3.78,3.91,Hs ≥ P95,3.34
204,1117,Gijón costera,Costera,2008-02-05 06:00:00,2008-02-05 06:00:00,1,3.57,3.57,Hs ≥ P95,3.34
205,1117,Gijón costera,Costera,2008-02-05 08:00:00,2008-02-05 08:00:00,1,3.35,3.35,Hs ≥ P95,3.34
206,1117,Gijón costera,Costera,2008-02-05 11:00:00,2008-02-05 11:00:00,1,3.41,3.41,Hs ≥ P95,3.34
207,1117,Gijón costera,Costera,2008-02-11 01:00:00,2008-02-11 03:00:00,3,3.77,3.88,Hs ≥ P95,3.34
208,1117,Gijón costera,Costera,2008-02-11 06:00:00,2008-02-11 06:00:00,1,3.46,3.46,Hs ≥ P95,3.34
209,1117,Gijón costera,Costera,2008-02-24 00:00:00,2008-02-24 00:00:00,1,3.34,3.34,Hs ≥ P95,3.34
210,1117,Gijón costera,Costera,2008-03-04 01:00:00,2008-03-05 07:00:00,31,5.0,6.79,Hs ≥ P95,3.34
211,1117,Gijón costera,Costera,2008-03-05 09:00:00,2008-03-05 10:00:00,2,3.54,3.57,Hs ≥ P95,3.34
212,1117,Gijón costera,Costera,2008-03-05 12:00:00,2008-03-05 12:00:00,1,3.37,3.37,Hs ≥ P95,3.34
213,1117,Gijón costera,Costera,2008-03-08 10:00:00,2008-03-08 10:00:00,1,3.69,3.69,Hs ≥ P95,3.34
214,1117,Gijón costera,Costera,2008-03-08 12:00:00,2008-03-08 16:00:00,5,3.53,3.63,Hs ≥ P95,3.34
215,1117,Gijón costera,Costera,2008-03-08 20:00:00,2008-03-08 21:00:00,2,3.62,3.67,Hs ≥ P95,3.34
216,1117,Gijón costera,Costera,2008-03-09 09:00:00,2008-03-09 09:00:00,1,3.4,3.4,Hs ≥ P95,3.34
217,1117,Gijón costera,Costera,2008-03-09 11:00:00,2008-03-09 11:00:00,1,3.79,3.79,Hs ≥ P95,3.34
218,1117,Gijón costera,Costera,2008-08-12 18:00:00,2008-08-12 18:00:00,1,3.35,3.35,Hs ≥ P95,3.34
219,1117,Gijón costera,Costera,2008-08-13 10:00:00,2008-08-13 10:00:00,1,3.4,3.4,Hs ≥ P95,3.34
220,1117,Gijón costera,Costera,2008-08-13 13:00:00,2008-08-13 13:00:00,1,3.38,3.38,Hs ≥ P95,3.34
221,1117,Gijón costera,Costera,2008-08-18 17:00:00,2008-08-19 07:00:00,15,4.1,5.1,Hs ≥ P95,3.34
222,1117,Gijón costera,Costera,2008-08-19 09:00:00,2008-08-19 09:00:00,1,3.55,3.55,Hs ≥ P95,3.34
223,1117,Gijón costera,Costera,2008-08-19 17:00:00,2008-08-19 17:00:00,1,3.34,3.34,Hs ≥ P95,3.34
224,1117,Gijón costera,Costera,2008-09-11 21:00:00,2008-09-12 07:00:00,11,3.77,4.44,Hs ≥ P95,3.34
225,1117,Gijón costera,Costera,2008-10-02 12:00:00,2008-10-02 12:00:00,1,3.35,3.35,Hs ≥ P95,3.34
226,1117,Gijón costera,Costera,2008-10-02 23:00:00,2008-10-02 23:00:00,1,3.45,3.45,Hs ≥ P95,3.34
227,1117,Gijón costera,Costera,2008-10-25 08:00:00,2008-10-25 10:00:00,3,3.69,3.91,Hs ≥ P95,3.34
228,1117,Gijón costera,Costera,2008-10-27 22:00:00,2008-10-27 23:00:00,2,3.58,3.61,Hs ≥ P95,3.34
229,1117,Gijón costera,Costera,2008-10-28 03:00:00,2008-10-28 03:00:00,1,3.46,3.46,Hs ≥ P95,3.34
230,1117,Gijón costera,Costera,2008-10-28 06:00:00,2008-10-28 06:00:00,1,3.35,3.35,Hs ≥ P95,3.34
231,1117,Gijón costera,Costera,2008-10-28 08:00:00,2008-10-28 09:00:00,2,3.42,3.46,Hs ≥ P95,3.34
232,1117,Gijón costera,Costera,2008-10-29 08:00:00,2008-10-29 12:00:00,5,3.56,3.85,Hs ≥ P95,3.34
233,1117,Gijón costera,Costera,2008-10-30 06:00:00,2008-10-30 11:00:00,6,3.62,4.22,Hs ≥ P95,3.34
234,1117,Gijón costera,Costera,2008-10-30 13:00:00,2008-10-31 02:00:00,14,3.7,4.2,Hs ≥ P95,3.34
235,1117,Gijón costera,Costera,2008-10-31 09:00:00,2008-10-31 09:00:00,1,3.42,3.42,Hs ≥ P95,3.34
236,1117,Gijón costera,Costera,2008-10-31 11:00:00,2008-10-31 11:00:00,1,3.38,3.38,Hs ≥ P95,3.34
237,1117,Gijón costera,Costera,2008-10-31 13:00:00,2008-10-31 14:00:00,2,3.82,3.9,Hs ≥ P95,3.34
238,1117,Gijón costera,Costera,2008-10-31 22:00:00,2008-10-31 22:00:00,1,3.37,3.37,Hs ≥ P95,3.34
239,1117,Gijón costera,Costera,2008-11-01 10:00:00,2008-11-01 10:00:00,1,3.35,3.35,Hs ≥ P95,3.34
240,1117,Gijón costera,Costera,2008-11-03 08:00:00,2008-11-03 10:00:00,3,3.44,3.53,Hs ≥ P95,3.34
241,1117,Gijón costera,Costera,2008-11-10 15:00:00,2008-11-10 18:00:00,4,3.73,3.96,Hs ≥ P95,3.34
242,1117,Gijón costera,Costera,2008-11-10 20:00:00,2008-11-10 21:00:00,2,3.36,3.37,Hs ≥ P95,3.34
243,1117,Gijón costera,Costera,2008-11-11 01:00:00,2008-11-11 02:00:00,2,3.4,3.43,Hs ≥ P95,3.34
244,1117,Gijón costera,Costera,2008-11-11 04:00:00,2008-11-11 10:00:00,7,3.68,4.04,Hs ≥ P95,3.34
245,1117,Gijón costera,Costera,2008-11-11 13:00:00,2008-11-11 13:00:00,1,3.49,3.49,Hs ≥ P95,3.34
246,1117,Gijón costera,Costera,2008-11-11 18:00:00,2008-11-11 18:00:00,1,3.46,3.46,Hs ≥ P95,3.34
247,1117,Gijón costera,Costera,2008-11-11 20:00:00,2008-11-11 20:00:00,1,3.46,3.46,Hs ≥ P95,3.34
248,1117,Gijón costera,Costera,2008-11-12 00:00:00,2008-11-12 00:00:00,1,3.43,3.43,Hs ≥ P95,3.34
249,1117,Gijón costera,Costera,2008-11-24 03:00:00,2008-11-26 01:00:00,47,4.64,5.71,Hs ≥ P95,3.34
250,1117,Gijón costera,Costera,2008-11-29 13:00:00,2008-12-01 03:00:00,39,4.28,5.09,Hs ≥ P95,3.34
251,1117,Gijón costera,Costera,2008-12-03 10:00:00,2008-12-04 01:00:00,16,3.9,4.59,Hs ≥ P95,3.34
252,1117,Gijón costera,Costera,2008-12-04 03:00:00,2008-12-04 03:00:00,1,3.6,3.6,Hs ≥ P95,3.34
253,1117,Gijón costera,Costera,2008-12-04 06:00:00,2008-12-04 06:00:00,1,3.54,3.54,Hs ≥ P95,3.34
254,1117,Gijón costera,Costera,2008-12-05 03:00:00,2008-12-06 13:00:00,35,4.23,5.26,Hs ≥ P95,3.34
255,1117,Gijón costera,Costera,2008-12-09 10:00:00,2008-12-09 23:00:00,14,3.91,4.94,Hs ≥ P95,3.34
256,1117,Gijón costera,Costera,2008-12-12 08:00:00,2008-12-12 08:00:00,1,3.47,3.47,Hs ≥ P95,3.34
257,1117,Gijón costera,Costera,2008-12-12 11:00:00,2008-12-12 12:00:00,2,3.35,3.35,Hs ≥ P95,3.34
258,1117,Gijón costera,Costera,2008-12-12 14:00:00,2008-12-12 23:00:00,10,3.58,4.18,Hs ≥ P95,3.34
259,1117,Gijón costera,Costera,2008-12-13 14:00:00,2008-12-15 20:00:00,55,4.39,5.69,Hs ≥ P95,3.34
260,1117,Gijón costera,Costera,2008-12-16 00:00:00,2008-12-16 02:00:00,3,3.55,3.65,Hs ≥ P95,3.34
261,1117,Gijón costera,Costera,2008-12-18 04:00:00,2008-12-18 13:00:00,10,3.54,3.78,Hs ≥ P95,3.34
262,1117,Gijón costera,Costera,2008-12-18 15:00:00,2008-12-18 16:00:00,2,3.48,3.55,Hs ≥ P95,3.34
263,1117,Gijón costera,Costera,2008-12-19 17:00:00,2008-12-19 17:00:00,1,3.48,3.48,Hs ≥ P95,3.34
264,1117,Gijón costera,Costera,2008-12-20 03:00:00,2008-12-20 03:00:00,1,3.38,3.38,Hs ≥ P95,3.34
265,1117,Gijón costera,Costera,2008-12-20 06:00:00,2008-12-20 06:00:00,1,3.53,3.53,Hs ≥ P95,3.34
266,1117,Gijón costera,Costera,2008-12-27 19:00:00,2008-12-27 19:00:00,1,3.43,3.43,Hs ≥ P95,3.34
267,1117,Gijón costera,Costera,2009-01-12 17:00:00,2009-01-12 18:00:00,2,3.6,3.67,Hs ≥ P95,3.34
268,1117,Gijón costera,Costera,2009-01-12 20:00:00,2009-01-12 22:00:00,3,3.58,3.88,Hs ≥ P95,3.34
269,1117,Gijón costera,Costera,2009-01-13 02:00:00,2009-01-13 02:00:00,1,3.34,3.34,Hs ≥ P95,3.34
270,1117,Gijón costera,Costera,2009-01-15 17:00:00,2009-01-15 17:00:00,1,3.74,3.74,Hs ≥ P95,3.34
271,1117,Gijón costera,Costera,2009-01-15 19:00:00,2009-01-15 19:00:00,1,3.36,3.36,Hs ≥ P95,3.34
272,1117,Gijón costera,Costera,2009-01-15 21:00:00,2009-01-16 14:00:00,18,4.73,6.3,Hs ≥ P95,3.34
273,1117,Gijón costera,Costera,2009-01-16 16:00:00,2009-01-16 18:00:00,3,3.5,3.61,Hs ≥ P95,3.34
274,1117,Gijón costera,Costera,2009-01-17 21:00:00,2009-01-22 11:00:00,111,5.18,6.8,Hs ≥ P95,3.34
275,1117,Gijón costera,Costera,2009-01-22 14:00:00,2009-01-22 14:00:00,1,3.38,3.38,Hs ≥ P95,3.34
276,1117,Gijón costera,Costera,2009-01-23 05:00:00,2009-01-23 15:00:00,11,3.93,4.48,Hs ≥ P95,3.34
277,1117,Gijón costera,Costera,2009-01-23 17:00:00,2009-01-25 03:00:00,35,4.97,7.99,Hs ≥ P95,3.34
278,1117,Gijón costera,Costera,2009-01-25 09:00:00,2009-01-25 23:00:00,15,4.26,5.17,Hs ≥ P95,3.34
279,1117,Gijón costera,Costera,2009-01-26 01:00:00,2009-01-26 12:00:00,12,5.2,6.14,Hs ≥ P95,3.34
280,1117,Gijón costera,Costera,2009-01-26 14:00:00,2009-01-27 05:00:00,16,4.6,5.47,Hs ≥ P95,3.34
281,1117,Gijón costera,Costera,2009-01-27 08:00:00,2009-01-27 08:00:00,1,3.39,3.39,Hs ≥ P95,3.34
282,1117,Gijón costera,Costera,2009-01-28 15:00:00,2009-01-28 15:00:00,1,3.58,3.58,Hs ≥ P95,3.34
283,1117,Gijón costera,Costera,2009-01-28 18:00:00,2009-01-29 00:00:00,7,3.78,3.99,Hs ≥ P95,3.34
284,1117,Gijón costera,Costera,2009-01-29 04:00:00,2009-01-29 04:00:00,1,3.35,3.35,Hs ≥ P95,3.34
285,1117,Gijón costera,Costera,2009-01-29 06:00:00,2009-01-29 06:00:00,1,3.52,3.52,Hs ≥ P95,3.34
286,1117,Gijón costera,Costera,2009-02-04 21:00:00,2009-02-04 22:00:00,2,3.46,3.52,Hs ≥ P95,3.34
287,1117,Gijón costera,Costera,2009-02-05 09:00:00,2009-02-05 09:00:00,1,3.36,3.36,Hs ≥ P95,3.34
288,1117,Gijón costera,Costera,2009-02-05 16:00:00,2009-02-05 19:00:00,4,3.64,3.79,Hs ≥ P95,3.34
289,1117,Gijón costera,Costera,2009-02-05 21:00:00,2009-02-05 22:00:00,2,3.46,3.49,Hs ≥ P95,3.34
290,1117,Gijón costera,Costera,2009-02-06 03:00:00,2009-02-07 05:00:00,27,4.17,4.94,Hs ≥ P95,3.34
291,1117,Gijón costera,Costera,2009-02-09 22:00:00,2009-02-10 12:00:00,15,3.78,4.18,Hs ≥ P95,3.34
292,1117,Gijón costera,Costera,2009-02-10 15:00:00,2009-02-10 18:00:00,4,3.64,3.95,Hs ≥ P95,3.34
293,1117,Gijón costera,Costera,2009-02-10 20:00:00,2009-02-10 23:00:00,4,3.5,3.66,Hs ≥ P95,3.34
294,1117,Gijón costera,Costera,2009-03-04 05:00:00,2009-03-06 10:00:00,54,5.11,7.26,Hs ≥ P95,3.34
295,1117,Gijón costera,Costera,2009-03-09 09:00:00,2009-03-09 13:00:00,5,3.46,3.59,Hs ≥ P95,3.34
296,1117,Gijón costera,Costera,2009-03-09 17:00:00,2009-03-09 20:00:00,4,3.44,3.53,Hs ≥ P95,3.34
297,1117,Gijón costera,Costera,2009-03-09 22:00:00,2009-03-09 22:00:00,1,3.39,3.39,Hs ≥ P95,3.34
298,1117,Gijón costera,Costera,2009-03-28 23:00:00,2009-03-28 23:00:00,1,3.4,3.4,Hs ≥ P95,3.34
299,1117,Gijón costera,Costera,2009-03-29 02:00:00,2009-03-29 02:00:00,1,3.39,3.39,Hs ≥ P95,3.34
300,1117,Gijón costera,Costera,2009-03-29 04:00:00,2009-03-29 04:00:00,1,3.35,3.35,Hs ≥ P95,3.34
301,1117,Gijón costera,Costera,2009-03-29 08:00:00,2009-03-29 08:00:00,1,3.38,3.38,Hs ≥ P95,3.34
302,1117,Gijón costera,Costera,2009-04-28 11:00:00,2009-04-28 11:00:00,1,3.43,3.43,Hs ≥ P95,3.34
303,1117,Gijón costera,Costera,2009-04-28 23:00:00,2009-04-29 03:00:00,5,3.44,3.57,Hs ≥ P95,3.34
304,1117,Gijón costera,Costera,2009-05-08 20:00:00,2009-05-09 03:00:00,8,3.79,4.1,Hs ≥ P95,3.34
305,1117,Gijón costera,Costera,2009-05-09 05:00:00,2009-05-09 05:00:00,1,3.36,3.36,Hs ≥ P95,3.34
306,1117,Gijón costera,Costera,2009-05-09 11:00:00,2009-05-09 11:00:00,1,3.38,3.38,Hs ≥ P95,3.34
307,1117,Gijón costera,Costera,2009-05-16 16:00:00,2009-05-16 19:00:00,4,4.34,4.83,Hs ≥ P95,3.34
308,1117,Gijón costera,Costera,2009-05-16 21:00:00,2009-05-16 21:00:00,1,3.38,3.38,Hs ≥ P95,3.34
309,1117,Gijón costera,Costera,2009-10-21 01:00:00,2009-10-22 03:00:00,27,4.13,5.09,Hs ≥ P95,3.34
310,1117,Gijón costera,Costera,2009-10-22 05:00:00,2009-10-22 05:00:00,1,3.81,3.81,Hs ≥ P95,3.34
311,1117,Gijón costera,Costera,2009-10-22 07:00:00,2009-10-22 09:00:00,3,3.57,3.66,Hs ≥ P95,3.34
312,1117,Gijón costera,Costera,2009-10-22 11:00:00,2009-10-22 11:00:00,1,3.35,3.35,Hs ≥ P95,3.34
313,1117,Gijón costera,Costera,2009-11-02 07:00:00,2009-11-02 07:00:00,1,3.48,3.48,Hs ≥ P95,3.34
314,1117,Gijón costera,Costera,2009-11-02 17:00:00,2009-11-02 17:00:00,1,3.48,3.48,Hs ≥ P95,3.34
315,1117,Gijón costera,Costera,2009-11-02 19:00:00,2009-11-02 19:00:00,1,3.58,3.58,Hs ≥ P95,3.34
316,1117,Gijón costera,Costera,2009-11-02 21:00:00,2009-11-03 04:00:00,8,3.76,4.17,Hs ≥ P95,3.34
317,1117,Gijón costera,Costera,2009-11-03 07:00:00,2009-11-06 08:00:00,74,4.97,6.34,Hs ≥ P95,3.34
318,1117,Gijón costera,Costera,2009-11-06 10:00:00,2009-11-06 18:00:00,9,3.68,3.92,Hs ≥ P95,3.34
319,1117,Gijón costera,Costera,2009-11-07 04:00:00,2009-11-07 04:00:00,1,3.59,3.59,Hs ≥ P95,3.34
320,1117,Gijón costera,Costera,2009-11-07 06:00:00,2009-11-09 10:00:00,53,5.05,6.69,Hs ≥ P95,3.34
321,1117,Gijón costera,Costera,2009-11-09 14:00:00,2009-11-09 14:00:00,1,3.45,3.45,Hs ≥ P95,3.34
322,1117,Gijón costera,Costera,2009-11-14 22:00:00,2009-11-14 22:00:00,1,3.39,3.39,Hs ≥ P95,3.34
323,1117,Gijón costera,Costera,2009-11-20 02:00:00,2009-11-20 04:00:00,3,3.6,3.72,Hs ≥ P95,3.34
324,1117,Gijón costera,Costera,2009-11-20 06:00:00,2009-11-20 08:00:00,3,3.81,4.1,Hs ≥ P95,3.34
325,1117,Gijón costera,Costera,2009-11-22 13:00:00,2009-11-24 06:00:00,42,4.51,6.31,Hs ≥ P95,3.34
326,1117,Gijón costera,Costera,2009-11-24 11:00:00,2009-11-24 12:00:00,2,3.36,3.37,Hs ≥ P95,3.34
327,1117,Gijón costera,Costera,2009-11-24 14:00:00,2009-11-24 15:00:00,2,3.72,3.9,Hs ≥ P95,3.34
328,1117,Gijón costera,Costera,2009-11-24 17:00:00,2009-11-24 17:00:00,1,3.49,3.49,Hs ≥ P95,3.34
329,1117,Gijón costera,Costera,2009-11-25 07:00:00,2009-11-25 10:00:00,4,3.6,3.97,Hs ≥ P95,3.34
330,1117,Gijón costera,Costera,2009-11-26 04:00:00,2009-11-26 04:00:00,1,3.4,3.4,Hs ≥ P95,3.34
331,1117,Gijón costera,Costera,2009-11-26 11:00:00,2009-11-26 20:00:00,10,3.68,3.85,Hs ≥ P95,3.34
332,1117,Gijón costera,Costera,2009-11-27 06:00:00,2009-11-27 06:00:00,1,3.36,3.36,Hs ≥ P95,3.34
333,1117,Gijón costera,Costera,2009-11-27 08:00:00,2009-11-27 08:00:00,1,3.35,3.35,Hs ≥ P95,3.34
334,1117,Gijón costera,Costera,2009-11-27 10:00:00,2009-11-27 11:00:00,2,3.51,3.67,Hs ≥ P95,3.34
335,1117,Gijón costera,Costera,2009-11-28 01:00:00,2009-11-28 01:00:00,1,3.35,3.35,Hs ≥ P95,3.34
336,1117,Gijón costera,Costera,2009-11-28 03:00:00,2009-11-28 03:00:00,1,3.47,3.47,Hs ≥ P95,3.34
337,1117,Gijón costera,Costera,2009-11-28 05:00:00,2009-11-28 05:00:00,1,3.52,3.52,Hs ≥ P95,3.34
338,1117,Gijón costera,Costera,2009-11-28 15:00:00,2009-11-28 22:00:00,8,3.77,4.22,Hs ≥ P95,3.34
339,1117,Gijón costera,Costera,2009-11-29 04:00:00,2009-11-29 07:00:00,4,3.66,3.99,Hs ≥ P95,3.34
340,1117,Gijón costera,Costera,2009-11-29 14:00:00,2009-11-29 14:00:00,1,3.61,3.61,Hs ≥ P95,3.34
341,1117,Gijón costera,Costera,2009-11-30 02:00:00,2009-11-30 02:00:00,1,3.37,3.37,Hs ≥ P95,3.34
342,1117,Gijón costera,Costera,2009-11-30 04:00:00,2009-12-01 00:00:00,21,3.79,4.11,Hs ≥ P95,3.34
343,1117,Gijón costera,Costera,2009-12-03 00:00:00,2009-12-03 22:00:00,23,4.11,5.58,Hs ≥ P95,3.34
344,1117,Gijón costera,Costera,2009-12-04 01:00:00,2009-12-04 01:00:00,1,3.34,3.34,Hs ≥ P95,3.34
345,1117,Gijón costera,Costera,2009-12-06 11:00:00,2009-12-06 13:00:00,3,3.47,3.49,Hs ≥ P95,3.34
346,1117,Gijón costera,Costera,2009-12-07 18:00:00,2009-12-07 22:00:00,5,3.77,4.05,Hs ≥ P95,3.34
347,1117,Gijón costera,Costera,2009-12-09 09:00:00,2009-12-09 11:00:00,3,3.62,3.76,Hs ≥ P95,3.34
348,1117,Gijón costera,Costera,2009-12-09 13:00:00,2009-12-09 23:00:00,11,3.63,3.95,Hs ≥ P95,3.34
349,1117,Gijón costera,Costera,2009-12-14 04:00:00,2009-12-14 05:00:00,2,3.48,3.53,Hs ≥ P95,3.34
350,1117,Gijón costera,Costera,2010-01-07 15:00:00,2010-01-07 23:00:00,9,3.69,3.86,Hs ≥ P95,3.34
351,1117,Gijón costera,Costera,2010-01-08 01:00:00,2010-01-08 01:00:00,1,3.64,3.64,Hs ≥ P95,3.34
352,1117,Gijón costera,Costera,2010-01-08 18:00:00,2010-01-08 18:00:00,1,3.36,3.36,Hs ≥ P95,3.34
353,1117,Gijón costera,Costera,2010-01-08 22:00:00,2010-01-08 22:00:00,1,3.53,3.53,Hs ≥ P95,3.34
354,1117,Gijón costera,Costera,2010-01-14 07:00:00,2010-01-14 08:00:00,2,3.56,3.67,Hs ≥ P95,3.34
355,1117,Gijón costera,Costera,2010-01-14 10:00:00,2010-01-14 10:00:00,1,3.51,3.51,Hs ≥ P95,3.34
356,1117,Gijón costera,Costera,2010-01-29 18:00:00,2010-01-29 18:00:00,1,3.34,3.34,Hs ≥ P95,3.34
357,1117,Gijón costera,Costera,2010-01-29 20:00:00,2010-01-30 00:00:00,5,3.59,3.89,Hs ≥ P95,3.34
358,1117,Gijón costera,Costera,2010-01-30 02:00:00,2010-01-30 04:00:00,3,3.64,3.77,Hs ≥ P95,3.34
359,1117,Gijón costera,Costera,2010-01-30 06:00:00,2010-01-30 10:00:00,5,3.52,3.6,Hs ≥ P95,3.34
360,1117,Gijón costera,Costera,2010-02-05 19:00:00,2010-02-06 16:00:00,22,4.39,5.44,Hs ≥ P95,3.34
361,1117,Gijón costera,Costera,2010-02-24 09:00:00,2010-02-24 18:00:00,10,3.81,4.28,Hs ≥ P95,3.34
362,1117,Gijón costera,Costera,2010-03-05 19:00:00,2010-03-06 12:00:00,18,3.64,3.99,Hs ≥ P95,3.34
363,1117,Gijón costera,Costera,2010-03-06 14:00:00,2010-03-06 18:00:00,5,3.7,3.97,Hs ≥ P95,3.34
364,1117,Gijón costera,Costera,2010-03-26 12:00:00,2010-03-26 14:00:00,3,3.65,4.11,Hs ≥ P95,3.34
365,1117,Gijón costera,Costera,2010-03-26 16:00:00,2010-03-26 16:00:00,1,3.71,3.71,Hs ≥ P95,3.34
366,1117,Gijón costera,Costera,2010-03-26 18:00:00,2010-03-27 08:00:00,15,3.98,4.65,Hs ≥ P95,3.34
367,1117,Gijón costera,Costera,2010-03-30 04:00:00,2010-03-30 08:00:00,5,3.88,4.12,Hs ≥ P95,3.34
368,1117,Gijón costera,Costera,2010-03-30 17:00:00,2010-03-31 03:00:00,11,3.69,4.1,Hs ≥ P95,3.34
369,1117,Gijón costera,Costera,2010-03-31 05:00:00,2010-03-31 06:00:00,2,3.57,3.64,Hs ≥ P95,3.34
370,1117,Gijón costera,Costera,2010-03-31 14:00:00,2010-03-31 14:00:00,1,3.41,3.41,Hs ≥ P95,3.34
371,1117,Gijón costera,Costera,2010-04-03 10:00:00,2010-04-03 20:00:00,11,3.89,4.61,Hs ≥ P95,3.34
372,1117,Gijón costera,Costera,2010-04-03 22:00:00,2010-04-03 23:00:00,2,3.56,3.62,Hs ≥ P95,3.34
373,1117,Gijón costera,Costera,2010-04-04 01:00:00,2010-04-04 01:00:00,1,3.35,3.35,Hs ≥ P95,3.34
374,1117,Gijón costera,Costera,2010-04-04 03:00:00,2010-04-04 03:00:00,1,3.4,3.4,Hs ≥ P95,3.34
375,1117,Gijón costera,Costera,2010-04-04 05:00:00,2010-04-04 08:00:00,4,3.52,3.83,Hs ≥ P95,3.34
376,1117,Gijón costera,Costera,2010-04-04 11:00:00,2010-04-04 11:00:00,1,3.53,3.53,Hs ≥ P95,3.34
377,1117,Gijón costera,Costera,2010-05-04 09:00:00,2010-05-04 09:00:00,1,3.38,3.38,Hs ≥ P95,3.34
378,1117,Gijón costera,Costera,2010-07-14 17:00:00,2010-07-14 20:00:00,4,3.73,4.15,Hs ≥ P95,3.34
379,1117,Gijón costera,Costera,2010-10-03 23:00:00,2010-10-04 08:00:00,10,4.05,4.77,Hs ≥ P95,3.34
380,1117,Gijón costera,Costera,2010-10-04 14:00:00,2010-10-04 14:00:00,1,3.38,3.38,Hs ≥ P95,3.34
381,1117,Gijón costera,Costera,2010-10-05 21:00:00,2010-10-06 09:00:00,13,4.04,5.23,Hs ≥ P95,3.34
382,1117,Gijón costera,Costera,2010-10-06 12:00:00,2010-10-06 13:00:00,2,3.74,3.91,Hs ≥ P95,3.34
383,1117,Gijón costera,Costera,2010-10-06 15:00:00,2010-10-06 23:00:00,9,3.7,4.0,Hs ≥ P95,3.34
384,1117,Gijón costera,Costera,2010-10-07 02:00:00,2010-10-07 02:00:00,1,3.36,3.36,Hs ≥ P95,3.34
385,1117,Gijón costera,Costera,2010-10-07 05:00:00,2010-10-07 06:00:00,2,3.36,3.38,Hs ≥ P95,3.34
386,1117,Gijón costera,Costera,2010-10-31 18:00:00,2010-11-01 10:00:00,17,4.45,5.68,Hs ≥ P95,3.34
387,1117,Gijón costera,Costera,2010-11-03 05:00:00,2010-11-03 16:00:00,12,3.75,4.1,Hs ≥ P95,3.34
388,1117,Gijón costera,Costera,2010-11-03 18:00:00,2010-11-03 19:00:00,2,3.5,3.67,Hs ≥ P95,3.34
389,1117,Gijón costera,Costera,2010-11-08 11:00:00,2010-11-10 19:00:00,57,5.7,7.94,Hs ≥ P95,3.34
390,1117,Gijón costera,Costera,2010-11-12 03:00:00,2010-11-12 04:00:00,2,3.58,3.67,Hs ≥ P95,3.34
391,1117,Gijón costera,Costera,2010-11-12 06:00:00,2010-11-12 06:00:00,1,3.35,3.35,Hs ≥ P95,3.34
392,1117,Gijón costera,Costera,2010-11-12 11:00:00,2010-11-12 21:00:00,11,4.34,5.53,Hs ≥ P95,3.34
393,1117,Gijón costera,Costera,2010-11-12 23:00:00,2010-11-12 23:00:00,1,3.49,3.49,Hs ≥ P95,3.34
394,1117,Gijón costera,Costera,2010-11-13 01:00:00,2010-11-13 01:00:00,1,3.37,3.37,Hs ≥ P95,3.34
395,1117,Gijón costera,Costera,2010-11-13 04:00:00,2010-11-13 04:00:00,1,3.67,3.67,Hs ≥ P95,3.34
396,1117,Gijón costera,Costera,2010-11-15 07:00:00,2010-11-15 15:00:00,9,4.2,4.92,Hs ≥ P95,3.34
397,1117,Gijón costera,Costera,2010-11-17 23:00:00,2010-11-19 01:00:00,27,4.35,5.13,Hs ≥ P95,3.34
398,1117,Gijón costera,Costera,2010-11-19 06:00:00,2010-11-19 06:00:00,1,3.36,3.36,Hs ≥ P95,3.34
399,1117,Gijón costera,Costera,2010-11-19 08:00:00,2010-11-19 09:00:00,2,3.66,3.91,Hs ≥ P95,3.34
400,1117,Gijón costera,Costera,2010-12-08 18:00:00,2010-12-08 18:00:00,1,3.38,3.38,Hs ≥ P95,3.34
401,1117,Gijón costera,Costera,2010-12-09 00:00:00,2010-12-09 01:00:00,2,3.47,3.51,Hs ≥ P95,3.34
402,1117,Gijón costera,Costera,2010-12-09 03:00:00,2010-12-09 03:00:00,1,3.34,3.34,Hs ≥ P95,3.34
403,1117,Gijón costera,Costera,2010-12-22 11:00:00,2010-12-22 20:00:00,10,3.7,4.04,Hs ≥ P95,3.34
404,1117,Gijón costera,Costera,2010-12-22 22:00:00,2010-12-22 22:00:00,1,3.34,3.34,Hs ≥ P95,3.34
405,1117,Gijón costera,Costera,2010-12-23 20:00:00,2010-12-23 20:00:00,1,3.44,3.44,Hs ≥ P95,3.34
406,1117,Gijón costera,Costera,2010-12-23 22:00:00,2010-12-23 23:00:00,2,3.46,3.58,Hs ≥ P95,3.34
407,1117,Gijón costera,Costera,2010-12-24 01:00:00,2010-12-24 01:00:00,1,3.38,3.38,Hs ≥ P95,3.34
408,1117,Gijón costera,Costera,2011-01-16 23:00:00,2011-01-16 23:00:00,1,3.49,3.49,Hs ≥ P95,3.34
409,1117,Gijón costera,Costera,2011-02-03 19:00:00,2011-02-03 19:00:00,1,3.51,3.51,Hs ≥ P95,3.34
410,1117,Gijón costera,Costera,2011-02-04 16:00:00,2011-02-04 19:00:00,4,3.56,4.05,Hs ≥ P95,3.34
411,1117,Gijón costera,Costera,2011-02-04 21:00:00,2011-02-05 16:00:00,20,3.8,4.19,Hs ≥ P95,3.34
412,1117,Gijón costera,Costera,2011-02-05 19:00:00,2011-02-05 20:00:00,2,3.89,4.01,Hs ≥ P95,3.34
413,1117,Gijón costera,Costera,2011-02-05 22:00:00,2011-02-05 23:00:00,2,3.64,3.67,Hs ≥ P95,3.34
414,1117,Gijón costera,Costera,2011-02-06 01:00:00,2011-02-06 01:00:00,1,3.6,3.6,Hs ≥ P95,3.34
415,1117,Gijón costera,Costera,2011-02-06 03:00:00,2011-02-06 03:00:00,1,3.43,3.43,Hs ≥ P95,3.34
416,1117,Gijón costera,Costera,2011-02-06 05:00:00,2011-02-06 05:00:00,1,3.43,3.43,Hs ≥ P95,3.34
417,1117,Gijón costera,Costera,2011-02-06 12:00:00,2011-02-06 12:00:00,1,3.37,3.37,Hs ≥ P95,3.34
418,1117,Gijón costera,Costera,2011-02-06 14:00:00,2011-02-06 14:00:00,1,3.45,3.45,Hs ≥ P95,3.34
419,1117,Gijón costera,Costera,2011-02-06 21:00:00,2011-02-06 21:00:00,1,3.35,3.35,Hs ≥ P95,3.34
420,1117,Gijón costera,Costera,2011-02-07 03:00:00,2011-02-07 03:00:00,1,3.6,3.6,Hs ≥ P95,3.34
421,1117,Gijón costera,Costera,2011-02-10 19:00:00,2011-02-10 19:00:00,1,3.6,3.6,Hs ≥ P95,3.34
422,1117,Gijón costera,Costera,2011-02-12 00:00:00,2011-02-12 03:00:00,4,3.37,3.42,Hs ≥ P95,3.34
423,1117,Gijón costera,Costera,2011-02-12 05:00:00,2011-02-12 21:00:00,17,3.81,4.29,Hs ≥ P95,3.34
424,1117,Gijón costera,Costera,2011-02-13 00:00:00,2011-02-13 03:00:00,4,3.6,3.83,Hs ≥ P95,3.34
425,1117,Gijón costera,Costera,2011-02-13 08:00:00,2011-02-13 17:00:00,10,3.75,4.11,Hs ≥ P95,3.34
426,1117,Gijón costera,Costera,2011-02-13 19:00:00,2011-02-14 23:00:00,29,3.87,4.48,Hs ≥ P95,3.34
427,1117,Gijón costera,Costera,2011-02-15 01:00:00,2011-02-15 04:00:00,4,3.61,3.96,Hs ≥ P95,3.34
428,1117,Gijón costera,Costera,2011-02-15 07:00:00,2011-02-15 08:00:00,2,3.38,3.4,Hs ≥ P95,3.34
429,1117,Gijón costera,Costera,2011-02-15 12:00:00,2011-02-15 12:00:00,1,3.65,3.65,Hs ≥ P95,3.34
430,1117,Gijón costera,Costera,2011-02-15 15:00:00,2011-02-17 22:00:00,56,4.2,5.39,Hs ≥ P95,3.34
431,1117,Gijón costera,Costera,2011-05-26 20:00:00,2011-05-27 01:00:00,6,3.64,3.97,Hs ≥ P95,3.34
432,1117,Gijón costera,Costera,2011-06-17 18:00:00,2011-06-17 20:00:00,3,3.49,3.57,Hs ≥ P95,3.34
433,1117,Gijón costera,Costera,2011-06-17 22:00:00,2011-06-17 22:00:00,1,3.51,3.51,Hs ≥ P95,3.34
434,1117,Gijón costera,Costera,2011-08-26 15:00:00,2011-08-26 16:00:00,2,3.58,3.82,Hs ≥ P95,3.34
435,1117,Gijón costera,Costera,2011-10-17 15:00:00,2011-10-17 16:00:00,2,3.49,3.62,Hs ≥ P95,3.34
436,1117,Gijón costera,Costera,2011-10-27 19:00:00,2011-10-27 21:00:00,3,3.62,3.74,Hs ≥ P95,3.34
437,1117,Gijón costera,Costera,2011-10-30 20:00:00,2011-10-30 20:00:00,1,3.59,3.59,Hs ≥ P95,3.34
438,1117,Gijón costera,Costera,2011-10-31 23:00:00,2011-10-31 23:00:00,1,3.41,3.41,Hs ≥ P95,3.34
439,1117,Gijón costera,Costera,2011-11-03 13:00:00,2011-11-03 13:00:00,1,3.54,3.54,Hs ≥ P95,3.34
440,1117,Gijón costera,Costera,2011-11-05 15:00:00,2011-11-05 15:00:00,1,3.37,3.37,Hs ≥ P95,3.34
441,1117,Gijón costera,Costera,2011-11-05 17:00:00,2011-11-05 18:00:00,2,3.42,3.48,Hs ≥ P95,3.34
442,1117,Gijón costera,Costera,2011-11-22 11:00:00,2011-11-22 12:00:00,2,3.73,4.02,Hs ≥ P95,3.34
443,1117,Gijón costera,Costera,2011-11-22 14:00:00,2011-11-22 23:00:00,10,3.76,3.92,Hs ≥ P95,3.34
444,1117,Gijón costera,Costera,2011-11-23 02:00:00,2011-11-23 04:00:00,3,3.44,3.54,Hs ≥ P95,3.34
445,1117,Gijón costera,Costera,2011-12-03 20:00:00,2011-12-04 04:00:00,9,3.7,3.94,Hs ≥ P95,3.34
446,1117,Gijón costera,Costera,2011-12-04 12:00:00,2011-12-04 16:00:00,5,3.64,3.79,Hs ≥ P95,3.34
447,1117,Gijón costera,Costera,2011-12-04 19:00:00,2011-12-04 19:00:00,1,3.37,3.37,Hs ≥ P95,3.34
448,1117,Gijón costera,Costera,2011-12-06 04:00:00,2011-12-06 04:00:00,1,3.38,3.38,Hs ≥ P95,3.34
449,1117,Gijón costera,Costera,2011-12-06 06:00:00,2011-12-06 06:00:00,1,3.34,3.34,Hs ≥ P95,3.34
450,1117,Gijón costera,Costera,2011-12-06 15:00:00,2011-12-06 16:00:00,2,3.44,3.52,Hs ≥ P95,3.34
451,1117,Gijón costera,Costera,2011-12-06 18:00:00,2011-12-06 19:00:00,2,3.38,3.4,Hs ≥ P95,3.34
452,1117,Gijón costera,Costera,2011-12-08 07:00:00,2011-12-08 09:00:00,3,3.47,3.57,Hs ≥ P95,3.34
453,1117,Gijón costera,Costera,2011-12-09 13:00:00,2011-12-09 13:00:00,1,3.47,3.47,Hs ≥ P95,3.34
454,1117,Gijón costera,Costera,2011-12-09 19:00:00,2011-12-09 19:00:00,1,3.51,3.51,Hs ≥ P95,3.34
455,1117,Gijón costera,Costera,2011-12-12 05:00:00,2011-12-13 17:00:00,37,4.44,5.29,Hs ≥ P95,3.34
456,1117,Gijón costera,Costera,2011-12-14 01:00:00,2011-12-16 16:00:00,64,5.23,6.84,Hs ≥ P95,3.34
457,1117,Gijón costera,Costera,2011-12-16 18:00:00,2011-12-16 18:00:00,1,3.9,3.9,Hs ≥ P95,3.34
458,1117,Gijón costera,Costera,2011-12-16 21:00:00,2011-12-18 00:00:00,28,4.29,5.24,Hs ≥ P95,3.34
459,1117,Gijón costera,Costera,2011-12-29 10:00:00,2011-12-29 16:00:00,7,3.54,3.81,Hs ≥ P95,3.34
460,1117,Gijón costera,Costera,2012-01-04 01:00:00,2012-01-04 06:00:00,6,4.4,4.64,Hs ≥ P95,3.34
461,1117,Gijón costera,Costera,2012-01-06 01:00:00,2012-01-06 06:00:00,6,3.6,3.87,Hs ≥ P95,3.34
462,1117,Gijón costera,Costera,2012-01-26 21:00:00,2012-01-27 09:00:00,13,3.92,4.37,Hs ≥ P95,3.34
463,1117,Gijón costera,Costera,2012-02-05 10:00:00,2012-02-05 14:00:00,5,3.5,3.79,Hs ≥ P95,3.34
464,1117,Gijón costera,Costera,2012-03-08 14:00:00,2012-03-09 08:00:00,19,3.88,4.62,Hs ≥ P95,3.34
465,1117,Gijón costera,Costera,2012-03-09 11:00:00,2012-03-09 11:00:00,1,3.51,3.51,Hs ≥ P95,3.34
466,1117,Gijón costera,Costera,2012-03-09 13:00:00,2012-03-09 13:00:00,1,3.36,3.36,Hs ≥ P95,3.34
467,1117,Gijón costera,Costera,2012-04-18 04:00:00,2012-04-19 21:00:00,42,4.58,6.6,Hs ≥ P95,3.34
468,1117,Gijón costera,Costera,2012-04-23 15:00:00,2012-04-24 14:00:00,24,4.33,5.28,Hs ≥ P95,3.34
469,1117,Gijón costera,Costera,2012-04-24 16:00:00,2012-04-24 17:00:00,2,3.39,3.4,Hs ≥ P95,3.34
470,1117,Gijón costera,Costera,2012-04-25 16:00:00,2012-04-26 00:00:00,9,4.76,6.01,Hs ≥ P95,3.34
471,1117,Gijón costera,Costera,2012-09-24 15:00:00,2012-09-24 15:00:00,1,3.77,3.77,Hs ≥ P95,3.34
472,1117,Gijón costera,Costera,2012-10-13 11:00:00,2012-10-13 11:00:00,1,3.38,3.38,Hs ≥ P95,3.34
473,1117,Gijón costera,Costera,2012-10-14 13:00:00,2012-10-14 13:00:00,1,3.49,3.49,Hs ≥ P95,3.34
474,1117,Gijón costera,Costera,2012-10-14 15:00:00,2012-10-14 15:00:00,1,3.34,3.34,Hs ≥ P95,3.34
475,1117,Gijón costera,Costera,2012-10-14 20:00:00,2012-10-14 20:00:00,1,3.42,3.42,Hs ≥ P95,3.34
476,1117,Gijón costera,Costera,2012-10-14 22:00:00,2012-10-14 22:00:00,1,3.36,3.36,Hs ≥ P95,3.34
477,1117,Gijón costera,Costera,2012-10-17 14:00:00,2012-10-18 07:00:00,18,3.97,4.54,Hs ≥ P95,3.34
478,1117,Gijón costera,Costera,2012-10-18 15:00:00,2012-10-18 15:00:00,1,3.34,3.34,Hs ≥ P95,3.34
479,1117,Gijón costera,Costera,2012-10-27 08:00:00,2012-10-27 23:00:00,16,3.61,4.04,Hs ≥ P95,3.34
480,1117,Gijón costera,Costera,2012-11-01 21:00:00,2012-11-01 23:00:00,3,3.53,3.55,Hs ≥ P95,3.34
481,1117,Gijón costera,Costera,2012-11-02 11:00:00,2012-11-02 11:00:00,1,3.75,3.75,Hs ≥ P95,3.34
482,1117,Gijón costera,Costera,2012-11-02 13:00:00,2012-11-02 14:00:00,2,3.44,3.45,Hs ≥ P95,3.34
483,1117,Gijón costera,Costera,2012-11-04 23:00:00,2012-11-05 04:00:00,6,3.63,3.82,Hs ≥ P95,3.34
484,1117,Gijón costera,Costera,2012-11-05 06:00:00,2012-11-05 15:00:00,10,3.5,3.77,Hs ≥ P95,3.34
485,1117,Gijón costera,Costera,2012-11-05 21:00:00,2012-11-05 21:00:00,1,3.41,3.41,Hs ≥ P95,3.34
486,1117,Gijón costera,Costera,2012-11-10 20:00:00,2012-11-10 23:00:00,4,3.51,3.56,Hs ≥ P95,3.34
487,1117,Gijón costera,Costera,2012-11-11 02:00:00,2012-11-11 02:00:00,1,3.34,3.34,Hs ≥ P95,3.34
488,1117,Gijón costera,Costera,2012-11-11 04:00:00,2012-11-11 21:00:00,18,3.84,4.24,Hs ≥ P95,3.34
489,1117,Gijón costera,Costera,2012-11-11 23:00:00,2012-11-12 03:00:00,5,3.96,4.18,Hs ≥ P95,3.34
490,1117,Gijón costera,Costera,2012-11-12 05:00:00,2012-11-12 07:00:00,3,3.53,3.6,Hs ≥ P95,3.34
491,1117,Gijón costera,Costera,2012-11-18 02:00:00,2012-11-18 03:00:00,2,3.42,3.45,Hs ≥ P95,3.34
492,1117,Gijón costera,Costera,2012-11-18 06:00:00,2012-11-18 06:00:00,1,3.35,3.35,Hs ≥ P95,3.34
493,1117,Gijón costera,Costera,2012-11-18 09:00:00,2012-11-18 09:00:00,1,3.4,3.4,Hs ≥ P95,3.34
494,1117,Gijón costera,Costera,2012-11-18 13:00:00,2012-11-18 15:00:00,3,3.46,3.57,Hs ≥ P95,3.34
495,1117,Gijón costera,Costera,2012-11-25 00:00:00,2012-11-25 00:00:00,1,3.57,3.57,Hs ≥ P95,3.34
496,1117,Gijón costera,Costera,2012-11-26 17:00:00,2012-11-27 00:00:00,8,3.59,3.96,Hs ≥ P95,3.34
497,1117,Gijón costera,Costera,2012-11-27 02:00:00,2012-11-27 02:00:00,1,3.34,3.34,Hs ≥ P95,3.34
498,1117,Gijón costera,Costera,2012-11-27 07:00:00,2012-11-27 09:00:00,3,3.37,3.42,Hs ≥ P95,3.34
499,1117,Gijón costera,Costera,2012-11-27 11:00:00,2012-11-27 12:00:00,2,3.41,3.44,Hs ≥ P95,3.34
500,1117,Gijón costera,Costera,2012-11-27 14:00:00,2012-11-27 14:00:00,1,3.76,3.76,Hs ≥ P95,3.34
501,1117,Gijón costera,Costera,2012-11-27 16:00:00,2012-11-27 17:00:00,2,3.4,3.42,Hs ≥ P95,3.34
502,1117,Gijón costera,Costera,2012-11-28 08:00:00,2012-11-28 13:00:00,6,3.49,3.6,Hs ≥ P95,3.34
503,1117,Gijón costera,Costera,2012-12-04 14:00:00,2012-12-04 14:00:00,1,3.54,3.54,Hs ≥ P95,3.34
504,1117,Gijón costera,Costera,2012-12-04 17:00:00,2012-12-04 18:00:00,2,3.4,3.47,Hs ≥ P95,3.34
505,1117,Gijón costera,Costera,2012-12-04 20:00:00,2012-12-04 21:00:00,2,3.43,3.49,Hs ≥ P95,3.34
506,1117,Gijón costera,Costera,2012-12-04 23:00:00,2012-12-05 01:00:00,3,3.66,3.83,Hs ≥ P95,3.34
507,1117,Gijón costera,Costera,2012-12-05 03:00:00,2012-12-05 18:00:00,16,3.82,4.45,Hs ≥ P95,3.34
508,1117,Gijón costera,Costera,2012-12-15 04:00:00,2012-12-15 08:00:00,5,3.64,3.92,Hs ≥ P95,3.34
509,1117,Gijón costera,Costera,2012-12-15 15:00:00,2012-12-17 13:00:00,47,4.09,4.76,Hs ≥ P95,3.34
510,1117,Gijón costera,Costera,2013-03-13 10:00:00,2013-03-13 12:00:00,3,3.42,3.55,Hs ≥ P95,3.34
511,1117,Gijón costera,Costera,2013-03-17 05:00:00,2013-03-17 05:00:00,1,3.38,3.38,Hs ≥ P95,3.34
512,1117,Gijón costera,Costera,2013-03-18 11:00:00,2013-03-18 22:00:00,12,3.62,3.86,Hs ≥ P95,3.34
513,1117,Gijón costera,Costera,2013-04-09 16:00:00,2013-04-09 20:00:00,5,3.51,3.84,Hs ≥ P95,3.34
514,1117,Gijón costera,Costera,2013-04-10 09:00:00,2013-04-10 09:00:00,1,3.37,3.37,Hs ≥ P95,3.34
515,1117,Gijón costera,Costera,2013-04-30 07:00:00,2013-04-30 10:00:00,4,3.41,3.45,Hs ≥ P95,3.34
516,1117,Gijón costera,Costera,2013-04-30 16:00:00,2013-05-01 00:00:00,9,3.52,3.8,Hs ≥ P95,3.34
517,1117,Gijón costera,Costera,2013-05-10 05:00:00,2013-05-10 05:00:00,1,3.58,3.58,Hs ≥ P95,3.34
518,1117,Gijón costera,Costera,2013-05-10 07:00:00,2013-05-10 10:00:00,4,3.57,4.03,Hs ≥ P95,3.34
519,1117,Gijón costera,Costera,2013-05-10 12:00:00,2013-05-10 12:00:00,1,3.44,3.44,Hs ≥ P95,3.34
520,1117,Gijón costera,Costera,2013-05-14 13:00:00,2013-05-14 13:00:00,1,3.36,3.36,Hs ≥ P95,3.34
521,1117,Gijón costera,Costera,2013-05-14 15:00:00,2013-05-14 17:00:00,3,3.45,3.64,Hs ≥ P95,3.34
522,1117,Gijón costera,Costera,2013-05-15 00:00:00,2013-05-15 00:00:00,1,3.45,3.45,Hs ≥ P95,3.34
523,1117,Gijón costera,Costera,2013-05-15 11:00:00,2013-05-15 11:00:00,1,3.46,3.46,Hs ≥ P95,3.34
524,1117,Gijón costera,Costera,2013-05-15 13:00:00,2013-05-15 13:00:00,1,3.61,3.61,Hs ≥ P95,3.34
525,1117,Gijón costera,Costera,2013-05-15 17:00:00,2013-05-15 17:00:00,1,3.58,3.58,Hs ≥ P95,3.34
526,1117,Gijón costera,Costera,2013-05-28 14:00:00,2013-05-29 15:00:00,26,3.94,4.34,Hs ≥ P95,3.34
527,1117,Gijón costera,Costera,2013-05-30 00:00:00,2013-05-30 00:00:00,1,3.39,3.39,Hs ≥ P95,3.34
528,1117,Gijón costera,Costera,2013-06-23 05:00:00,2013-06-23 17:00:00,13,3.98,4.45,Hs ≥ P95,3.34
529,1117,Gijón costera,Costera,2013-06-23 19:00:00,2013-06-23 21:00:00,3,3.44,3.55,Hs ≥ P95,3.34
530,1117,Gijón costera,Costera,2013-09-17 06:00:00,2013-09-17 06:00:00,1,3.41,3.41,Hs ≥ P95,3.34
531,1117,Gijón costera,Costera,2013-09-17 17:00:00,2013-09-17 18:00:00,2,3.47,3.58,Hs ≥ P95,3.34
532,1117,Gijón costera,Costera,2013-10-27 17:00:00,2013-10-29 04:00:00,36,4.71,7.06,Hs ≥ P95,3.34
533,1117,Gijón costera,Costera,2013-10-29 07:00:00,2013-10-29 08:00:00,2,3.46,3.47,Hs ≥ P95,3.34
534,1117,Gijón costera,Costera,2013-10-29 10:00:00,2013-10-29 10:00:00,1,3.38,3.38,Hs ≥ P95,3.34
535,1117,Gijón costera,Costera,2013-10-29 14:00:00,2013-10-29 15:00:00,2,3.56,3.62,Hs ≥ P95,3.34
536,1117,Gijón costera,Costera,2013-10-29 17:00:00,2013-10-29 19:00:00,3,3.48,3.54,Hs ≥ P95,3.34
537,1117,Gijón costera,Costera,2013-10-29 21:00:00,2013-10-29 21:00:00,1,3.69,3.69,Hs ≥ P95,3.34
538,1117,Gijón costera,Costera,2013-11-01 07:00:00,2013-11-01 14:00:00,8,3.61,4.01,Hs ≥ P95,3.34
539,1117,Gijón costera,Costera,2013-11-01 16:00:00,2013-11-02 07:00:00,16,3.84,4.73,Hs ≥ P95,3.34
540,1117,Gijón costera,Costera,2013-11-02 09:00:00,2013-11-02 09:00:00,1,3.84,3.84,Hs ≥ P95,3.34
541,1117,Gijón costera,Costera,2013-11-03 03:00:00,2013-11-03 16:00:00,14,4.3,4.75,Hs ≥ P95,3.34
542,1117,Gijón costera,Costera,2013-11-03 18:00:00,2013-11-03 18:00:00,1,3.37,3.37,Hs ≥ P95,3.34
543,1117,Gijón costera,Costera,2013-11-03 22:00:00,2013-11-03 22:00:00,1,3.47,3.47,Hs ≥ P95,3.34
544,1117,Gijón costera,Costera,2013-11-04 04:00:00,2013-11-04 07:00:00,4,3.6,4.01,Hs ≥ P95,3.34
545,1117,Gijón costera,Costera,2015-11-21 14:00:00,2015-11-22 03:00:00,14,3.57,4.03,Hs ≥ P95,3.34
546,1117,Gijón costera,Costera,2015-11-22 05:00:00,2015-11-22 06:00:00,2,3.4,3.4,Hs ≥ P95,3.34
547,1117,Gijón costera,Costera,2015-11-25 10:00:00,2015-11-25 11:00:00,2,3.42,3.46,Hs ≥ P95,3.34
548,1117,Gijón costera,Costera,2015-11-25 13:00:00,2015-11-25 23:00:00,11,3.67,4.19,Hs ≥ P95,3.34
549,1117,Gijón costera,Costera,2015-11-26 09:00:00,2015-11-26 09:00:00,1,3.37,3.37,Hs ≥ P95,3.34
550,1117,Gijón costera,Costera,2015-11-28 08:00:00,2015-11-28 09:00:00,2,3.5,3.6,Hs ≥ P95,3.34
551,1117,Gijón costera,Costera,2015-11-28 11:00:00,2015-11-28 12:00:00,2,3.56,3.57,Hs ≥ P95,3.34
552,1117,Gijón costera,Costera,2015-11-28 14:00:00,2015-11-28 16:00:00,3,3.65,3.72,Hs ≥ P95,3.34
553,1117,Gijón costera,Costera,2015-11-29 08:00:00,2015-11-29 18:00:00,11,3.8,4.23,Hs ≥ P95,3.34
554,1117,Gijón costera,Costera,2015-11-29 21:00:00,2015-11-29 21:00:00,1,3.35,3.35,Hs ≥ P95,3.34
555,1117,Gijón costera,Costera,2015-11-30 00:00:00,2015-11-30 05:00:00,6,3.8,4.11,Hs ≥ P95,3.34
556,1117,Gijón costera,Costera,2015-11-30 10:00:00,2015-11-30 10:00:00,1,3.56,3.56,Hs ≥ P95,3.34
557,1117,Gijón costera,Costera,2015-11-30 16:00:00,2015-11-30 16:00:00,1,3.64,3.64,Hs ≥ P95,3.34
558,1117,Gijón costera,Costera,2015-11-30 18:00:00,2015-11-30 18:00:00,1,3.42,3.42,Hs ≥ P95,3.34
559,1117,Gijón costera,Costera,2015-12-05 20:00:00,2015-12-05 20:00:00,1,3.35,3.35,Hs ≥ P95,3.34
560,1117,Gijón costera,Costera,2015-12-06 02:00:00,2015-12-06 03:00:00,2,3.66,3.78,Hs ≥ P95,3.34
561,1117,Gijón costera,Costera,2015-12-06 06:00:00,2015-12-06 09:00:00,4,3.52,3.8,Hs ≥ P95,3.34
562,1117,Gijón costera,Costera,2015-12-24 12:00:00,2015-12-24 12:00:00,1,3.37,3.37,Hs ≥ P95,3.34
563,1117,Gijón costera,Costera,2015-12-24 14:00:00,2015-12-24 16:00:00,3,3.77,4.1,Hs ≥ P95,3.34
564,1117,Gijón costera,Costera,2015-12-30 17:00:00,2015-12-30 18:00:00,2,3.56,3.62,Hs ≥ P95,3.34
565,1117,Gijón costera,Costera,2015-12-30 20:00:00,2015-12-30 21:00:00,2,3.42,3.47,Hs ≥ P95,3.34
566,1117,Gijón costera,Costera,2015-12-31 09:00:00,2015-12-31 09:00:00,1,3.36,3.36,Hs ≥ P95,3.34
567,1117,Gijón costera,Costera,2016-01-02 00:00:00,2016-01-02 22:00:00,23,4.02,4.51,Hs ≥ P95,3.34
568,1117,Gijón costera,Costera,2016-01-03 16:00:00,2016-01-03 18:00:00,3,3.5,3.81,Hs ≥ P95,3.34
569,1117,Gijón costera,Costera,2016-01-04 03:00:00,2016-01-06 14:00:00,60,4.27,5.53,Hs ≥ P95,3.34
570,1117,Gijón costera,Costera,2016-01-06 23:00:00,2016-01-06 23:00:00,1,3.49,3.49,Hs ≥ P95,3.34
571,1117,Gijón costera,Costera,2016-01-09 18:00:00,2016-01-09 21:00:00,4,3.73,3.92,Hs ≥ P95,3.34
572,1117,Gijón costera,Costera,2016-01-09 23:00:00,2016-01-09 23:00:00,1,3.45,3.45,Hs ≥ P95,3.34
573,1117,Gijón costera,Costera,2016-01-10 01:00:00,2016-01-10 01:00:00,1,3.38,3.38,Hs ≥ P95,3.34
574,1117,Gijón costera,Costera,2016-01-10 12:00:00,2016-01-10 12:00:00,1,3.44,3.44,Hs ≥ P95,3.34
575,1117,Gijón costera,Costera,2016-01-11 04:00:00,2016-01-11 11:00:00,8,3.69,4.02,Hs ≥ P95,3.34
576,1117,Gijón costera,Costera,2016-01-11 13:00:00,2016-01-11 16:00:00,4,3.4,3.41,Hs ≥ P95,3.34
577,1117,Gijón costera,Costera,2016-01-11 18:00:00,2016-01-12 02:00:00,9,3.79,4.28,Hs ≥ P95,3.34
578,1117,Gijón costera,Costera,2016-01-30 08:00:00,2016-01-30 08:00:00,1,3.37,3.37,Hs ≥ P95,3.34
579,1117,Gijón costera,Costera,2016-01-30 11:00:00,2016-01-30 12:00:00,2,3.56,3.65,Hs ≥ P95,3.34
580,1117,Gijón costera,Costera,2016-01-30 14:00:00,2016-01-30 18:00:00,5,3.44,3.62,Hs ≥ P95,3.34
581,1117,Gijón costera,Costera,2016-01-30 22:00:00,2016-01-30 22:00:00,1,3.8,3.8,Hs ≥ P95,3.34
582,1117,Gijón costera,Costera,2016-01-31 00:00:00,2016-01-31 00:00:00,1,3.46,3.46,Hs ≥ P95,3.34
583,1117,Gijón costera,Costera,2016-01-31 02:00:00,2016-01-31 09:00:00,8,3.47,3.75,Hs ≥ P95,3.34
584,1117,Gijón costera,Costera,2016-01-31 13:00:00,2016-01-31 13:00:00,1,3.38,3.38,Hs ≥ P95,3.34
585,1117,Gijón costera,Costera,2016-01-31 15:00:00,2016-01-31 17:00:00,3,3.45,3.53,Hs ≥ P95,3.34
586,1117,Gijón costera,Costera,2016-02-07 08:00:00,2016-02-08 22:00:00,39,4.19,5.56,Hs ≥ P95,3.34
587,1117,Gijón costera,Costera,2016-02-27 02:00:00,2016-02-27 02:00:00,1,3.47,3.47,Hs ≥ P95,3.34
588,1117,Gijón costera,Costera,2016-02-27 04:00:00,2016-02-27 06:00:00,3,3.77,3.98,Hs ≥ P95,3.34
589,1117,Gijón costera,Costera,2016-02-27 08:00:00,2016-02-27 09:00:00,2,3.42,3.46,Hs ≥ P95,3.34
590,1117,Gijón costera,Costera,2016-02-27 20:00:00,2016-02-27 20:00:00,1,3.46,3.46,Hs ≥ P95,3.34
591,1117,Gijón costera,Costera,2016-02-27 22:00:00,2016-02-27 22:00:00,1,3.47,3.47,Hs ≥ P95,3.34
592,1117,Gijón costera,Costera,2016-02-28 00:00:00,2016-02-28 05:00:00,6,3.62,3.8,Hs ≥ P95,3.34
593,1117,Gijón costera,Costera,2016-02-28 07:00:00,2016-02-28 08:00:00,2,3.48,3.59,Hs ≥ P95,3.34
594,1117,Gijón costera,Costera,2016-03-02 20:00:00,2016-03-03 07:00:00,12,3.6,3.99,Hs ≥ P95,3.34
595,1117,Gijón costera,Costera,2016-03-04 13:00:00,2016-03-04 13:00:00,1,3.54,3.54,Hs ≥ P95,3.34
596,1117,Gijón costera,Costera,2016-03-04 18:00:00,2016-03-04 18:00:00,1,3.34,3.34,Hs ≥ P95,3.34
597,1117,Gijón costera,Costera,2016-03-05 03:00:00,2016-03-05 12:00:00,10,3.74,4.12,Hs ≥ P95,3.34
598,1117,Gijón costera,Costera,2016-03-05 14:00:00,2016-03-06 00:00:00,11,3.59,3.91,Hs ≥ P95,3.34
599,1117,Gijón costera,Costera,2016-03-06 02:00:00,2016-03-06 02:00:00,1,3.36,3.36,Hs ≥ P95,3.34
600,1117,Gijón costera,Costera,2016-03-06 05:00:00,2016-03-06 05:00:00,1,3.47,3.47,Hs ≥ P95,3.34
601,1117,Gijón costera,Costera,2016-03-07 03:00:00,2016-03-07 18:00:00,16,3.71,4.24,Hs ≥ P95,3.34
602,1117,Gijón costera,Costera,2016-03-07 21:00:00,2016-03-07 21:00:00,1,3.66,3.66,Hs ≥ P95,3.34
603,1117,Gijón costera,Costera,2016-03-09 15:00:00,2016-03-10 12:00:00,22,3.96,4.97,Hs ≥ P95,3.34
604,1117,Gijón costera,Costera,2016-03-26 19:00:00,2016-03-26 20:00:00,2,3.4,3.45,Hs ≥ P95,3.34
605,1117,Gijón costera,Costera,2016-03-26 23:00:00,2016-03-26 23:00:00,1,3.55,3.55,Hs ≥ P95,3.34
606,1117,Gijón costera,Costera,2016-03-27 09:00:00,2016-03-27 09:00:00,1,3.35,3.35,Hs ≥ P95,3.34
607,1117,Gijón costera,Costera,2016-03-27 17:00:00,2016-03-27 17:00:00,1,3.36,3.36,Hs ≥ P95,3.34
608,1117,Gijón costera,Costera,2016-03-27 19:00:00,2016-03-28 00:00:00,6,3.59,3.87,Hs ≥ P95,3.34
609,1117,Gijón costera,Costera,2016-03-28 02:00:00,2016-03-28 11:00:00,10,3.96,4.35,Hs ≥ P95,3.34
610,1117,Gijón costera,Costera,2016-03-28 13:00:00,2016-03-28 13:00:00,1,3.84,3.84,Hs ≥ P95,3.34
611,1117,Gijón costera,Costera,2016-03-28 15:00:00,2016-03-28 15:00:00,1,3.46,3.46,Hs ≥ P95,3.34
612,1117,Gijón costera,Costera,2016-03-28 18:00:00,2016-03-28 19:00:00,2,3.34,3.35,Hs ≥ P95,3.34
613,1117,Gijón costera,Costera,2016-03-28 21:00:00,2016-03-28 22:00:00,2,3.44,3.49,Hs ≥ P95,3.34
614,1117,Gijón costera,Costera,2016-09-14 18:00:00,2016-09-14 23:00:00,6,3.6,3.79,Hs ≥ P95,3.34
615,1117,Gijón costera,Costera,2016-09-15 03:00:00,2016-09-15 04:00:00,2,3.5,3.51,Hs ≥ P95,3.34
616,1117,Gijón costera,Costera,2016-09-15 08:00:00,2016-09-15 12:00:00,5,4.01,4.56,Hs ≥ P95,3.34
617,1117,Gijón costera,Costera,2016-11-18 08:00:00,2016-11-18 15:00:00,8,4.15,4.65,Hs ≥ P95,3.34
618,1117,Gijón costera,Costera,2016-11-18 17:00:00,2016-11-19 02:00:00,10,3.76,4.29,Hs ≥ P95,3.34
619,1117,Gijón costera,Costera,2016-11-19 05:00:00,2016-11-19 05:00:00,1,3.37,3.37,Hs ≥ P95,3.34
620,1117,Gijón costera,Costera,2016-11-21 13:00:00,2016-11-21 14:00:00,2,3.52,3.6,Hs ≥ P95,3.34
621,1117,Gijón costera,Costera,2016-11-21 16:00:00,2016-11-21 16:00:00,1,3.43,3.43,Hs ≥ P95,3.34
622,1117,Gijón costera,Costera,2016-11-21 18:00:00,2016-11-21 18:00:00,1,3.39,3.39,Hs ≥ P95,3.34
623,1117,Gijón costera,Costera,2016-11-22 11:00:00,2016-11-22 12:00:00,2,3.6,3.83,Hs ≥ P95,3.34
624,1117,Gijón costera,Costera,2016-12-16 16:00:00,2016-12-16 16:00:00,1,3.35,3.35,Hs ≥ P95,3.34
625,1117,Gijón costera,Costera,2016-12-23 03:00:00,2016-12-23 04:00:00,2,3.45,3.46,Hs ≥ P95,3.34
626,1117,Gijón costera,Costera,2017-01-12 19:00:00,2017-01-14 01:00:00,31,4.07,4.74,Hs ≥ P95,3.34
627,1117,Gijón costera,Costera,2017-01-14 03:00:00,2017-01-14 05:00:00,3,3.62,3.72,Hs ≥ P95,3.34
628,1117,Gijón costera,Costera,2017-01-14 07:00:00,2017-01-14 09:00:00,3,3.35,3.36,Hs ≥ P95,3.34
629,1117,Gijón costera,Costera,2017-02-02 21:00:00,2017-02-03 02:00:00,6,3.68,4.26,Hs ≥ P95,3.34
630,1117,Gijón costera,Costera,2017-02-03 06:00:00,2017-02-03 14:00:00,9,4.22,4.95,Hs ≥ P95,3.34
631,1117,Gijón costera,Costera,2017-02-03 16:00:00,2017-02-03 16:00:00,1,3.56,3.56,Hs ≥ P95,3.34
632,1117,Gijón costera,Costera,2017-02-04 00:00:00,2017-02-04 06:00:00,7,4.28,4.88,Hs ≥ P95,3.34
633,1117,Gijón costera,Costera,2017-02-05 07:00:00,2017-02-05 19:00:00,13,4.17,5.0,Hs ≥ P95,3.34
634,1117,Gijón costera,Costera,2017-02-06 04:00:00,2017-02-06 05:00:00,2,3.35,3.35,Hs ≥ P95,3.34
635,1117,Gijón costera,Costera,2017-02-07 17:00:00,2017-02-07 17:00:00,1,3.43,3.43,Hs ≥ P95,3.34
636,1117,Gijón costera,Costera,2017-02-07 19:00:00,2017-02-08 00:00:00,6,3.58,3.89,Hs ≥ P95,3.34
637,1117,Gijón costera,Costera,2017-02-08 02:00:00,2017-02-08 14:00:00,13,3.58,3.92,Hs ≥ P95,3.34
638,1117,Gijón costera,Costera,2017-02-11 13:00:00,2017-02-11 13:00:00,1,3.37,3.37,Hs ≥ P95,3.34
639,1117,Gijón costera,Costera,2017-02-27 18:00:00,2017-03-01 06:00:00,37,4.58,5.75,Hs ≥ P95,3.34
640,1117,Gijón costera,Costera,2017-03-01 08:00:00,2017-03-01 08:00:00,1,3.48,3.48,Hs ≥ P95,3.34
641,1117,Gijón costera,Costera,2017-03-01 10:00:00,2017-03-01 11:00:00,2,3.42,3.45,Hs ≥ P95,3.34
642,1117,Gijón costera,Costera,2017-03-06 14:00:00,2017-03-06 15:00:00,2,3.53,3.59,Hs ≥ P95,3.34
643,1117,Gijón costera,Costera,2017-03-06 17:00:00,2017-03-06 23:00:00,7,3.61,3.86,Hs ≥ P95,3.34
644,1117,Gijón costera,Costera,2017-03-07 01:00:00,2017-03-07 01:00:00,1,3.38,3.38,Hs ≥ P95,3.34
645,1117,Gijón costera,Costera,2017-03-07 03:00:00,2017-03-07 04:00:00,2,3.4,3.4,Hs ≥ P95,3.34
646,1117,Gijón costera,Costera,2017-03-07 10:00:00,2017-03-07 10:00:00,1,3.38,3.38,Hs ≥ P95,3.34
647,1117,Gijón costera,Costera,2017-03-22 05:00:00,2017-03-22 05:00:00,1,3.49,3.49,Hs ≥ P95,3.34
648,1117,Gijón costera,Costera,2017-03-22 09:00:00,2017-03-22 09:00:00,1,3.6,3.6,Hs ≥ P95,3.34
649,1117,Gijón costera,Costera,2017-03-22 16:00:00,2017-03-23 00:00:00,9,3.63,3.93,Hs ≥ P95,3.34
650,1117,Gijón costera,Costera,2017-03-23 12:00:00,2017-03-23 12:00:00,1,3.36,3.36,Hs ≥ P95,3.34
651,1117,Gijón costera,Costera,2017-03-23 14:00:00,2017-03-23 14:00:00,1,3.6,3.6,Hs ≥ P95,3.34
652,1117,Gijón costera,Costera,2017-03-23 18:00:00,2017-03-23 19:00:00,2,3.42,3.49,Hs ≥ P95,3.34
653,1117,Gijón costera,Costera,2017-04-20 02:00:00,2017-04-20 08:00:00,7,3.59,3.81,Hs ≥ P95,3.34
654,1117,Gijón costera,Costera,2017-04-20 13:00:00,2017-04-20 14:00:00,2,3.5,3.58,Hs ≥ P95,3.34
655,1117,Gijón costera,Costera,2017-04-20 16:00:00,2017-04-20 17:00:00,2,3.36,3.36,Hs ≥ P95,3.34
656,1117,Gijón costera,Costera,2017-05-01 18:00:00,2017-05-01 18:00:00,1,3.46,3.46,Hs ≥ P95,3.34
657,1117,Gijón costera,Costera,2017-05-01 20:00:00,2017-05-01 20:00:00,1,3.4,3.4,Hs ≥ P95,3.34
658,1117,Gijón costera,Costera,2017-06-28 16:00:00,2017-06-28 18:00:00,3,3.83,4.27,Hs ≥ P95,3.34
659,1117,Gijón costera,Costera,2017-06-29 16:00:00,2017-06-29 16:00:00,1,3.74,3.74,Hs ≥ P95,3.34
660,1117,Gijón costera,Costera,2017-06-29 21:00:00,2017-06-30 03:00:00,7,3.78,4.26,Hs ≥ P95,3.34
661,1117,Gijón costera,Costera,2017-06-30 13:00:00,2017-06-30 17:00:00,5,3.6,3.78,Hs ≥ P95,3.34
662,1117,Gijón costera,Costera,2017-06-30 19:00:00,2017-06-30 19:00:00,1,3.42,3.42,Hs ≥ P95,3.34
663,1117,Gijón costera,Costera,2017-06-30 21:00:00,2017-06-30 21:00:00,1,3.45,3.45,Hs ≥ P95,3.34
664,1117,Gijón costera,Costera,2017-09-11 13:00:00,2017-09-12 02:00:00,14,3.7,4.26,Hs ≥ P95,3.34
665,1117,Gijón costera,Costera,2017-10-21 10:00:00,2017-10-21 20:00:00,11,3.89,4.5,Hs ≥ P95,3.34
666,1117,Gijón costera,Costera,2017-10-21 22:00:00,2017-10-22 09:00:00,12,3.78,4.29,Hs ≥ P95,3.34
667,1117,Gijón costera,Costera,2017-10-22 11:00:00,2017-10-22 12:00:00,2,3.66,3.72,Hs ≥ P95,3.34
668,1117,Gijón costera,Costera,2017-11-05 21:00:00,2017-11-05 22:00:00,2,3.38,3.4,Hs ≥ P95,3.34
669,1117,Gijón costera,Costera,2017-11-08 06:00:00,2017-11-08 07:00:00,2,3.46,3.56,Hs ≥ P95,3.34
670,1117,Gijón costera,Costera,2017-11-08 10:00:00,2017-11-08 14:00:00,5,3.5,3.61,Hs ≥ P95,3.34
671,1117,Gijón costera,Costera,2017-11-09 00:00:00,2017-11-09 03:00:00,4,3.53,3.57,Hs ≥ P95,3.34
672,1117,Gijón costera,Costera,2017-12-01 08:00:00,2017-12-01 09:00:00,2,3.49,3.6,Hs ≥ P95,3.34
673,1117,Gijón costera,Costera,2017-12-01 11:00:00,2017-12-01 11:00:00,1,3.49,3.49,Hs ≥ P95,3.34
674,1117,Gijón costera,Costera,2017-12-11 02:00:00,2017-12-11 06:00:00,5,4.0,4.53,Hs ≥ P95,3.34
675,1117,Gijón costera,Costera,2017-12-11 13:00:00,2017-12-12 12:00:00,24,3.91,4.53,Hs ≥ P95,3.34
676,1117,Gijón costera,Costera,2017-12-12 14:00:00,2017-12-12 14:00:00,1,3.56,3.56,Hs ≥ P95,3.34
677,1117,Gijón costera,Costera,2017-12-14 03:00:00,2017-12-14 03:00:00,1,3.5,3.5,Hs ≥ P95,3.34
678,1117,Gijón costera,Costera,2017-12-14 10:00:00,2017-12-16 01:00:00,40,4.38,5.34,Hs ≥ P95,3.34
679,1117,Gijón costera,Costera,2017-12-16 06:00:00,2017-12-16 06:00:00,1,3.51,3.51,Hs ≥ P95,3.34
680,1117,Gijón costera,Costera,2017-12-26 21:00:00,2017-12-28 01:00:00,29,4.65,6.48,Hs ≥ P95,3.34
681,1117,Gijón costera,Costera,2017-12-28 12:00:00,2017-12-28 13:00:00,2,3.46,3.52,Hs ≥ P95,3.34
682,1117,Gijón costera,Costera,2017-12-28 15:00:00,2017-12-28 15:00:00,1,3.54,3.54,Hs ≥ P95,3.34
683,1117,Gijón costera,Costera,2017-12-30 12:00:00,2017-12-30 13:00:00,2,3.46,3.5,Hs ≥ P95,3.34
684,1117,Gijón costera,Costera,2017-12-30 15:00:00,2017-12-31 00:00:00,10,3.67,4.11,Hs ≥ P95,3.34
685,1117,Gijón costera,Costera,2017-12-31 10:00:00,2017-12-31 14:00:00,5,3.75,4.01,Hs ≥ P95,3.34
686,1117,Gijón costera,Costera,2017-12-31 16:00:00,2017-12-31 16:00:00,1,3.36,3.36,Hs ≥ P95,3.34
687,1117,Gijón costera,Costera,2017-12-31 20:00:00,2018-01-02 01:00:00,30,4.25,5.27,Hs ≥ P95,3.34
688,1117,Gijón costera,Costera,2018-01-02 03:00:00,2018-01-02 03:00:00,1,3.56,3.56,Hs ≥ P95,3.34
689,1117,Gijón costera,Costera,2018-01-02 06:00:00,2018-01-02 10:00:00,5,3.7,3.82,Hs ≥ P95,3.34
690,1117,Gijón costera,Costera,2018-01-02 12:00:00,2018-01-02 14:00:00,3,3.61,3.73,Hs ≥ P95,3.34
691,1117,Gijón costera,Costera,2018-01-03 05:00:00,2018-01-03 05:00:00,1,3.46,3.46,Hs ≥ P95,3.34
692,1117,Gijón costera,Costera,2018-01-03 12:00:00,2018-01-03 12:00:00,1,3.66,3.66,Hs ≥ P95,3.34
693,1117,Gijón costera,Costera,2018-01-03 14:00:00,2018-01-04 20:00:00,31,4.02,4.88,Hs ≥ P95,3.34
694,1117,Gijón costera,Costera,2018-01-05 03:00:00,2018-01-05 06:00:00,4,3.52,3.67,Hs ≥ P95,3.34
695,1117,Gijón costera,Costera,2018-01-05 21:00:00,2018-01-05 22:00:00,2,3.47,3.53,Hs ≥ P95,3.34
696,1117,Gijón costera,Costera,2018-01-06 13:00:00,2018-01-06 19:00:00,7,3.46,3.7,Hs ≥ P95,3.34
697,1117,Gijón costera,Costera,2018-01-07 06:00:00,2018-01-07 06:00:00,1,3.34,3.34,Hs ≥ P95,3.34
698,1117,Gijón costera,Costera,2018-01-07 08:00:00,2018-01-07 09:00:00,2,3.48,3.48,Hs ≥ P95,3.34
699,1117,Gijón costera,Costera,2018-01-07 11:00:00,2018-01-07 21:00:00,11,3.82,4.35,Hs ≥ P95,3.34
700,1117,Gijón costera,Costera,2018-01-08 01:00:00,2018-01-08 01:00:00,1,3.39,3.39,Hs ≥ P95,3.34
701,1117,Gijón costera,Costera,2018-01-10 18:00:00,2018-01-10 23:00:00,6,3.52,3.7,Hs ≥ P95,3.34
702,1117,Gijón costera,Costera,2018-01-11 01:00:00,2018-01-11 01:00:00,1,3.55,3.55,Hs ≥ P95,3.34
703,1117,Gijón costera,Costera,2018-01-11 03:00:00,2018-01-11 04:00:00,2,3.56,3.61,Hs ≥ P95,3.34
704,1117,Gijón costera,Costera,2018-01-11 06:00:00,2018-01-11 19:00:00,14,3.9,4.48,Hs ≥ P95,3.34
705,1117,Gijón costera,Costera,2018-01-11 21:00:00,2018-01-11 21:00:00,1,3.42,3.42,Hs ≥ P95,3.34
706,1117,Gijón costera,Costera,2018-01-16 10:00:00,2018-01-16 12:00:00,3,3.61,3.83,Hs ≥ P95,3.34
707,1117,Gijón costera,Costera,2018-01-16 14:00:00,2018-01-18 21:00:00,56,4.69,6.3,Hs ≥ P95,3.34
708,1117,Gijón costera,Costera,2018-01-18 23:00:00,2018-01-19 02:00:00,4,3.46,3.63,Hs ≥ P95,3.34
709,1117,Gijón costera,Costera,2018-01-20 14:00:00,2018-01-20 14:00:00,1,3.46,3.46,Hs ≥ P95,3.34
710,1117,Gijón costera,Costera,2018-01-20 16:00:00,2018-01-20 16:00:00,1,3.67,3.67,Hs ≥ P95,3.34
711,1117,Gijón costera,Costera,2018-01-20 20:00:00,2018-01-20 21:00:00,2,3.51,3.65,Hs ≥ P95,3.34
712,1117,Gijón costera,Costera,2018-01-20 23:00:00,2018-01-21 00:00:00,2,3.38,3.41,Hs ≥ P95,3.34
713,1117,Gijón costera,Costera,2018-01-24 21:00:00,2018-01-24 21:00:00,1,3.73,3.73,Hs ≥ P95,3.34
714,1117,Gijón costera,Costera,2018-01-25 00:00:00,2018-01-25 00:00:00,1,3.42,3.42,Hs ≥ P95,3.34
715,1117,Gijón costera,Costera,2018-01-25 04:00:00,2018-01-25 12:00:00,9,3.74,4.05,Hs ≥ P95,3.34
716,1117,Gijón costera,Costera,2018-01-25 14:00:00,2018-01-25 14:00:00,1,3.54,3.54,Hs ≥ P95,3.34
717,1117,Gijón costera,Costera,2018-01-25 16:00:00,2018-01-25 16:00:00,1,3.51,3.51,Hs ≥ P95,3.34
718,1117,Gijón costera,Costera,2018-01-25 18:00:00,2018-01-25 18:00:00,1,3.39,3.39,Hs ≥ P95,3.34
719,1117,Gijón costera,Costera,2018-01-25 20:00:00,2018-01-25 22:00:00,3,3.61,3.77,Hs ≥ P95,3.34
720,1117,Gijón costera,Costera,2018-01-26 03:00:00,2018-01-26 03:00:00,1,3.36,3.36,Hs ≥ P95,3.34
721,1117,Gijón costera,Costera,2018-01-26 06:00:00,2018-01-26 20:00:00,15,3.65,4.13,Hs ≥ P95,3.34
722,1117,Gijón costera,Costera,2018-02-01 08:00:00,2018-02-02 04:00:00,21,3.86,4.53,Hs ≥ P95,3.34
723,1117,Gijón costera,Costera,2018-02-02 06:00:00,2018-02-02 14:00:00,9,3.61,3.95,Hs ≥ P95,3.34
724,1117,Gijón costera,Costera,2018-02-03 21:00:00,2018-02-03 21:00:00,1,3.4,3.4,Hs ≥ P95,3.34
725,1117,Gijón costera,Costera,2018-02-04 00:00:00,2018-02-04 02:00:00,3,3.56,3.79,Hs ≥ P95,3.34
726,1117,Gijón costera,Costera,2018-02-04 05:00:00,2018-02-04 05:00:00,1,3.57,3.57,Hs ≥ P95,3.34
727,1117,Gijón costera,Costera,2018-02-04 07:00:00,2018-02-04 15:00:00,9,3.51,3.66,Hs ≥ P95,3.34
728,1117,Gijón costera,Costera,2018-02-04 17:00:00,2018-02-05 18:00:00,26,4.1,4.9,Hs ≥ P95,3.34
729,1117,Gijón costera,Costera,2018-02-07 05:00:00,2018-02-07 17:00:00,13,3.84,4.22,Hs ≥ P95,3.34
730,1117,Gijón costera,Costera,2018-02-07 19:00:00,2018-02-07 19:00:00,1,3.55,3.55,Hs ≥ P95,3.34
731,1117,Gijón costera,Costera,2018-02-07 23:00:00,2018-02-07 23:00:00,1,3.42,3.42,Hs ≥ P95,3.34
732,1117,Gijón costera,Costera,2018-02-10 01:00:00,2018-02-10 06:00:00,6,3.52,3.74,Hs ≥ P95,3.34
733,1117,Gijón costera,Costera,2018-02-10 15:00:00,2018-02-10 15:00:00,1,3.36,3.36,Hs ≥ P95,3.34
734,1117,Gijón costera,Costera,2018-02-11 20:00:00,2018-02-11 20:00:00,1,3.5,3.5,Hs ≥ P95,3.34
735,1117,Gijón costera,Costera,2018-02-11 23:00:00,2018-02-11 23:00:00,1,3.49,3.49,Hs ≥ P95,3.34
736,1117,Gijón costera,Costera,2018-02-13 19:00:00,2018-02-13 19:00:00,1,3.4,3.4,Hs ≥ P95,3.34
737,1117,Gijón costera,Costera,2018-02-15 17:00:00,2018-02-15 18:00:00,2,3.49,3.63,Hs ≥ P95,3.34
738,1117,Gijón costera,Costera,2018-02-15 20:00:00,2018-02-15 23:00:00,4,3.52,3.58,Hs ≥ P95,3.34
739,1117,Gijón costera,Costera,2018-02-16 01:00:00,2018-02-16 02:00:00,2,3.74,3.95,Hs ≥ P95,3.34
740,1117,Gijón costera,Costera,2018-02-16 05:00:00,2018-02-16 07:00:00,3,3.48,3.57,Hs ≥ P95,3.34
741,1117,Gijón costera,Costera,2018-02-16 10:00:00,2018-02-16 10:00:00,1,3.34,3.34,Hs ≥ P95,3.34
742,1117,Gijón costera,Costera,2018-02-16 23:00:00,2018-02-16 23:00:00,1,3.34,3.34,Hs ≥ P95,3.34
743,1117,Gijón costera,Costera,2018-03-16 05:00:00,2018-03-16 05:00:00,1,3.54,3.54,Hs ≥ P95,3.34
744,1117,Gijón costera,Costera,2018-03-16 23:00:00,2018-03-16 23:00:00,1,3.34,3.34,Hs ≥ P95,3.34
745,1117,Gijón costera,Costera,2018-03-20 02:00:00,2018-03-20 03:00:00,2,3.46,3.51,Hs ≥ P95,3.34
746,1117,Gijón costera,Costera,2018-03-20 06:00:00,2018-03-20 06:00:00,1,3.51,3.51,Hs ≥ P95,3.34
747,1117,Gijón costera,Costera,2018-03-20 08:00:00,2018-03-20 12:00:00,5,3.55,3.63,Hs ≥ P95,3.34
748,1117,Gijón costera,Costera,2018-03-20 14:00:00,2018-03-20 14:00:00,1,3.38,3.38,Hs ≥ P95,3.34
749,1117,Gijón costera,Costera,2018-03-24 03:00:00,2018-03-24 21:00:00,19,5.5,7.08,Hs ≥ P95,3.34
750,1117,Gijón costera,Costera,2018-03-24 23:00:00,2018-03-25 05:00:00,7,3.97,4.49,Hs ≥ P95,3.34
751,1117,Gijón costera,Costera,2018-03-30 03:00:00,2018-03-30 03:00:00,1,3.35,3.35,Hs ≥ P95,3.34
752,1117,Gijón costera,Costera,2018-03-30 13:00:00,2018-03-30 13:00:00,1,3.35,3.35,Hs ≥ P95,3.34
753,1117,Gijón costera,Costera,2018-03-30 22:00:00,2018-03-30 22:00:00,1,3.71,3.71,Hs ≥ P95,3.34
754,1117,Gijón costera,Costera,2018-03-31 00:00:00,2018-03-31 09:00:00,10,3.68,4.2,Hs ≥ P95,3.34
755,1117,Gijón costera,Costera,2018-04-10 20:00:00,2018-04-10 22:00:00,3,3.9,4.07,Hs ≥ P95,3.34
756,1117,Gijón costera,Costera,2018-04-11 01:00:00,2018-04-11 01:00:00,1,3.42,3.42,Hs ≥ P95,3.34
757,1117,Gijón costera,Costera,2018-04-17 18:00:00,2018-04-17 19:00:00,2,3.54,3.56,Hs ≥ P95,3.34
758,1117,Gijón costera,Costera,2018-04-27 16:00:00,2018-04-27 19:00:00,4,3.58,3.71,Hs ≥ P95,3.34
759,1117,Gijón costera,Costera,2018-04-27 21:00:00,2018-04-27 21:00:00,1,3.44,3.44,Hs ≥ P95,3.34
760,1117,Gijón costera,Costera,2018-05-10 21:00:00,2018-05-10 21:00:00,1,3.36,3.36,Hs ≥ P95,3.34
761,1117,Gijón costera,Costera,2018-10-06 21:00:00,2018-10-07 00:00:00,4,3.42,3.59,Hs ≥ P95,3.34
762,1117,Gijón costera,Costera,2018-10-07 03:00:00,2018-10-07 07:00:00,5,3.56,3.71,Hs ≥ P95,3.34
763,1117,Gijón costera,Costera,2018-10-27 21:00:00,2018-10-27 22:00:00,2,3.44,3.53,Hs ≥ P95,3.34
764,1117,Gijón costera,Costera,2018-10-28 05:00:00,2018-10-28 07:00:00,3,3.45,3.51,Hs ≥ P95,3.34
765,1117,Gijón costera,Costera,2018-10-28 09:00:00,2018-10-28 15:00:00,7,3.71,3.85,Hs ≥ P95,3.34
766,1117,Gijón costera,Costera,2018-10-28 21:00:00,2018-10-29 04:00:00,8,3.6,3.93,Hs ≥ P95,3.34
767,1117,Gijón costera,Costera,2018-10-29 07:00:00,2018-10-29 10:00:00,4,3.75,3.96,Hs ≥ P95,3.34
768,1117,Gijón costera,Costera,2018-11-05 18:00:00,2018-11-05 21:00:00,4,3.63,4.07,Hs ≥ P95,3.34
769,1117,Gijón costera,Costera,2018-11-06 01:00:00,2018-11-06 01:00:00,1,3.47,3.47,Hs ≥ P95,3.34
770,1117,Gijón costera,Costera,2018-11-08 05:00:00,2018-11-08 05:00:00,1,3.35,3.35,Hs ≥ P95,3.34
771,1117,Gijón costera,Costera,2018-11-08 23:00:00,2018-11-08 23:00:00,1,3.34,3.34,Hs ≥ P95,3.34
772,1117,Gijón costera,Costera,2018-11-09 05:00:00,2018-11-09 05:00:00,1,3.36,3.36,Hs ≥ P95,3.34
773,1117,Gijón costera,Costera,2018-11-09 09:00:00,2018-11-09 10:00:00,2,3.4,3.41,Hs ≥ P95,3.34
774,1117,Gijón costera,Costera,2018-11-09 12:00:00,2018-11-09 12:00:00,1,3.52,3.52,Hs ≥ P95,3.34
775,1117,Gijón costera,Costera,2018-12-09 04:00:00,2018-12-09 04:00:00,1,3.35,3.35,Hs ≥ P95,3.34
776,1117,Gijón costera,Costera,2018-12-09 07:00:00,2018-12-09 09:00:00,3,3.4,3.44,Hs ≥ P95,3.34
777,1117,Gijón costera,Costera,2018-12-09 16:00:00,2018-12-10 06:00:00,15,3.87,4.52,Hs ≥ P95,3.34
778,1117,Gijón costera,Costera,2018-12-10 10:00:00,2018-12-10 10:00:00,1,3.37,3.37,Hs ≥ P95,3.34
779,1117,Gijón costera,Costera,2018-12-14 10:00:00,2018-12-14 10:00:00,1,3.43,3.43,Hs ≥ P95,3.34
780,1117,Gijón costera,Costera,2018-12-14 13:00:00,2018-12-14 14:00:00,2,3.49,3.52,Hs ≥ P95,3.34
781,1117,Gijón costera,Costera,2018-12-14 16:00:00,2018-12-14 18:00:00,3,3.6,3.74,Hs ≥ P95,3.34
782,1117,Gijón costera,Costera,2018-12-20 01:00:00,2018-12-20 01:00:00,1,3.42,3.42,Hs ≥ P95,3.34
783,1117,Gijón costera,Costera,2018-12-20 12:00:00,2018-12-20 12:00:00,1,3.39,3.39,Hs ≥ P95,3.34
784,1117,Gijón costera,Costera,2018-12-20 16:00:00,2018-12-20 16:00:00,1,3.35,3.35,Hs ≥ P95,3.34
785,1117,Gijón costera,Costera,2019-01-22 19:00:00,2019-01-23 23:00:00,29,4.09,4.93,Hs ≥ P95,3.34
786,1117,Gijón costera,Costera,2019-01-24 01:00:00,2019-01-24 01:00:00,1,3.41,3.41,Hs ≥ P95,3.34
787,1117,Gijón costera,Costera,2019-01-24 07:00:00,2019-01-24 07:00:00,1,3.41,3.41,Hs ≥ P95,3.34
788,1117,Gijón costera,Costera,2019-01-27 07:00:00,2019-01-28 05:00:00,23,4.16,5.23,Hs ≥ P95,3.34
789,1117,Gijón costera,Costera,2019-01-29 12:00:00,2019-01-30 19:00:00,32,3.99,5.05,Hs ≥ P95,3.34
790,1117,Gijón costera,Costera,2019-01-30 23:00:00,2019-01-30 23:00:00,1,3.73,3.73,Hs ≥ P95,3.34
791,1117,Gijón costera,Costera,2019-01-31 02:00:00,2019-01-31 04:00:00,3,3.65,3.8,Hs ≥ P95,3.34
792,1117,Gijón costera,Costera,2019-01-31 06:00:00,2019-01-31 06:00:00,1,3.42,3.42,Hs ≥ P95,3.34
793,1117,Gijón costera,Costera,2019-02-01 06:00:00,2019-02-02 20:00:00,39,4.47,5.47,Hs ≥ P95,3.34
794,1117,Gijón costera,Costera,2019-02-07 02:00:00,2019-02-07 02:00:00,1,3.58,3.58,Hs ≥ P95,3.34
795,1117,Gijón costera,Costera,2019-02-07 11:00:00,2019-02-07 11:00:00,1,3.4,3.4,Hs ≥ P95,3.34
796,1117,Gijón costera,Costera,2019-02-09 02:00:00,2019-02-09 03:00:00,2,3.39,3.4,Hs ≥ P95,3.34
797,1117,Gijón costera,Costera,2019-02-09 05:00:00,2019-02-09 06:00:00,2,3.66,3.77,Hs ≥ P95,3.34
798,1117,Gijón costera,Costera,2019-02-09 08:00:00,2019-02-09 08:00:00,1,3.74,3.74,Hs ≥ P95,3.34
799,1117,Gijón costera,Costera,2019-02-10 08:00:00,2019-02-10 08:00:00,1,3.34,3.34,Hs ≥ P95,3.34
800,1117,Gijón costera,Costera,2019-03-03 22:00:00,2019-03-04 06:00:00,9,3.66,3.96,Hs ≥ P95,3.34
801,1117,Gijón costera,Costera,2019-03-04 08:00:00,2019-03-04 08:00:00,1,3.46,3.46,Hs ≥ P95,3.34
802,1117,Gijón costera,Costera,2019-03-04 10:00:00,2019-03-04 13:00:00,4,3.55,3.78,Hs ≥ P95,3.34
803,1117,Gijón costera,Costera,2019-03-04 20:00:00,2019-03-04 20:00:00,1,3.49,3.49,Hs ≥ P95,3.34
804,1117,Gijón costera,Costera,2019-03-07 11:00:00,2019-03-07 11:00:00,1,3.35,3.35,Hs ≥ P95,3.34
805,1117,Gijón costera,Costera,2019-03-11 00:00:00,2019-03-11 00:00:00,1,3.39,3.39,Hs ≥ P95,3.34
806,1117,Gijón costera,Costera,2019-03-13 06:00:00,2019-03-13 06:00:00,1,3.37,3.37,Hs ≥ P95,3.34
807,1117,Gijón costera,Costera,2019-03-13 11:00:00,2019-03-14 04:00:00,18,4.02,4.4,Hs ≥ P95,3.34
808,1117,Gijón costera,Costera,2019-03-14 06:00:00,2019-03-14 06:00:00,1,3.62,3.62,Hs ≥ P95,3.34
809,1117,Gijón costera,Costera,2019-03-14 09:00:00,2019-03-14 09:00:00,1,3.38,3.38,Hs ≥ P95,3.34
810,1117,Gijón costera,Costera,2019-03-14 13:00:00,2019-03-14 13:00:00,1,3.49,3.49,Hs ≥ P95,3.34
811,1117,Gijón costera,Costera,2019-04-03 16:00:00,2019-04-03 16:00:00,1,3.72,3.72,Hs ≥ P95,3.34
812,1117,Gijón costera,Costera,2019-04-03 18:00:00,2019-04-03 22:00:00,5,3.65,3.76,Hs ≥ P95,3.34
813,1117,Gijón costera,Costera,2019-04-04 00:00:00,2019-04-04 00:00:00,1,3.37,3.37,Hs ≥ P95,3.34
814,1117,Gijón costera,Costera,2019-04-26 05:00:00,2019-04-26 05:00:00,1,3.41,3.41,Hs ≥ P95,3.34
815,1117,Gijón costera,Costera,2019-04-26 07:00:00,2019-04-26 09:00:00,3,3.49,3.68,Hs ≥ P95,3.34
816,1117,Gijón costera,Costera,2019-04-26 11:00:00,2019-04-26 12:00:00,2,3.57,3.8,Hs ≥ P95,3.34
817,1117,Gijón costera,Costera,2019-04-27 03:00:00,2019-04-27 03:00:00,1,3.37,3.37,Hs ≥ P95,3.34
818,1117,Gijón costera,Costera,2019-04-27 05:00:00,2019-04-27 05:00:00,1,3.5,3.5,Hs ≥ P95,3.34
819,1117,Gijón costera,Costera,2019-04-27 13:00:00,2019-04-27 15:00:00,3,3.48,3.51,Hs ≥ P95,3.34
820,1117,Gijón costera,Costera,2019-04-27 17:00:00,2019-04-27 19:00:00,3,3.58,3.71,Hs ≥ P95,3.34
821,1117,Gijón costera,Costera,2019-04-27 21:00:00,2019-04-27 21:00:00,1,3.41,3.41,Hs ≥ P95,3.34
822,1117,Gijón costera,Costera,2019-04-27 23:00:00,2019-04-28 01:00:00,3,3.48,3.58,Hs ≥ P95,3.34
823,1117,Gijón costera,Costera,2019-05-08 20:00:00,2019-05-09 01:00:00,6,4.29,5.34,Hs ≥ P95,3.34
824,1117,Gijón costera,Costera,2019-06-07 05:00:00,2019-06-07 06:00:00,2,3.96,4.08,Hs ≥ P95,3.34
825,1117,Gijón costera,Costera,2019-07-29 14:00:00,2019-07-29 20:00:00,7,4.06,4.48,Hs ≥ P95,3.34
826,1117,Gijón costera,Costera,2019-09-10 09:00:00,2019-09-10 13:00:00,5,3.52,3.69,Hs ≥ P95,3.34
827,1117,Gijón costera,Costera,2019-09-10 16:00:00,2019-09-10 16:00:00,1,3.42,3.42,Hs ≥ P95,3.34
828,1117,Gijón costera,Costera,2019-09-25 06:00:00,2019-09-25 07:00:00,2,3.56,3.57,Hs ≥ P95,3.34
829,1117,Gijón costera,Costera,2019-09-25 18:00:00,2019-09-25 18:00:00,1,3.4,3.4,Hs ≥ P95,3.34
830,1117,Gijón costera,Costera,2019-09-25 21:00:00,2019-09-25 21:00:00,1,3.44,3.44,Hs ≥ P95,3.34
831,1117,Gijón costera,Costera,2019-09-27 09:00:00,2019-09-27 09:00:00,1,3.62,3.62,Hs ≥ P95,3.34
832,1117,Gijón costera,Costera,2019-09-27 19:00:00,2019-09-27 22:00:00,4,3.51,3.65,Hs ≥ P95,3.34
833,1117,Gijón costera,Costera,2019-10-09 18:00:00,2019-10-09 18:00:00,1,3.49,3.49,Hs ≥ P95,3.34
834,1117,Gijón costera,Costera,2019-10-09 20:00:00,2019-10-09 20:00:00,1,3.51,3.51,Hs ≥ P95,3.34
835,1117,Gijón costera,Costera,2019-11-02 19:00:00,2019-11-04 23:00:00,53,4.41,7.39,Hs ≥ P95,3.34
836,1117,Gijón costera,Costera,2019-11-05 01:00:00,2019-11-06 07:00:00,31,3.85,4.74,Hs ≥ P95,3.34
837,1117,Gijón costera,Costera,2019-11-07 13:00:00,2019-11-07 16:00:00,4,3.58,3.74,Hs ≥ P95,3.34
838,1117,Gijón costera,Costera,2019-11-07 20:00:00,2019-11-08 23:00:00,28,4.26,5.09,Hs ≥ P95,3.34
839,1117,Gijón costera,Costera,2019-11-09 18:00:00,2019-11-09 19:00:00,2,3.46,3.46,Hs ≥ P95,3.34
840,1117,Gijón costera,Costera,2019-11-09 22:00:00,2019-11-09 22:00:00,1,3.66,3.66,Hs ≥ P95,3.34
841,1117,Gijón costera,Costera,2019-11-10 04:00:00,2019-11-10 05:00:00,2,3.43,3.44,Hs ≥ P95,3.34
842,1117,Gijón costera,Costera,2019-11-10 07:00:00,2019-11-10 21:00:00,15,3.6,4.07,Hs ≥ P95,3.34
843,1117,Gijón costera,Costera,2019-11-12 07:00:00,2019-11-12 15:00:00,9,3.71,4.06,Hs ≥ P95,3.34
844,1117,Gijón costera,Costera,2019-11-12 20:00:00,2019-11-13 00:00:00,5,3.69,3.81,Hs ≥ P95,3.34
845,1117,Gijón costera,Costera,2019-11-13 02:00:00,2019-11-13 03:00:00,2,3.51,3.52,Hs ≥ P95,3.34
846,1117,Gijón costera,Costera,2019-11-13 21:00:00,2019-11-16 04:00:00,56,4.31,6.41,Hs ≥ P95,3.34
847,1117,Gijón costera,Costera,2019-11-23 01:00:00,2019-11-23 09:00:00,9,3.76,4.26,Hs ≥ P95,3.34
848,1117,Gijón costera,Costera,2019-11-23 11:00:00,2019-11-23 12:00:00,2,3.62,3.64,Hs ≥ P95,3.34
849,1117,Gijón costera,Costera,2019-11-23 14:00:00,2019-11-23 15:00:00,2,3.5,3.56,Hs ≥ P95,3.34
850,1117,Gijón costera,Costera,2019-11-23 17:00:00,2019-11-23 17:00:00,1,3.7,3.7,Hs ≥ P95,3.34
851,1117,Gijón costera,Costera,2019-12-09 04:00:00,2019-12-10 01:00:00,22,4.44,5.25,Hs ≥ P95,3.34
852,1117,Gijón costera,Costera,2019-12-10 04:00:00,2019-12-10 04:00:00,1,3.36,3.36,Hs ≥ P95,3.34
853,1117,Gijón costera,Costera,2019-12-10 06:00:00,2019-12-10 06:00:00,1,3.52,3.52,Hs ≥ P95,3.34
854,1117,Gijón costera,Costera,2019-12-11 21:00:00,2019-12-11 21:00:00,1,3.48,3.48,Hs ≥ P95,3.34
855,1117,Gijón costera,Costera,2019-12-11 23:00:00,2019-12-12 02:00:00,4,3.55,3.82,Hs ≥ P95,3.34
856,1117,Gijón costera,Costera,2019-12-12 04:00:00,2019-12-12 05:00:00,2,3.46,3.5,Hs ≥ P95,3.34
857,1117,Gijón costera,Costera,2019-12-12 07:00:00,2019-12-14 07:00:00,49,4.32,4.83,Hs ≥ P95,3.34
858,1117,Gijón costera,Costera,2019-12-14 10:00:00,2019-12-14 20:00:00,11,3.66,3.87,Hs ≥ P95,3.34
859,1117,Gijón costera,Costera,2019-12-14 22:00:00,2019-12-14 22:00:00,1,3.61,3.61,Hs ≥ P95,3.34
860,1117,Gijón costera,Costera,2019-12-15 03:00:00,2019-12-15 05:00:00,3,3.63,3.84,Hs ≥ P95,3.34
861,1117,Gijón costera,Costera,2019-12-15 08:00:00,2019-12-16 10:00:00,27,3.85,4.57,Hs ≥ P95,3.34
862,1117,Gijón costera,Costera,2019-12-16 12:00:00,2019-12-16 22:00:00,11,3.69,4.13,Hs ≥ P95,3.34
863,1117,Gijón costera,Costera,2019-12-21 16:00:00,2019-12-21 16:00:00,1,3.97,3.97,Hs ≥ P95,3.34
864,1117,Gijón costera,Costera,2019-12-21 19:00:00,2019-12-22 03:00:00,9,4.07,4.6,Hs ≥ P95,3.34
865,1117,Gijón costera,Costera,2019-12-22 06:00:00,2019-12-22 06:00:00,1,3.41,3.41,Hs ≥ P95,3.34
866,1117,Gijón costera,Costera,2019-12-22 11:00:00,2019-12-22 17:00:00,7,3.96,4.45,Hs ≥ P95,3.34
867,1117,Gijón costera,Costera,2019-12-22 19:00:00,2019-12-22 19:00:00,1,3.42,3.42,Hs ≥ P95,3.34
868,1117,Gijón costera,Costera,2020-01-09 13:00:00,2020-01-09 19:00:00,7,3.68,3.92,Hs ≥ P95,3.34
869,1117,Gijón costera,Costera,2020-01-09 21:00:00,2020-01-10 05:00:00,9,4.12,4.89,Hs ≥ P95,3.34
870,1117,Gijón costera,Costera,2020-01-10 07:00:00,2020-01-10 07:00:00,1,3.39,3.39,Hs ≥ P95,3.34
871,1117,Gijón costera,Costera,2020-01-10 11:00:00,2020-01-10 12:00:00,2,3.46,3.46,Hs ≥ P95,3.34
872,1117,Gijón costera,Costera,2020-01-14 04:00:00,2020-01-14 05:00:00,2,3.57,3.69,Hs ≥ P95,3.34
873,1117,Gijón costera,Costera,2020-01-14 17:00:00,2020-01-14 20:00:00,4,3.56,3.82,Hs ≥ P95,3.34
874,1117,Gijón costera,Costera,2020-01-15 01:00:00,2020-01-15 01:00:00,1,3.37,3.37,Hs ≥ P95,3.34
875,1117,Gijón costera,Costera,2020-01-15 08:00:00,2020-01-15 08:00:00,1,3.43,3.43,Hs ≥ P95,3.34
876,1117,Gijón costera,Costera,2020-01-19 11:00:00,2020-01-19 11:00:00,1,3.5,3.5,Hs ≥ P95,3.34
877,1117,Gijón costera,Costera,2020-01-20 01:00:00,2020-01-20 20:00:00,20,3.7,4.08,Hs ≥ P95,3.34
878,1117,Gijón costera,Costera,2020-01-28 02:00:00,2020-01-28 02:00:00,1,3.43,3.43,Hs ≥ P95,3.34
879,1117,Gijón costera,Costera,2020-01-28 05:00:00,2020-01-28 05:00:00,1,3.44,3.44,Hs ≥ P95,3.34
880,1117,Gijón costera,Costera,2020-01-28 08:00:00,2020-01-28 19:00:00,12,3.63,4.05,Hs ≥ P95,3.34
881,1117,Gijón costera,Costera,2020-01-28 21:00:00,2020-01-29 06:00:00,10,3.67,3.94,Hs ≥ P95,3.34
882,1117,Gijón costera,Costera,2020-01-29 08:00:00,2020-01-29 11:00:00,4,3.48,3.6,Hs ≥ P95,3.34
883,1117,Gijón costera,Costera,2020-01-29 13:00:00,2020-01-29 13:00:00,1,3.41,3.41,Hs ≥ P95,3.34
884,1117,Gijón costera,Costera,2020-02-09 14:00:00,2020-02-09 14:00:00,1,3.58,3.58,Hs ≥ P95,3.34
885,1117,Gijón costera,Costera,2020-02-09 23:00:00,2020-02-09 23:00:00,1,3.42,3.42,Hs ≥ P95,3.34
886,1117,Gijón costera,Costera,2020-02-10 02:00:00,2020-02-10 04:00:00,3,3.7,4.06,Hs ≥ P95,3.34
887,1117,Gijón costera,Costera,2020-02-10 06:00:00,2020-02-10 08:00:00,3,3.64,3.75,Hs ≥ P95,3.34
888,1117,Gijón costera,Costera,2020-02-10 10:00:00,2020-02-10 10:00:00,1,3.42,3.42,Hs ≥ P95,3.34
889,1117,Gijón costera,Costera,2020-02-10 13:00:00,2020-02-12 12:00:00,48,4.09,4.91,Hs ≥ P95,3.34
890,1117,Gijón costera,Costera,2020-02-13 20:00:00,2020-02-14 07:00:00,12,4.01,4.84,Hs ≥ P95,3.34
891,1117,Gijón costera,Costera,2020-02-14 09:00:00,2020-02-14 10:00:00,2,3.56,3.74,Hs ≥ P95,3.34
892,1117,Gijón costera,Costera,2020-02-16 08:00:00,2020-02-16 09:00:00,2,3.46,3.51,Hs ≥ P95,3.34
893,1117,Gijón costera,Costera,2020-02-16 13:00:00,2020-02-16 13:00:00,1,3.66,3.66,Hs ≥ P95,3.34
894,1117,Gijón costera,Costera,2020-02-16 16:00:00,2020-02-16 18:00:00,3,3.53,3.6,Hs ≥ P95,3.34
895,1117,Gijón costera,Costera,2020-02-16 21:00:00,2020-02-16 21:00:00,1,3.34,3.34,Hs ≥ P95,3.34
896,1117,Gijón costera,Costera,2020-02-17 02:00:00,2020-02-17 04:00:00,3,3.53,3.65,Hs ≥ P95,3.34
897,1117,Gijón costera,Costera,2020-02-17 06:00:00,2020-02-18 07:00:00,26,4.16,4.97,Hs ≥ P95,3.34
898,1117,Gijón costera,Costera,2020-02-18 10:00:00,2020-02-18 12:00:00,3,3.57,3.7,Hs ≥ P95,3.34
899,1117,Gijón costera,Costera,2020-02-22 19:00:00,2020-02-22 19:00:00,1,3.37,3.37,Hs ≥ P95,3.34
900,1117,Gijón costera,Costera,2020-02-23 22:00:00,2020-02-23 22:00:00,1,3.58,3.58,Hs ≥ P95,3.34
901,1117,Gijón costera,Costera,2020-02-26 12:00:00,2020-02-26 12:00:00,1,3.5,3.5,Hs ≥ P95,3.34
902,1117,Gijón costera,Costera,2020-02-26 14:00:00,2020-02-26 20:00:00,7,3.53,3.78,Hs ≥ P95,3.34
903,1117,Gijón costera,Costera,2020-02-26 23:00:00,2020-02-27 00:00:00,2,3.42,3.48,Hs ≥ P95,3.34
904,1117,Gijón costera,Costera,2020-02-27 04:00:00,2020-02-27 06:00:00,3,3.41,3.43,Hs ≥ P95,3.34
905,1117,Gijón costera,Costera,2020-02-27 11:00:00,2020-02-27 16:00:00,6,3.58,3.81,Hs ≥ P95,3.34
906,1117,Gijón costera,Costera,2020-03-01 03:00:00,2020-03-01 04:00:00,2,3.59,3.73,Hs ≥ P95,3.34
907,1117,Gijón costera,Costera,2020-03-01 06:00:00,2020-03-01 17:00:00,12,4.14,4.49,Hs ≥ P95,3.34
908,1117,Gijón costera,Costera,2020-03-01 19:00:00,2020-03-01 22:00:00,4,3.57,3.73,Hs ≥ P95,3.34
909,1117,Gijón costera,Costera,2020-03-02 02:00:00,2020-03-02 18:00:00,17,3.9,4.35,Hs ≥ P95,3.34
910,1117,Gijón costera,Costera,2020-03-02 20:00:00,2020-03-02 20:00:00,1,3.51,3.51,Hs ≥ P95,3.34
911,1117,Gijón costera,Costera,2020-03-03 09:00:00,2020-03-03 10:00:00,2,3.51,3.58,Hs ≥ P95,3.34
912,1117,Gijón costera,Costera,2020-03-03 12:00:00,2020-03-03 16:00:00,5,4.02,4.49,Hs ≥ P95,3.34
913,1117,Gijón costera,Costera,2020-03-06 02:00:00,2020-03-07 01:00:00,24,3.89,4.34,Hs ≥ P95,3.34
914,1117,Gijón costera,Costera,2020-03-13 05:00:00,2020-03-13 05:00:00,1,3.39,3.39,Hs ≥ P95,3.34
915,1117,Gijón costera,Costera,2020-03-13 08:00:00,2020-03-13 08:00:00,1,3.34,3.34,Hs ≥ P95,3.34
916,1117,Gijón costera,Costera,2020-03-13 10:00:00,2020-03-13 14:00:00,5,3.43,3.53,Hs ≥ P95,3.34
917,1117,Gijón costera,Costera,2020-03-29 19:00:00,2020-03-29 19:00:00,1,3.42,3.42,Hs ≥ P95,3.34
918,1117,Gijón costera,Costera,2020-03-30 03:00:00,2020-03-30 11:00:00,9,3.6,3.79,Hs ≥ P95,3.34
919,1117,Gijón costera,Costera,2020-03-30 19:00:00,2020-03-30 19:00:00,1,3.38,3.38,Hs ≥ P95,3.34
920,1117,Gijón costera,Costera,2020-03-30 22:00:00,2020-03-30 23:00:00,2,3.39,3.44,Hs ≥ P95,3.34
921,1117,Gijón costera,Costera,2020-03-31 13:00:00,2020-03-31 13:00:00,1,3.35,3.35,Hs ≥ P95,3.34
922,1117,Gijón costera,Costera,2020-03-31 17:00:00,2020-03-31 18:00:00,2,3.48,3.58,Hs ≥ P95,3.34
923,1117,Gijón costera,Costera,2020-04-30 22:00:00,2020-04-30 22:00:00,1,3.5,3.5,Hs ≥ P95,3.34
924,1117,Gijón costera,Costera,2020-06-12 01:00:00,2020-06-12 04:00:00,4,3.8,4.16,Hs ≥ P95,3.34
925,1117,Gijón costera,Costera,2020-09-24 16:00:00,2020-09-24 17:00:00,2,3.4,3.41,Hs ≥ P95,3.34
926,1117,Gijón costera,Costera,2020-09-24 19:00:00,2020-09-24 20:00:00,2,3.47,3.52,Hs ≥ P95,3.34
927,1117,Gijón costera,Costera,2020-09-24 22:00:00,2020-09-26 03:00:00,30,4.05,5.03,Hs ≥ P95,3.34
928,1117,Gijón costera,Costera,2020-10-01 00:00:00,2020-10-01 00:00:00,1,3.54,3.54,Hs ≥ P95,3.34
929,1117,Gijón costera,Costera,2020-10-02 03:00:00,2020-10-02 10:00:00,8,3.85,4.18,Hs ≥ P95,3.34
930,1117,Gijón costera,Costera,2020-10-02 19:00:00,2020-10-03 18:00:00,24,4.76,6.43,Hs ≥ P95,3.34
931,1117,Gijón costera,Costera,2020-10-03 20:00:00,2020-10-03 20:00:00,1,3.59,3.59,Hs ≥ P95,3.34
932,1117,Gijón costera,Costera,2020-10-04 05:00:00,2020-10-04 05:00:00,1,3.37,3.37,Hs ≥ P95,3.34
933,1117,Gijón costera,Costera,2020-10-04 07:00:00,2020-10-04 14:00:00,8,3.58,3.83,Hs ≥ P95,3.34
934,1117,Gijón costera,Costera,2020-10-04 22:00:00,2020-10-05 03:00:00,6,3.6,3.76,Hs ≥ P95,3.34
935,1117,Gijón costera,Costera,2020-10-05 10:00:00,2020-10-05 10:00:00,1,3.4,3.4,Hs ≥ P95,3.34
936,1117,Gijón costera,Costera,2020-10-05 15:00:00,2020-10-05 16:00:00,2,3.39,3.42,Hs ≥ P95,3.34
937,1117,Gijón costera,Costera,2020-10-25 14:00:00,2020-10-25 18:00:00,5,3.56,3.75,Hs ≥ P95,3.34
938,1117,Gijón costera,Costera,2020-10-25 21:00:00,2020-10-25 22:00:00,2,3.36,3.37,Hs ≥ P95,3.34
939,1117,Gijón costera,Costera,2020-10-26 01:00:00,2020-10-26 03:00:00,3,3.58,3.69,Hs ≥ P95,3.34
940,1117,Gijón costera,Costera,2020-10-26 06:00:00,2020-10-26 13:00:00,8,3.54,3.81,Hs ≥ P95,3.34
941,1117,Gijón costera,Costera,2020-10-26 17:00:00,2020-10-26 17:00:00,1,3.43,3.43,Hs ≥ P95,3.34
942,1117,Gijón costera,Costera,2020-10-26 19:00:00,2020-10-26 20:00:00,2,3.56,3.65,Hs ≥ P95,3.34
943,1117,Gijón costera,Costera,2020-10-26 22:00:00,2020-10-27 08:00:00,11,3.86,4.19,Hs ≥ P95,3.34
944,1117,Gijón costera,Costera,2020-10-27 10:00:00,2020-10-27 10:00:00,1,3.47,3.47,Hs ≥ P95,3.34
945,1117,Gijón costera,Costera,2020-10-27 14:00:00,2020-10-27 14:00:00,1,3.36,3.36,Hs ≥ P95,3.34
946,1117,Gijón costera,Costera,2020-10-27 19:00:00,2020-10-27 19:00:00,1,3.41,3.41,Hs ≥ P95,3.34
947,1117,Gijón costera,Costera,2020-10-28 14:00:00,2020-10-29 21:00:00,32,3.92,4.54,Hs ≥ P95,3.34
948,1117,Gijón costera,Costera,2020-10-29 23:00:00,2020-10-29 23:00:00,1,3.36,3.36,Hs ≥ P95,3.34
949,1117,Gijón costera,Costera,2020-11-05 01:00:00,2020-11-05 02:00:00,2,3.36,3.39,Hs ≥ P95,3.34
950,1117,Gijón costera,Costera,2020-11-05 06:00:00,2020-11-05 06:00:00,1,3.42,3.42,Hs ≥ P95,3.34
951,1117,Gijón costera,Costera,2020-11-05 10:00:00,2020-11-05 13:00:00,4,3.4,3.47,Hs ≥ P95,3.34
952,1117,Gijón costera,Costera,2020-11-13 23:00:00,2020-11-13 23:00:00,1,3.37,3.37,Hs ≥ P95,3.34
953,1117,Gijón costera,Costera,2020-11-16 02:00:00,2020-11-16 08:00:00,7,3.57,4.07,Hs ≥ P95,3.34
954,1117,Gijón costera,Costera,2020-11-16 10:00:00,2020-11-16 11:00:00,2,3.44,3.51,Hs ≥ P95,3.34
955,1117,Gijón costera,Costera,2020-11-16 16:00:00,2020-11-16 16:00:00,1,3.39,3.39,Hs ≥ P95,3.34
956,1117,Gijón costera,Costera,2020-11-16 21:00:00,2020-11-16 21:00:00,1,3.34,3.34,Hs ≥ P95,3.34
957,1117,Gijón costera,Costera,2020-12-03 19:00:00,2020-12-06 14:00:00,68,4.65,5.65,Hs ≥ P95,3.34
958,1117,Gijón costera,Costera,2020-12-07 13:00:00,2020-12-08 06:00:00,18,4.62,5.78,Hs ≥ P95,3.34
959,1117,Gijón costera,Costera,2020-12-12 02:00:00,2020-12-12 08:00:00,7,3.59,3.99,Hs ≥ P95,3.34
960,1117,Gijón costera,Costera,2020-12-12 14:00:00,2020-12-12 16:00:00,3,3.43,3.46,Hs ≥ P95,3.34
961,1117,Gijón costera,Costera,2020-12-14 10:00:00,2020-12-14 11:00:00,2,3.48,3.52,Hs ≥ P95,3.34
962,1117,Gijón costera,Costera,2020-12-24 04:00:00,2020-12-24 05:00:00,2,3.44,3.54,Hs ≥ P95,3.34
963,1117,Gijón costera,Costera,2020-12-24 17:00:00,2020-12-24 17:00:00,1,3.34,3.34,Hs ≥ P95,3.34
964,1117,Gijón costera,Costera,2020-12-24 19:00:00,2020-12-24 23:00:00,5,3.49,3.67,Hs ≥ P95,3.34
965,1117,Gijón costera,Costera,2020-12-27 14:00:00,2020-12-30 11:00:00,70,5.05,6.95,Hs ≥ P95,3.34
966,1117,Gijón costera,Costera,2021-01-09 21:00:00,2021-01-09 21:00:00,1,3.37,3.37,Hs ≥ P95,3.34
967,1117,Gijón costera,Costera,2021-01-09 23:00:00,2021-01-09 23:00:00,1,3.39,3.39,Hs ≥ P95,3.34
968,1117,Gijón costera,Costera,2021-01-30 15:00:00,2021-01-31 11:00:00,21,4.24,5.14,Hs ≥ P95,3.34
969,1117,Gijón costera,Costera,2021-02-01 09:00:00,2021-02-01 10:00:00,2,3.4,3.46,Hs ≥ P95,3.34
970,1117,Gijón costera,Costera,2021-02-01 13:00:00,2021-02-01 23:00:00,11,3.72,4.36,Hs ≥ P95,3.34
971,1117,Gijón costera,Costera,2021-03-11 17:00:00,2021-03-12 03:00:00,11,3.76,4.19,Hs ≥ P95,3.34
972,1117,Gijón costera,Costera,2021-03-13 18:00:00,2021-03-13 18:00:00,1,3.45,3.45,Hs ≥ P95,3.34
973,1117,Gijón costera,Costera,2021-03-13 20:00:00,2021-03-13 20:00:00,1,3.72,3.72,Hs ≥ P95,3.34
974,1117,Gijón costera,Costera,2021-03-13 22:00:00,2021-03-14 01:00:00,4,3.64,3.92,Hs ≥ P95,3.34
975,1117,Gijón costera,Costera,2021-03-14 03:00:00,2021-03-14 05:00:00,3,3.41,3.42,Hs ≥ P95,3.34
976,1117,Gijón costera,Costera,2021-03-27 11:00:00,2021-03-27 15:00:00,5,3.59,3.82,Hs ≥ P95,3.34
977,1117,Gijón costera,Costera,2021-03-27 22:00:00,2021-03-27 22:00:00,1,3.4,3.4,Hs ≥ P95,3.34
978,1117,Gijón costera,Costera,2021-05-24 18:00:00,2021-05-24 18:00:00,1,3.49,3.49,Hs ≥ P95,3.34
979,1117,Gijón costera,Costera,2021-11-01 16:00:00,2021-11-02 00:00:00,9,3.67,3.93,Hs ≥ P95,3.34
980,1117,Gijón costera,Costera,2021-11-02 15:00:00,2021-11-02 15:00:00,1,3.48,3.48,Hs ≥ P95,3.34
981,1117,Gijón costera,Costera,2021-11-22 13:00:00,2021-11-23 11:00:00,23,3.94,4.66,Hs ≥ P95,3.34
982,1117,Gijón costera,Costera,2021-11-25 23:00:00,2021-11-26 09:00:00,11,3.71,4.1,Hs ≥ P95,3.34
983,1117,Gijón costera,Costera,2021-11-26 12:00:00,2021-11-26 12:00:00,1,3.61,3.61,Hs ≥ P95,3.34
984,1117,Gijón costera,Costera,2021-11-26 14:00:00,2021-11-26 14:00:00,1,3.41,3.41,Hs ≥ P95,3.34
985,1117,Gijón costera,Costera,2021-11-27 02:00:00,2021-11-28 12:00:00,35,4.92,6.09,Hs ≥ P95,3.34
986,1117,Gijón costera,Costera,2021-11-28 14:00:00,2021-11-28 14:00:00,1,3.68,3.68,Hs ≥ P95,3.34
987,1117,Gijón costera,Costera,2021-12-02 03:00:00,2021-12-02 03:00:00,1,3.41,3.41,Hs ≥ P95,3.34
988,1117,Gijón costera,Costera,2021-12-02 06:00:00,2021-12-02 06:00:00,1,3.4,3.4,Hs ≥ P95,3.34
989,1117,Gijón costera,Costera,2021-12-02 17:00:00,2021-12-02 18:00:00,2,3.7,3.74,Hs ≥ P95,3.34
990,1117,Gijón costera,Costera,2021-12-04 22:00:00,2021-12-04 22:00:00,1,3.36,3.36,Hs ≥ P95,3.34
991,1117,Gijón costera,Costera,2021-12-05 04:00:00,2021-12-05 18:00:00,15,3.89,4.82,Hs ≥ P95,3.34
992,1117,Gijón costera,Costera,2021-12-05 20:00:00,2021-12-05 22:00:00,3,3.53,3.62,Hs ≥ P95,3.34
993,1117,Gijón costera,Costera,2021-12-07 18:00:00,2021-12-10 16:00:00,71,4.16,5.52,Hs ≥ P95,3.34
994,1117,Gijón costera,Costera,2021-12-10 18:00:00,2021-12-10 20:00:00,3,3.53,3.55,Hs ≥ P95,3.34
995,1117,Gijón costera,Costera,2021-12-10 22:00:00,2021-12-10 23:00:00,2,3.68,3.87,Hs ≥ P95,3.34
996,1117,Gijón costera,Costera,2021-12-11 01:00:00,2021-12-11 02:00:00,2,3.42,3.48,Hs ≥ P95,3.34
997,1117,Gijón costera,Costera,2021-12-11 04:00:00,2021-12-11 04:00:00,1,3.34,3.34,Hs ≥ P95,3.34
998,1117,Gijón costera,Costera,2021-12-11 07:00:00,2021-12-11 08:00:00,2,3.48,3.51,Hs ≥ P95,3.34
999,1117,Gijón costera,Costera,2021-12-11 13:00:00,2021-12-11 13:00:00,1,3.42,3.42,Hs ≥ P95,3.34
1000,1117,Gijón costera,Costera,2022-01-07 11:00:00,2022-01-10 10:00:00,72,4.14,5.1,Hs ≥ P95,3.34
1001,1117,Gijón costera,Costera,2022-01-10 13:00:00,2022-01-10 15:00:00,3,3.43,3.51,Hs ≥ P95,3.34
1002,1117,Gijón costera,Costera,2022-02-07 10:00:00,2022-02-07 10:00:00,1,3.44,3.44,Hs ≥ P95,3.34
1003,1117,Gijón costera,Costera,2022-02-07 12:00:00,2022-02-07 13:00:00,2,3.46,3.47,Hs ≥ P95,3.34
1004,1117,Gijón costera,Costera,2022-02-09 13:00:00,2022-02-09 13:00:00,1,3.74,3.74,Hs ≥ P95,3.34
1005,1117,Gijón costera,Costera,2022-02-14 21:00:00,2022-02-14 22:00:00,2,3.44,3.49,Hs ≥ P95,3.34
1006,1117,Gijón costera,Costera,2022-02-15 01:00:00,2022-02-15 01:00:00,1,3.49,3.49,Hs ≥ P95,3.34
1007,1117,Gijón costera,Costera,2022-02-17 22:00:00,2022-02-17 22:00:00,1,3.61,3.61,Hs ≥ P95,3.34
1008,1117,Gijón costera,Costera,2022-02-18 06:00:00,2022-02-18 06:00:00,1,3.35,3.35,Hs ≥ P95,3.34
1009,1117,Gijón costera,Costera,2022-02-18 11:00:00,2022-02-18 11:00:00,1,3.38,3.38,Hs ≥ P95,3.34
1010,1117,Gijón costera,Costera,2022-02-18 17:00:00,2022-02-19 12:00:00,20,3.98,4.81,Hs ≥ P95,3.34
1011,1117,Gijón costera,Costera,2022-02-19 14:00:00,2022-02-19 15:00:00,2,3.43,3.51,Hs ≥ P95,3.34
1012,1117,Gijón costera,Costera,2022-02-19 22:00:00,2022-02-20 01:00:00,4,3.58,3.81,Hs ≥ P95,3.34
1013,1117,Gijón costera,Costera,2022-02-20 05:00:00,2022-02-20 05:00:00,1,3.45,3.45,Hs ≥ P95,3.34
1014,1117,Gijón costera,Costera,2022-02-20 15:00:00,2022-02-20 16:00:00,2,3.49,3.54,Hs ≥ P95,3.34
1015,1117,Gijón costera,Costera,2022-02-21 07:00:00,2022-02-21 07:00:00,1,3.34,3.34,Hs ≥ P95,3.34
1016,1117,Gijón costera,Costera,2022-02-21 10:00:00,2022-02-22 09:00:00,24,3.72,4.34,Hs ≥ P95,3.34
1017,1117,Gijón costera,Costera,2022-02-22 11:00:00,2022-02-22 13:00:00,3,3.5,3.7,Hs ≥ P95,3.34
1018,1117,Gijón costera,Costera,2022-02-24 15:00:00,2022-02-24 15:00:00,1,3.4,3.4,Hs ≥ P95,3.34
1019,1117,Gijón costera,Costera,2022-02-24 22:00:00,2022-02-25 20:00:00,23,3.89,4.29,Hs ≥ P95,3.34
1020,1117,Gijón costera,Costera,2022-02-25 22:00:00,2022-02-25 22:00:00,1,3.36,3.36,Hs ≥ P95,3.34
1021,1117,Gijón costera,Costera,2022-03-13 03:00:00,2022-03-13 03:00:00,1,3.41,3.41,Hs ≥ P95,3.34
1022,1117,Gijón costera,Costera,2022-03-13 05:00:00,2022-03-13 06:00:00,2,3.68,3.84,Hs ≥ P95,3.34
1023,1117,Gijón costera,Costera,2022-03-13 08:00:00,2022-03-13 13:00:00,6,3.63,3.9,Hs ≥ P95,3.34
1024,1117,Gijón costera,Costera,2022-03-13 15:00:00,2022-03-13 16:00:00,2,3.69,3.83,Hs ≥ P95,3.34
1025,1117,Gijón costera,Costera,2022-03-14 20:00:00,2022-03-14 22:00:00,3,3.47,3.52,Hs ≥ P95,3.34
1026,1117,Gijón costera,Costera,2022-03-17 05:00:00,2022-03-17 05:00:00,1,3.45,3.45,Hs ≥ P95,3.34
1027,1117,Gijón costera,Costera,2022-03-17 07:00:00,2022-03-17 07:00:00,1,3.34,3.34,Hs ≥ P95,3.34
1028,1117,Gijón costera,Costera,2022-06-29 13:00:00,2022-06-29 14:00:00,2,3.4,3.46,Hs ≥ P95,3.34
1029,1117,Gijón costera,Costera,2022-09-28 09:00:00,2022-09-28 09:00:00,1,3.39,3.39,Hs ≥ P95,3.34
1030,1117,Gijón costera,Costera,2022-09-28 11:00:00,2022-09-28 11:00:00,1,3.39,3.39,Hs ≥ P95,3.34
1031,1117,Gijón costera,Costera,2022-09-28 13:00:00,2022-09-28 13:00:00,1,3.36,3.36,Hs ≥ P95,3.34
1032,1117,Gijón costera,Costera,2022-09-28 19:00:00,2022-09-28 19:00:00,1,3.43,3.43,Hs ≥ P95,3.34
1033,1117,Gijón costera,Costera,2022-10-16 11:00:00,2022-10-16 11:00:00,1,3.46,3.46,Hs ≥ P95,3.34
1034,1117,Gijón costera,Costera,2022-10-16 14:00:00,2022-10-16 14:00:00,1,3.81,3.81,Hs ≥ P95,3.34
1035,1117,Gijón costera,Costera,2022-11-03 10:00:00,2022-11-03 13:00:00,4,3.73,4.04,Hs ≥ P95,3.34
1036,1117,Gijón costera,Costera,2022-11-04 05:00:00,2022-11-04 08:00:00,4,3.49,3.69,Hs ≥ P95,3.34
1037,1117,Gijón costera,Costera,2022-11-04 10:00:00,2022-11-04 19:00:00,10,3.62,3.89,Hs ≥ P95,3.34
1038,1117,Gijón costera,Costera,2022-11-04 21:00:00,2022-11-04 21:00:00,1,3.38,3.38,Hs ≥ P95,3.34
1039,1117,Gijón costera,Costera,2022-11-04 23:00:00,2022-11-04 23:00:00,1,3.4,3.4,Hs ≥ P95,3.34
1040,1117,Gijón costera,Costera,2022-11-06 23:00:00,2022-11-07 00:00:00,2,3.51,3.56,Hs ≥ P95,3.34
1041,1117,Gijón costera,Costera,2022-11-07 02:00:00,2022-11-07 03:00:00,2,3.46,3.53,Hs ≥ P95,3.34
1042,1117,Gijón costera,Costera,2022-11-07 09:00:00,2022-11-07 12:00:00,4,3.41,3.49,Hs ≥ P95,3.34
1043,1117,Gijón costera,Costera,2022-11-07 14:00:00,2022-11-07 15:00:00,2,3.44,3.51,Hs ≥ P95,3.34
1044,1117,Gijón costera,Costera,2022-11-08 02:00:00,2022-11-08 02:00:00,1,3.39,3.39,Hs ≥ P95,3.34
1045,1117,Gijón costera,Costera,2022-11-09 08:00:00,2022-11-09 08:00:00,1,3.37,3.37,Hs ≥ P95,3.34
1046,1117,Gijón costera,Costera,2022-11-09 17:00:00,2022-11-09 17:00:00,1,3.36,3.36,Hs ≥ P95,3.34
1047,1117,Gijón costera,Costera,2022-11-16 14:00:00,2022-11-17 16:00:00,27,3.92,4.63,Hs ≥ P95,3.34
1048,1117,Gijón costera,Costera,2022-11-21 08:00:00,2022-11-23 07:00:00,48,4.04,4.77,Hs ≥ P95,3.34
1049,1117,Gijón costera,Costera,2022-11-23 13:00:00,2022-11-23 13:00:00,1,3.34,3.34,Hs ≥ P95,3.34
1050,1117,Gijón costera,Costera,2022-11-23 18:00:00,2022-11-23 20:00:00,3,3.41,3.44,Hs ≥ P95,3.34
1051,1117,Gijón costera,Costera,2022-11-23 22:00:00,2022-11-23 23:00:00,2,3.67,3.97,Hs ≥ P95,3.34
1052,1117,Gijón costera,Costera,2022-11-24 01:00:00,2022-11-24 01:00:00,1,3.43,3.43,Hs ≥ P95,3.34
1053,1117,Gijón costera,Costera,2022-11-24 03:00:00,2022-11-24 09:00:00,7,4.07,4.78,Hs ≥ P95,3.34
1054,1117,Gijón costera,Costera,2022-11-24 11:00:00,2022-11-24 11:00:00,1,3.43,3.43,Hs ≥ P95,3.34
1055,1117,Gijón costera,Costera,2022-11-24 14:00:00,2022-11-24 14:00:00,1,3.34,3.34,Hs ≥ P95,3.34
1056,1117,Gijón costera,Costera,2022-11-24 16:00:00,2022-11-24 20:00:00,5,3.58,3.76,Hs ≥ P95,3.34
1057,1117,Gijón costera,Costera,2022-11-24 22:00:00,2022-11-25 20:00:00,23,3.73,4.36,Hs ≥ P95,3.34
1058,1117,Gijón costera,Costera,2022-11-28 16:00:00,2022-11-29 03:00:00,12,3.66,4.08,Hs ≥ P95,3.34
1059,1117,Gijón costera,Costera,2023-01-08 02:00:00,2023-01-08 02:00:00,1,3.5,3.5,Hs ≥ P95,3.34
1060,1117,Gijón costera,Costera,2023-01-08 11:00:00,2023-01-08 11:00:00,1,3.52,3.52,Hs ≥ P95,3.34
1061,1117,Gijón costera,Costera,2023-01-08 14:00:00,2023-01-09 21:00:00,32,4.02,4.71,Hs ≥ P95,3.34
1062,1117,Gijón costera,Costera,2023-01-09 23:00:00,2023-01-10 04:00:00,6,3.72,3.88,Hs ≥ P95,3.34
1063,1117,Gijón costera,Costera,2023-01-10 06:00:00,2023-01-10 06:00:00,1,3.66,3.66,Hs ≥ P95,3.34
1064,1117,Gijón costera,Costera,2023-01-12 12:00:00,2023-01-12 12:00:00,1,3.53,3.53,Hs ≥ P95,3.34
1065,1117,Gijón costera,Costera,2023-01-12 15:00:00,2023-01-12 16:00:00,2,3.4,3.43,Hs ≥ P95,3.34
1066,1117,Gijón costera,Costera,2023-01-12 19:00:00,2023-01-12 22:00:00,4,3.68,3.8,Hs ≥ P95,3.34
1067,1117,Gijón costera,Costera,2023-01-13 00:00:00,2023-01-13 00:00:00,1,3.52,3.52,Hs ≥ P95,3.34
1068,1117,Gijón costera,Costera,2023-01-13 02:00:00,2023-01-13 04:00:00,3,3.63,3.75,Hs ≥ P95,3.34
1069,1117,Gijón costera,Costera,2023-01-13 06:00:00,2023-01-13 06:00:00,1,3.6,3.6,Hs ≥ P95,3.34
1070,1117,Gijón costera,Costera,2023-01-15 23:00:00,2023-01-19 12:00:00,86,4.48,5.92,Hs ≥ P95,3.34
1071,1117,Gijón costera,Costera,2023-01-19 14:00:00,2023-01-19 20:00:00,7,3.98,4.19,Hs ≥ P95,3.34
1072,1117,Gijón costera,Costera,2023-01-19 22:00:00,2023-01-20 00:00:00,3,3.49,3.54,Hs ≥ P95,3.34
1073,1117,Gijón costera,Costera,2023-03-10 06:00:00,2023-03-10 09:00:00,4,3.49,3.62,Hs ≥ P95,3.34
1074,1117,Gijón costera,Costera,2023-03-13 22:00:00,2023-03-13 22:00:00,1,3.35,3.35,Hs ≥ P95,3.34
1075,1117,Gijón costera,Costera,2023-03-14 00:00:00,2023-03-14 03:00:00,4,3.54,3.64,Hs ≥ P95,3.34
1076,1117,Gijón costera,Costera,2023-03-14 05:00:00,2023-03-14 07:00:00,3,3.56,3.69,Hs ≥ P95,3.34
1077,1117,Gijón costera,Costera,2023-03-23 17:00:00,2023-03-23 18:00:00,2,3.46,3.48,Hs ≥ P95,3.34
1078,1117,Gijón costera,Costera,2023-03-23 22:00:00,2023-03-24 01:00:00,4,3.49,3.8,Hs ≥ P95,3.34
1079,1117,Gijón costera,Costera,2023-03-26 15:00:00,2023-03-26 15:00:00,1,3.51,3.51,Hs ≥ P95,3.34
1080,1117,Gijón costera,Costera,2023-03-26 20:00:00,2023-03-26 20:00:00,1,3.39,3.39,Hs ≥ P95,3.34
1081,1117,Gijón costera,Costera,2023-03-31 07:00:00,2023-03-31 12:00:00,6,3.69,4.16,Hs ≥ P95,3.34
1082,1117,Gijón costera,Costera,2023-03-31 17:00:00,2023-03-31 18:00:00,2,3.51,3.62,Hs ≥ P95,3.34
1083,1117,Gijón costera,Costera,2023-04-12 07:00:00,2023-04-12 07:00:00,1,3.34,3.34,Hs ≥ P95,3.34
1084,1117,Gijón costera,Costera,2023-04-12 20:00:00,2023-04-12 20:00:00,1,3.45,3.45,Hs ≥ P95,3.34
1085,1117,Gijón costera,Costera,2023-04-13 02:00:00,2023-04-13 02:00:00,1,3.56,3.56,Hs ≥ P95,3.34
1086,1117,Gijón costera,Costera,2023-04-13 09:00:00,2023-04-13 17:00:00,9,3.64,3.95,Hs ≥ P95,3.34
1087,1117,Gijón costera,Costera,2023-04-14 11:00:00,2023-04-14 11:00:00,1,3.43,3.43,Hs ≥ P95,3.34
1088,1117,Gijón costera,Costera,2023-04-14 15:00:00,2023-04-14 15:00:00,1,3.42,3.42,Hs ≥ P95,3.34
1089,1117,Gijón costera,Costera,2023-08-02 19:00:00,2023-08-03 04:00:00,10,3.67,4.16,Hs ≥ P95,3.34
1090,1117,Gijón costera,Costera,2023-08-03 06:00:00,2023-08-03 06:00:00,1,3.52,3.52,Hs ≥ P95,3.34
1091,1117,Gijón costera,Costera,2023-09-22 05:00:00,2023-09-22 05:00:00,1,3.54,3.54,Hs ≥ P95,3.34
1092,1117,Gijón costera,Costera,2023-09-22 07:00:00,2023-09-22 09:00:00,3,3.63,3.79,Hs ≥ P95,3.34
1093,1117,Gijón costera,Costera,2023-10-20 03:00:00,2023-10-21 23:00:00,45,4.06,5.79,Hs ≥ P95,3.34
1094,1117,Gijón costera,Costera,2023-10-22 01:00:00,2023-10-22 02:00:00,2,3.99,4.2,Hs ≥ P95,3.34
1095,1117,Gijón costera,Costera,2023-10-22 04:00:00,2023-10-22 04:00:00,1,3.43,3.43,Hs ≥ P95,3.34
1096,1117,Gijón costera,Costera,2023-10-27 06:00:00,2023-10-27 06:00:00,1,3.89,3.89,Hs ≥ P95,3.34
1097,1117,Gijón costera,Costera,2023-10-27 09:00:00,2023-10-27 09:00:00,1,3.36,3.36,Hs ≥ P95,3.34
1098,1117,Gijón costera,Costera,2023-10-27 12:00:00,2023-10-28 10:00:00,23,3.71,4.12,Hs ≥ P95,3.34
1099,1117,Gijón costera,Costera,2023-10-28 12:00:00,2023-10-28 13:00:00,2,3.44,3.53,Hs ≥ P95,3.34
1100,1117,Gijón costera,Costera,2023-10-28 15:00:00,2023-10-28 19:00:00,5,3.55,3.79,Hs ≥ P95,3.34
1101,1117,Gijón costera,Costera,2023-11-02 00:00:00,2023-11-03 21:00:00,46,4.48,5.47,Hs ≥ P95,3.34
1102,1117,Gijón costera,Costera,2023-11-03 23:00:00,2023-11-03 23:00:00,1,3.41,3.41,Hs ≥ P95,3.34
1103,1117,Gijón costera,Costera,2023-11-04 01:00:00,2023-11-04 14:00:00,14,4.09,4.65,Hs ≥ P95,3.34
1104,1117,Gijón costera,Costera,2023-11-04 16:00:00,2023-11-05 04:00:00,13,4.77,5.66,Hs ≥ P95,3.34
1105,1117,Gijón costera,Costera,2023-11-05 08:00:00,2023-11-05 19:00:00,12,4.02,4.62,Hs ≥ P95,3.34
1106,1117,Gijón costera,Costera,2023-11-06 06:00:00,2023-11-06 14:00:00,9,3.85,4.38,Hs ≥ P95,3.34
1107,1117,Gijón costera,Costera,2023-11-06 23:00:00,2023-11-06 23:00:00,1,3.35,3.35,Hs ≥ P95,3.34
1108,1117,Gijón costera,Costera,2023-11-07 01:00:00,2023-11-07 05:00:00,5,3.65,3.96,Hs ≥ P95,3.34
1109,1117,Gijón costera,Costera,2023-11-09 23:00:00,2023-11-10 19:00:00,21,3.85,4.56,Hs ≥ P95,3.34
1110,1117,Gijón costera,Costera,2023-11-11 08:00:00,2023-11-11 08:00:00,1,3.43,3.43,Hs ≥ P95,3.34
1111,1117,Gijón costera,Costera,2023-12-05 03:00:00,2023-12-05 04:00:00,2,3.51,3.59,Hs ≥ P95,3.34
1112,1117,Gijón costera,Costera,2023-12-05 06:00:00,2023-12-05 06:00:00,1,3.4,3.4,Hs ≥ P95,3.34
1113,1117,Gijón costera,Costera,2023-12-12 21:00:00,2023-12-12 21:00:00,1,3.56,3.56,Hs ≥ P95,3.34
1114,1117,Gijón costera,Costera,2023-12-13 05:00:00,2023-12-13 05:00:00,1,3.48,3.48,Hs ≥ P95,3.34
1115,1117,Gijón costera,Costera,2023-12-22 02:00:00,2023-12-22 03:00:00,2,3.4,3.42,Hs ≥ P95,3.34
1116,1117,Gijón costera,Costera,2023-12-22 15:00:00,2023-12-22 15:00:00,1,3.5,3.5,Hs ≥ P95,3.34
1117,1117,Gijón costera,Costera,2023-12-22 17:00:00,2023-12-22 17:00:00,1,3.49,3.49,Hs ≥ P95,3.34
1118,1117,Gijón costera,Costera,2023-12-31 00:00:00,2023-12-31 00:00:00,1,3.58,3.58,Hs ≥ P95,3.34
1119,1117,Gijón costera,Costera,2023-12-31 03:00:00,2024-01-01 04:00:00,26,3.87,4.94,Hs ≥ P95,3.34
1120,1117,Gijón costera,Costera,2024-01-01 09:00:00,2024-01-01 09:00:00,1,3.58,3.58,Hs ≥ P95,3.34
1121,1117,Gijón costera,Costera,2024-01-01 11:00:00,2024-01-01 11:00:00,1,3.38,3.38,Hs ≥ P95,3.34
1122,1117,Gijón costera,Costera,2024-01-03 18:00:00,2024-01-03 18:00:00,1,3.35,3.35,Hs ≥ P95,3.34
1123,1117,Gijón costera,Costera,2024-01-03 23:00:00,2024-01-04 00:00:00,2,3.5,3.58,Hs ≥ P95,3.34
1124,1117,Gijón costera,Costera,2024-01-04 02:00:00,2024-01-04 04:00:00,3,3.73,3.96,Hs ≥ P95,3.34
1125,1117,Gijón costera,Costera,2024-01-22 16:00:00,2024-01-22 17:00:00,2,3.66,3.78,Hs ≥ P95,3.34
1126,1117,Gijón costera,Costera,2024-02-10 15:00:00,2024-02-11 13:00:00,23,4.19,5.02,Hs ≥ P95,3.34
1127,1117,Gijón costera,Costera,2024-02-12 07:00:00,2024-02-12 07:00:00,1,3.62,3.62,Hs ≥ P95,3.34
1128,1117,Gijón costera,Costera,2024-02-22 01:00:00,2024-02-22 01:00:00,1,3.38,3.38,Hs ≥ P95,3.34
1129,1117,Gijón costera,Costera,2024-02-22 04:00:00,2024-02-25 11:00:00,80,4.38,5.51,Hs ≥ P95,3.34
1130,1117,Gijón costera,Costera,2024-02-25 13:00:00,2024-02-27 10:00:00,46,4.65,6.63,Hs ≥ P95,3.34
1131,1117,Gijón costera,Costera,2024-02-29 18:00:00,2024-02-29 20:00:00,3,3.53,3.63,Hs ≥ P95,3.34
1132,1117,Gijón costera,Costera,2024-03-01 06:00:00,2024-03-02 15:00:00,34,4.11,5.13,Hs ≥ P95,3.34
1133,1117,Gijón costera,Costera,2024-03-02 17:00:00,2024-03-02 19:00:00,3,3.51,3.59,Hs ≥ P95,3.34
1134,1117,Gijón costera,Costera,2024-03-02 21:00:00,2024-03-02 22:00:00,2,3.53,3.59,Hs ≥ P95,3.34
1135,1117,Gijón costera,Costera,2024-03-03 01:00:00,2024-03-03 01:00:00,1,3.53,3.53,Hs ≥ P95,3.34
1136,1117,Gijón costera,Costera,2024-03-10 04:00:00,2024-03-10 07:00:00,4,3.61,3.82,Hs ≥ P95,3.34
1137,1117,Gijón costera,Costera,2024-03-27 01:00:00,2024-03-27 01:00:00,1,3.38,3.38,Hs ≥ P95,3.34
1138,1117,Gijón costera,Costera,2024-03-27 03:00:00,2024-03-27 03:00:00,1,3.41,3.41,Hs ≥ P95,3.34
1139,1117,Gijón costera,Costera,2024-03-27 07:00:00,2024-03-27 07:00:00,1,3.42,3.42,Hs ≥ P95,3.34
1140,1117,Gijón costera,Costera,2024-03-27 19:00:00,2024-03-27 22:00:00,4,3.76,4.05,Hs ≥ P95,3.34
1141,1117,Gijón costera,Costera,2024-03-28 03:00:00,2024-03-28 21:00:00,19,4.02,4.75,Hs ≥ P95,3.34
1142,1117,Gijón costera,Costera,2024-03-28 23:00:00,2024-03-29 00:00:00,2,3.54,3.71,Hs ≥ P95,3.34
1143,1117,Gijón costera,Costera,2024-03-29 03:00:00,2024-03-29 04:00:00,2,3.67,3.68,Hs ≥ P95,3.34
1144,1117,Gijón costera,Costera,2024-03-29 06:00:00,2024-03-29 07:00:00,2,3.49,3.52,Hs ≥ P95,3.34
1145,1117,Gijón costera,Costera,2024-04-09 02:00:00,2024-04-09 02:00:00,1,3.43,3.43,Hs ≥ P95,3.34
1146,1117,Gijón costera,Costera,2024-04-09 04:00:00,2024-04-09 04:00:00,1,3.93,3.93,Hs ≥ P95,3.34
1147,1117,Gijón costera,Costera,2024-04-09 07:00:00,2024-04-09 09:00:00,3,3.45,3.51,Hs ≥ P95,3.34
1148,1117,Gijón costera,Costera,2024-05-14 09:00:00,2024-05-14 12:00:00,4,3.48,3.54,Hs ≥ P95,3.34
1149,1117,Gijón costera,Costera,2024-05-15 14:00:00,2024-05-15 14:00:00,1,3.34,3.34,Hs ≥ P95,3.34
1150,1117,Gijón costera,Costera,2024-10-25 18:00:00,2024-10-25 18:00:00,1,3.35,3.35,Hs ≥ P95,3.34
1151,1117,Gijón costera,Costera,2024-11-19 23:00:00,2024-11-19 23:00:00,1,3.35,3.35,Hs ≥ P95,3.34
1152,1117,Gijón costera,Costera,2024-11-21 16:00:00,2024-11-21 18:00:00,3,3.5,3.63,Hs ≥ P95,3.34
1153,1117,Gijón costera,Costera,2024-11-21 23:00:00,2024-11-22 09:00:00,11,3.78,4.19,Hs ≥ P95,3.34
1154,1117,Gijón costera,Costera,2024-12-07 09:00:00,2024-12-09 17:00:00,57,4.33,5.19,Hs ≥ P95,3.34
1155,1117,Gijón costera,Costera,2024-12-22 13:00:00,2024-12-23 16:00:00,28,4.21,5.1,Hs ≥ P95,3.34
1156,1117,Gijón costera,Costera,2024-12-23 18:00:00,2024-12-23 18:00:00,1,3.63,3.63,Hs ≥ P95,3.34
1,2136,Bilbao-Vizcaya,Exterior,2005-01-03 04:00:00,2005-01-03 04:00:00,1,4.47,4.47,Hs ≥ P95,4.44
2,2136,Bilbao-Vizcaya,Exterior,2005-01-03 06:00:00,2005-01-03 06:00:00,1,4.8,4.8,Hs ≥ P95,4.44
3,2136,Bilbao-Vizcaya,Exterior,2005-01-03 10:00:00,2005-01-03 10:00:00,1,4.45,4.45,Hs ≥ P95,4.44
4,2136,Bilbao-Vizcaya,Exterior,2005-01-12 17:00:00,2005-01-12 19:00:00,3,4.93,5.06,Hs ≥ P95,4.44
5,2136,Bilbao-Vizcaya,Exterior,2005-01-12 21:00:00,2005-01-13 00:00:00,4,4.86,5.49,Hs ≥ P95,4.44
6,2136,Bilbao-Vizcaya,Exterior,2005-01-13 02:00:00,2005-01-13 02:00:00,1,4.78,4.78,Hs ≥ P95,4.44
7,2136,Bilbao-Vizcaya,Exterior,2005-01-13 04:00:00,2005-01-13 04:00:00,1,4.48,4.48,Hs ≥ P95,4.44
8,2136,Bilbao-Vizcaya,Exterior,2005-01-18 10:00:00,2005-01-20 02:00:00,41,6.92,8.78,Hs ≥ P95,4.44
9,2136,Bilbao-Vizcaya,Exterior,2005-01-20 04:00:00,2005-01-20 04:00:00,1,4.61,4.61,Hs ≥ P95,4.44
10,2136,Bilbao-Vizcaya,Exterior,2005-01-20 06:00:00,2005-01-20 09:00:00,4,4.55,4.69,Hs ≥ P95,4.44
11,2136,Bilbao-Vizcaya,Exterior,2005-02-13 18:00:00,2005-02-14 06:00:00,13,5.09,5.3,Hs ≥ P95,4.44
12,2136,Bilbao-Vizcaya,Exterior,2005-02-14 08:00:00,2005-02-14 09:00:00,2,4.88,4.98,Hs ≥ P95,4.44
13,2136,Bilbao-Vizcaya,Exterior,2005-02-14 11:00:00,2005-02-14 12:00:00,2,4.76,4.88,Hs ≥ P95,4.44
14,2136,Bilbao-Vizcaya,Exterior,2005-04-08 19:00:00,2005-04-08 19:00:00,1,4.46,4.46,Hs ≥ P95,4.44
15,2136,Bilbao-Vizcaya,Exterior,2005-04-09 01:00:00,2005-04-09 01:00:00,1,4.67,4.67,Hs ≥ P95,4.44
16,2136,Bilbao-Vizcaya,Exterior,2005-04-19 15:00:00,2005-04-19 15:00:00,1,4.72,4.72,Hs ≥ P95,4.44
17,2136,Bilbao-Vizcaya,Exterior,2005-09-11 07:00:00,2005-09-11 10:00:00,4,4.54,4.62,Hs ≥ P95,4.44
18,2136,Bilbao-Vizcaya,Exterior,2005-09-28 01:00:00,2005-09-28 01:00:00,1,4.53,4.53,Hs ≥ P95,4.44
19,2136,Bilbao-Vizcaya,Exterior,2005-09-28 03:00:00,2005-09-28 03:00:00,1,4.74,4.74,Hs ≥ P95,4.44
20,2136,Bilbao-Vizcaya,Exterior,2005-10-02 02:00:00,2005-10-02 09:00:00,8,4.72,5.17,Hs ≥ P95,4.44
21,2136,Bilbao-Vizcaya,Exterior,2005-10-02 14:00:00,2005-10-02 14:00:00,1,4.54,4.54,Hs ≥ P95,4.44
22,2136,Bilbao-Vizcaya,Exterior,2005-10-02 17:00:00,2005-10-02 18:00:00,2,4.8,5.0,Hs ≥ P95,4.44
23,2136,Bilbao-Vizcaya,Exterior,2005-10-31 06:00:00,2005-10-31 07:00:00,2,5.01,5.04,Hs ≥ P95,4.44
24,2136,Bilbao-Vizcaya,Exterior,2005-11-03 12:00:00,2005-11-03 12:00:00,1,4.47,4.47,Hs ≥ P95,4.44
25,2136,Bilbao-Vizcaya,Exterior,2005-11-03 14:00:00,2005-11-03 18:00:00,5,4.74,4.98,Hs ≥ P95,4.44
26,2136,Bilbao-Vizcaya,Exterior,2005-11-07 09:00:00,2005-11-07 09:00:00,1,4.5,4.5,Hs ≥ P95,4.44
27,2136,Bilbao-Vizcaya,Exterior,2005-11-07 15:00:00,2005-11-07 15:00:00,1,4.64,4.64,Hs ≥ P95,4.44
28,2136,Bilbao-Vizcaya,Exterior,2005-11-09 02:00:00,2005-11-09 02:00:00,1,4.49,4.49,Hs ≥ P95,4.44
29,2136,Bilbao-Vizcaya,Exterior,2005-11-13 01:00:00,2005-11-13 01:00:00,1,4.54,4.54,Hs ≥ P95,4.44
30,2136,Bilbao-Vizcaya,Exterior,2005-11-13 03:00:00,2005-11-13 03:00:00,1,4.46,4.46,Hs ≥ P95,4.44
31,2136,Bilbao-Vizcaya,Exterior,2005-11-13 07:00:00,2005-11-13 07:00:00,1,4.97,4.97,Hs ≥ P95,4.44
32,2136,Bilbao-Vizcaya,Exterior,2005-11-13 09:00:00,2005-11-13 11:00:00,3,4.58,4.73,Hs ≥ P95,4.44
33,2136,Bilbao-Vizcaya,Exterior,2005-11-13 13:00:00,2005-11-13 13:00:00,1,4.65,4.65,Hs ≥ P95,4.44
34,2136,Bilbao-Vizcaya,Exterior,2005-11-13 15:00:00,2005-11-13 20:00:00,6,4.83,4.99,Hs ≥ P95,4.44
35,2136,Bilbao-Vizcaya,Exterior,2005-11-13 22:00:00,2005-11-13 23:00:00,2,4.76,5.02,Hs ≥ P95,4.44
36,2136,Bilbao-Vizcaya,Exterior,2005-11-25 04:00:00,2005-11-25 04:00:00,1,4.44,4.44,Hs ≥ P95,4.44
37,2136,Bilbao-Vizcaya,Exterior,2005-11-26 02:00:00,2005-11-26 17:00:00,16,4.78,5.3,Hs ≥ P95,4.44
38,2136,Bilbao-Vizcaya,Exterior,2005-12-02 13:00:00,2005-12-03 11:00:00,23,5.9,7.25,Hs ≥ P95,4.44
39,2136,Bilbao-Vizcaya,Exterior,2005-12-03 13:00:00,2005-12-03 19:00:00,7,4.91,5.38,Hs ≥ P95,4.44
40,2136,Bilbao-Vizcaya,Exterior,2005-12-04 01:00:00,2005-12-04 01:00:00,1,4.49,4.49,Hs ≥ P95,4.44
41,2136,Bilbao-Vizcaya,Exterior,2005-12-04 04:00:00,2005-12-04 04:00:00,1,4.58,4.58,Hs ≥ P95,4.44
42,2136,Bilbao-Vizcaya,Exterior,2005-12-04 07:00:00,2005-12-04 07:00:00,1,4.53,4.53,Hs ≥ P95,4.44
43,2136,Bilbao-Vizcaya,Exterior,2005-12-04 16:00:00,2005-12-04 17:00:00,2,4.86,4.97,Hs ≥ P95,4.44
44,2136,Bilbao-Vizcaya,Exterior,2005-12-04 20:00:00,2005-12-05 02:00:00,7,4.84,5.08,Hs ≥ P95,4.44
45,2136,Bilbao-Vizcaya,Exterior,2005-12-05 05:00:00,2005-12-05 05:00:00,1,4.44,4.44,Hs ≥ P95,4.44
46,2136,Bilbao-Vizcaya,Exterior,2005-12-05 07:00:00,2005-12-05 07:00:00,1,4.57,4.57,Hs ≥ P95,4.44
47,2136,Bilbao-Vizcaya,Exterior,2005-12-31 16:00:00,2006-01-02 01:00:00,34,5.45,6.22,Hs ≥ P95,4.44
48,2136,Bilbao-Vizcaya,Exterior,2006-01-02 03:00:00,2006-01-02 03:00:00,1,4.8,4.8,Hs ≥ P95,4.44
49,2136,Bilbao-Vizcaya,Exterior,2006-01-02 05:00:00,2006-01-02 05:00:00,1,4.54,4.54,Hs ≥ P95,4.44
50,2136,Bilbao-Vizcaya,Exterior,2006-01-02 07:00:00,2006-01-02 07:00:00,1,4.58,4.58,Hs ≥ P95,4.44
51,2136,Bilbao-Vizcaya,Exterior,2006-01-16 06:00:00,2006-01-16 09:00:00,4,4.81,5.02,Hs ≥ P95,4.44
52,2136,Bilbao-Vizcaya,Exterior,2006-01-16 12:00:00,2006-01-16 13:00:00,2,4.59,4.62,Hs ≥ P95,4.44
53,2136,Bilbao-Vizcaya,Exterior,2006-01-16 16:00:00,2006-01-16 16:00:00,1,4.79,4.79,Hs ≥ P95,4.44
54,2136,Bilbao-Vizcaya,Exterior,2006-01-16 18:00:00,2006-01-16 18:00:00,1,4.78,4.78,Hs ≥ P95,4.44
55,2136,Bilbao-Vizcaya,Exterior,2006-01-16 22:00:00,2006-01-16 22:00:00,1,5.11,5.11,Hs ≥ P95,4.44
56,2136,Bilbao-Vizcaya,Exterior,2006-02-14 06:00:00,2006-02-14 06:00:00,1,4.57,4.57,Hs ≥ P95,4.44
57,2136,Bilbao-Vizcaya,Exterior,2006-02-14 08:00:00,2006-02-14 08:00:00,1,4.95,4.95,Hs ≥ P95,4.44
58,2136,Bilbao-Vizcaya,Exterior,2006-02-14 11:00:00,2006-02-14 11:00:00,1,4.52,4.52,Hs ≥ P95,4.44
59,2136,Bilbao-Vizcaya,Exterior,2006-02-14 13:00:00,2006-02-14 13:00:00,1,4.65,4.65,Hs ≥ P95,4.44
60,2136,Bilbao-Vizcaya,Exterior,2006-02-16 07:00:00,2006-02-16 07:00:00,1,4.57,4.57,Hs ≥ P95,4.44
61,2136,Bilbao-Vizcaya,Exterior,2006-02-16 12:00:00,2006-02-16 12:00:00,1,4.75,4.75,Hs ≥ P95,4.44
62,2136,Bilbao-Vizcaya,Exterior,2006-02-16 14:00:00,2006-02-18 22:00:00,57,6.25,8.34,Hs ≥ P95,4.44
63,2136,Bilbao-Vizcaya,Exterior,2006-02-19 04:00:00,2006-02-19 05:00:00,2,4.62,4.77,Hs ≥ P95,4.44
64,2136,Bilbao-Vizcaya,Exterior,2006-02-19 11:00:00,2006-02-20 01:00:00,15,5.7,6.99,Hs ≥ P95,4.44
65,2136,Bilbao-Vizcaya,Exterior,2006-02-20 08:00:00,2006-02-20 08:00:00,1,4.59,4.59,Hs ≥ P95,4.44
66,2136,Bilbao-Vizcaya,Exterior,2006-02-21 08:00:00,2006-02-21 08:00:00,1,4.68,4.68,Hs ≥ P95,4.44
67,2136,Bilbao-Vizcaya,Exterior,2006-03-03 19:00:00,2006-03-03 21:00:00,3,4.68,4.94,Hs ≥ P95,4.44
68,2136,Bilbao-Vizcaya,Exterior,2006-03-03 23:00:00,2006-03-03 23:00:00,1,4.63,4.63,Hs ≥ P95,4.44
69,2136,Bilbao-Vizcaya,Exterior,2006-03-05 00:00:00,2006-03-05 05:00:00,6,5.41,5.91,Hs ≥ P95,4.44
70,2136,Bilbao-Vizcaya,Exterior,2006-03-10 04:00:00,2006-03-10 04:00:00,1,4.61,4.61,Hs ≥ P95,4.44
71,2136,Bilbao-Vizcaya,Exterior,2006-03-10 06:00:00,2006-03-10 07:00:00,2,4.73,4.89,Hs ≥ P95,4.44
72,2136,Bilbao-Vizcaya,Exterior,2006-03-10 09:00:00,2006-03-10 09:00:00,1,5.01,5.01,Hs ≥ P95,4.44
73,2136,Bilbao-Vizcaya,Exterior,2006-03-10 16:00:00,2006-03-10 16:00:00,1,6.37,6.37,Hs ≥ P95,4.44
74,2136,Bilbao-Vizcaya,Exterior,2006-03-10 19:00:00,2006-03-11 09:00:00,15,6.67,7.58,Hs ≥ P95,4.44
75,2136,Bilbao-Vizcaya,Exterior,2006-03-11 11:00:00,2006-03-11 12:00:00,2,4.78,5.03,Hs ≥ P95,4.44
76,2136,Bilbao-Vizcaya,Exterior,2006-03-11 20:00:00,2006-03-11 20:00:00,1,4.68,4.68,Hs ≥ P95,4.44
77,2136,Bilbao-Vizcaya,Exterior,2006-05-21 02:00:00,2006-05-21 02:00:00,1,4.8,4.8,Hs ≥ P95,4.44
78,2136,Bilbao-Vizcaya,Exterior,2006-05-22 02:00:00,2006-05-22 16:00:00,15,5.73,7.5,Hs ≥ P95,4.44
79,2136,Bilbao-Vizcaya,Exterior,2006-09-14 15:00:00,2006-09-14 19:00:00,5,4.86,5.21,Hs ≥ P95,4.44
80,2136,Bilbao-Vizcaya,Exterior,2006-09-14 21:00:00,2006-09-14 23:00:00,3,4.82,5.02,Hs ≥ P95,4.44
81,2136,Bilbao-Vizcaya,Exterior,2006-10-24 00:00:00,2006-10-24 04:00:00,5,4.83,5.47,Hs ≥ P95,4.44
82,2136,Bilbao-Vizcaya,Exterior,2006-11-21 08:00:00,2006-11-21 08:00:00,1,4.45,4.45,Hs ≥ P95,4.44
83,2136,Bilbao-Vizcaya,Exterior,2006-11-21 10:00:00,2006-11-21 12:00:00,3,4.69,4.9,Hs ≥ P95,4.44
84,2136,Bilbao-Vizcaya,Exterior,2006-11-21 14:00:00,2006-11-22 00:00:00,11,5.08,5.4,Hs ≥ P95,4.44
85,2136,Bilbao-Vizcaya,Exterior,2006-11-22 02:00:00,2006-11-22 04:00:00,3,4.61,4.66,Hs ≥ P95,4.44
86,2136,Bilbao-Vizcaya,Exterior,2006-11-27 15:00:00,2006-11-27 15:00:00,1,4.56,4.56,Hs ≥ P95,4.44
87,2136,Bilbao-Vizcaya,Exterior,2006-11-27 17:00:00,2006-11-28 09:00:00,17,5.25,5.94,Hs ≥ P95,4.44
88,2136,Bilbao-Vizcaya,Exterior,2006-11-28 11:00:00,2006-11-28 11:00:00,1,4.52,4.52,Hs ≥ P95,4.44
89,2136,Bilbao-Vizcaya,Exterior,2006-11-28 20:00:00,2006-11-28 21:00:00,2,4.86,5.05,Hs ≥ P95,4.44
90,2136,Bilbao-Vizcaya,Exterior,2006-11-29 13:00:00,2006-11-29 13:00:00,1,4.92,4.92,Hs ≥ P95,4.44
91,2136,Bilbao-Vizcaya,Exterior,2006-11-29 17:00:00,2006-11-29 17:00:00,1,4.6,4.6,Hs ≥ P95,4.44
92,2136,Bilbao-Vizcaya,Exterior,2006-12-03 20:00:00,2006-12-04 20:00:00,25,5.34,6.71,Hs ≥ P95,4.44
93,2136,Bilbao-Vizcaya,Exterior,2006-12-04 22:00:00,2006-12-04 22:00:00,1,4.52,4.52,Hs ≥ P95,4.44
94,2136,Bilbao-Vizcaya,Exterior,2006-12-05 15:00:00,2006-12-05 23:00:00,9,4.83,5.16,Hs ≥ P95,4.44
95,2136,Bilbao-Vizcaya,Exterior,2006-12-06 04:00:00,2006-12-06 14:00:00,11,5.23,6.05,Hs ≥ P95,4.44
96,2136,Bilbao-Vizcaya,Exterior,2006-12-06 17:00:00,2006-12-06 17:00:00,1,4.54,4.54,Hs ≥ P95,4.44
97,2136,Bilbao-Vizcaya,Exterior,2006-12-06 19:00:00,2006-12-06 19:00:00,1,4.46,4.46,Hs ≥ P95,4.44
98,2136,Bilbao-Vizcaya,Exterior,2006-12-08 01:00:00,2006-12-09 13:00:00,37,6.44,7.97,Hs ≥ P95,4.44
99,2136,Bilbao-Vizcaya,Exterior,2006-12-09 15:00:00,2006-12-09 21:00:00,7,4.97,5.25,Hs ≥ P95,4.44
100,2136,Bilbao-Vizcaya,Exterior,2006-12-12 02:00:00,2006-12-12 02:00:00,1,4.5,4.5,Hs ≥ P95,4.44
101,2136,Bilbao-Vizcaya,Exterior,2006-12-13 03:00:00,2006-12-13 03:00:00,1,4.56,4.56,Hs ≥ P95,4.44
102,2136,Bilbao-Vizcaya,Exterior,2006-12-13 05:00:00,2006-12-13 05:00:00,1,4.46,4.46,Hs ≥ P95,4.44
103,2136,Bilbao-Vizcaya,Exterior,2007-01-01 20:00:00,2007-01-01 22:00:00,3,4.71,4.87,Hs ≥ P95,4.44
104,2136,Bilbao-Vizcaya,Exterior,2007-01-02 01:00:00,2007-01-02 03:00:00,3,4.6,4.68,Hs ≥ P95,4.44
105,2136,Bilbao-Vizcaya,Exterior,2007-01-08 08:00:00,2007-01-08 08:00:00,1,4.86,4.86,Hs ≥ P95,4.44
106,2136,Bilbao-Vizcaya,Exterior,2007-01-08 10:00:00,2007-01-08 10:00:00,1,4.52,4.52,Hs ≥ P95,4.44
107,2136,Bilbao-Vizcaya,Exterior,2007-01-08 19:00:00,2007-01-08 19:00:00,1,4.51,4.51,Hs ≥ P95,4.44
108,2136,Bilbao-Vizcaya,Exterior,2007-01-10 06:00:00,2007-01-10 06:00:00,1,4.51,4.51,Hs ≥ P95,4.44
109,2136,Bilbao-Vizcaya,Exterior,2007-01-10 18:00:00,2007-01-10 19:00:00,2,4.49,4.5,Hs ≥ P95,4.44
110,2136,Bilbao-Vizcaya,Exterior,2007-01-10 22:00:00,2007-01-10 23:00:00,2,4.66,4.82,Hs ≥ P95,4.44
111,2136,Bilbao-Vizcaya,Exterior,2007-01-12 20:00:00,2007-01-12 23:00:00,4,4.66,4.83,Hs ≥ P95,4.44
112,2136,Bilbao-Vizcaya,Exterior,2007-01-13 01:00:00,2007-01-13 01:00:00,1,4.68,4.68,Hs ≥ P95,4.44
113,2136,Bilbao-Vizcaya,Exterior,2007-01-18 16:00:00,2007-01-18 18:00:00,3,4.68,4.81,Hs ≥ P95,4.44
114,2136,Bilbao-Vizcaya,Exterior,2007-01-18 20:00:00,2007-01-19 00:00:00,5,4.62,4.78,Hs ≥ P95,4.44
115,2136,Bilbao-Vizcaya,Exterior,2007-01-19 02:00:00,2007-01-19 07:00:00,6,4.86,5.34,Hs ≥ P95,4.44
116,2136,Bilbao-Vizcaya,Exterior,2007-01-19 09:00:00,2007-01-19 12:00:00,4,4.71,5.08,Hs ≥ P95,4.44
117,2136,Bilbao-Vizcaya,Exterior,2007-01-21 11:00:00,2007-01-21 12:00:00,2,4.82,5.15,Hs ≥ P95,4.44
118,2136,Bilbao-Vizcaya,Exterior,2007-01-21 16:00:00,2007-01-22 00:00:00,9,5.1,5.55,Hs ≥ P95,4.44
119,2136,Bilbao-Vizcaya,Exterior,2007-01-22 02:00:00,2007-01-22 02:00:00,1,4.46,4.46,Hs ≥ P95,4.44
120,2136,Bilbao-Vizcaya,Exterior,2007-01-22 06:00:00,2007-01-22 06:00:00,1,4.47,4.47,Hs ≥ P95,4.44
121,2136,Bilbao-Vizcaya,Exterior,2007-01-22 08:00:00,2007-01-22 08:00:00,1,4.48,4.48,Hs ≥ P95,4.44
122,2136,Bilbao-Vizcaya,Exterior,2007-01-25 06:00:00,2007-01-25 10:00:00,5,5.13,5.79,Hs ≥ P95,4.44
123,2136,Bilbao-Vizcaya,Exterior,2007-02-07 06:00:00,2007-02-07 13:00:00,8,5.39,6.09,Hs ≥ P95,4.44
124,2136,Bilbao-Vizcaya,Exterior,2007-02-09 06:00:00,2007-02-09 22:00:00,17,5.87,7.2,Hs ≥ P95,4.44
125,2136,Bilbao-Vizcaya,Exterior,2007-02-10 00:00:00,2007-02-10 00:00:00,1,4.44,4.44,Hs ≥ P95,4.44
126,2136,Bilbao-Vizcaya,Exterior,2007-02-10 04:00:00,2007-02-10 14:00:00,11,5.08,5.79,Hs ≥ P95,4.44
127,2136,Bilbao-Vizcaya,Exterior,2007-02-10 17:00:00,2007-02-11 16:00:00,24,6.35,9.67,Hs ≥ P95,4.44
128,2136,Bilbao-Vizcaya,Exterior,2007-02-11 18:00:00,2007-02-13 06:00:00,37,6.51,10.34,Hs ≥ P95,4.44
129,2136,Bilbao-Vizcaya,Exterior,2007-02-13 12:00:00,2007-02-13 12:00:00,1,4.48,4.48,Hs ≥ P95,4.44
130,2136,Bilbao-Vizcaya,Exterior,2007-02-14 12:00:00,2007-02-14 15:00:00,4,4.75,5.06,Hs ≥ P95,4.44
131,2136,Bilbao-Vizcaya,Exterior,2007-02-17 20:00:00,2007-02-18 01:00:00,6,4.91,5.28,Hs ≥ P95,4.44
132,2136,Bilbao-Vizcaya,Exterior,2007-02-23 06:00:00,2007-02-24 14:00:00,33,5.11,5.78,Hs ≥ P95,4.44
133,2136,Bilbao-Vizcaya,Exterior,2007-02-24 16:00:00,2007-02-24 18:00:00,3,4.75,4.92,Hs ≥ P95,4.44
134,2136,Bilbao-Vizcaya,Exterior,2007-02-24 20:00:00,2007-02-24 21:00:00,2,4.69,4.83,Hs ≥ P95,4.44
135,2136,Bilbao-Vizcaya,Exterior,2007-02-25 00:00:00,2007-02-25 00:00:00,1,4.56,4.56,Hs ≥ P95,4.44
136,2136,Bilbao-Vizcaya,Exterior,2007-02-25 09:00:00,2007-02-25 09:00:00,1,4.64,4.64,Hs ≥ P95,4.44
137,2136,Bilbao-Vizcaya,Exterior,2007-02-25 12:00:00,2007-02-25 13:00:00,2,4.51,4.51,Hs ≥ P95,4.44
138,2136,Bilbao-Vizcaya,Exterior,2007-02-25 15:00:00,2007-02-25 15:00:00,1,4.48,4.48,Hs ≥ P95,4.44
139,2136,Bilbao-Vizcaya,Exterior,2007-02-25 17:00:00,2007-02-26 03:00:00,11,4.92,5.41,Hs ≥ P95,4.44
140,2136,Bilbao-Vizcaya,Exterior,2007-02-26 05:00:00,2007-02-26 05:00:00,1,4.51,4.51,Hs ≥ P95,4.44
141,2136,Bilbao-Vizcaya,Exterior,2007-03-01 11:00:00,2007-03-01 11:00:00,1,4.47,4.47,Hs ≥ P95,4.44
142,2136,Bilbao-Vizcaya,Exterior,2007-03-01 14:00:00,2007-03-01 14:00:00,1,4.66,4.66,Hs ≥ P95,4.44
143,2136,Bilbao-Vizcaya,Exterior,2007-03-01 16:00:00,2007-03-01 18:00:00,3,4.94,5.23,Hs ≥ P95,4.44
144,2136,Bilbao-Vizcaya,Exterior,2007-03-01 20:00:00,2007-03-01 22:00:00,3,4.78,4.87,Hs ≥ P95,4.44
145,2136,Bilbao-Vizcaya,Exterior,2007-03-02 03:00:00,2007-03-02 03:00:00,1,4.52,4.52,Hs ≥ P95,4.44
146,2136,Bilbao-Vizcaya,Exterior,2007-03-05 14:00:00,2007-03-05 22:00:00,9,5.0,5.81,Hs ≥ P95,4.44
147,2136,Bilbao-Vizcaya,Exterior,2007-03-06 02:00:00,2007-03-06 02:00:00,1,4.53,4.53,Hs ≥ P95,4.44
148,2136,Bilbao-Vizcaya,Exterior,2007-03-06 11:00:00,2007-03-06 12:00:00,2,4.72,4.92,Hs ≥ P95,4.44
149,2136,Bilbao-Vizcaya,Exterior,2007-03-06 15:00:00,2007-03-07 04:00:00,14,4.98,5.3,Hs ≥ P95,4.44
150,2136,Bilbao-Vizcaya,Exterior,2007-03-07 11:00:00,2007-03-08 17:00:00,31,7.38,11.27,Hs ≥ P95,4.44
151,2136,Bilbao-Vizcaya,Exterior,2007-03-10 13:00:00,2007-03-10 14:00:00,2,4.46,4.48,Hs ≥ P95,4.44
152,2136,Bilbao-Vizcaya,Exterior,2007-03-19 04:00:00,2007-03-21 09:00:00,54,6.09,7.97,Hs ≥ P95,4.44
153,2136,Bilbao-Vizcaya,Exterior,2007-03-21 11:00:00,2007-03-21 11:00:00,1,4.58,4.58,Hs ≥ P95,4.44
154,2136,Bilbao-Vizcaya,Exterior,2007-05-13 20:00:00,2007-05-13 22:00:00,3,4.76,4.92,Hs ≥ P95,4.44
155,2136,Bilbao-Vizcaya,Exterior,2007-05-20 00:00:00,2007-05-20 02:00:00,3,4.92,5.54,Hs ≥ P95,4.44
156,2136,Bilbao-Vizcaya,Exterior,2007-05-20 05:00:00,2007-05-20 06:00:00,2,4.62,4.7,Hs ≥ P95,4.44
157,2136,Bilbao-Vizcaya,Exterior,2007-05-20 08:00:00,2007-05-20 09:00:00,2,4.61,4.76,Hs ≥ P95,4.44
158,2136,Bilbao-Vizcaya,Exterior,2007-05-27 20:00:00,2007-05-28 15:00:00,20,5.27,6.11,Hs ≥ P95,4.44
159,2136,Bilbao-Vizcaya,Exterior,2007-07-23 22:00:00,2007-07-24 00:00:00,3,4.63,4.71,Hs ≥ P95,4.44
160,2136,Bilbao-Vizcaya,Exterior,2007-08-15 20:00:00,2007-08-16 00:00:00,5,4.94,5.07,Hs ≥ P95,4.44
161,2136,Bilbao-Vizcaya,Exterior,2007-08-16 02:00:00,2007-08-16 02:00:00,1,4.44,4.44,Hs ≥ P95,4.44
162,2136,Bilbao-Vizcaya,Exterior,2007-08-19 11:00:00,2007-08-19 11:00:00,1,4.46,4.46,Hs ≥ P95,4.44
163,2136,Bilbao-Vizcaya,Exterior,2007-08-20 21:00:00,2007-08-20 21:00:00,1,4.48,4.48,Hs ≥ P95,4.44
164,2136,Bilbao-Vizcaya,Exterior,2007-08-21 02:00:00,2007-08-21 02:00:00,1,4.65,4.65,Hs ≥ P95,4.44
165,2136,Bilbao-Vizcaya,Exterior,2007-08-21 04:00:00,2007-08-21 08:00:00,5,4.8,5.04,Hs ≥ P95,4.44
166,2136,Bilbao-Vizcaya,Exterior,2007-12-01 18:00:00,2007-12-01 19:00:00,2,4.92,4.98,Hs ≥ P95,4.44
167,2136,Bilbao-Vizcaya,Exterior,2007-12-01 21:00:00,2007-12-04 07:00:00,59,5.66,6.59,Hs ≥ P95,4.44
168,2136,Bilbao-Vizcaya,Exterior,2007-12-06 06:00:00,2007-12-06 06:00:00,1,4.66,4.66,Hs ≥ P95,4.44
169,2136,Bilbao-Vizcaya,Exterior,2007-12-06 09:00:00,2007-12-06 09:00:00,1,4.47,4.47,Hs ≥ P95,4.44
170,2136,Bilbao-Vizcaya,Exterior,2007-12-06 15:00:00,2007-12-06 15:00:00,1,4.53,4.53,Hs ≥ P95,4.44
171,2136,Bilbao-Vizcaya,Exterior,2007-12-06 19:00:00,2007-12-06 19:00:00,1,4.51,4.51,Hs ≥ P95,4.44
172,2136,Bilbao-Vizcaya,Exterior,2007-12-06 21:00:00,2007-12-06 21:00:00,1,4.46,4.46,Hs ≥ P95,4.44
173,2136,Bilbao-Vizcaya,Exterior,2007-12-06 23:00:00,2007-12-06 23:00:00,1,4.56,4.56,Hs ≥ P95,4.44
174,2136,Bilbao-Vizcaya,Exterior,2007-12-09 03:00:00,2007-12-11 01:00:00,47,7.52,11.64,Hs ≥ P95,4.44
175,2136,Bilbao-Vizcaya,Exterior,2007-12-11 03:00:00,2007-12-11 04:00:00,2,4.61,4.72,Hs ≥ P95,4.44
176,2136,Bilbao-Vizcaya,Exterior,2007-12-30 09:00:00,2007-12-30 09:00:00,1,4.49,4.49,Hs ≥ P95,4.44
177,2136,Bilbao-Vizcaya,Exterior,2008-01-04 04:00:00,2008-01-04 20:00:00,17,5.2,6.18,Hs ≥ P95,4.44
178,2136,Bilbao-Vizcaya,Exterior,2008-02-01 04:00:00,2008-02-01 15:00:00,12,4.93,5.19,Hs ≥ P95,4.44
179,2136,Bilbao-Vizcaya,Exterior,2008-02-01 17:00:00,2008-02-01 17:00:00,1,4.63,4.63,Hs ≥ P95,4.44
180,2136,Bilbao-Vizcaya,Exterior,2008-02-04 05:00:00,2008-02-04 12:00:00,8,4.91,5.46,Hs ≥ P95,4.44
181,2136,Bilbao-Vizcaya,Exterior,2008-02-04 21:00:00,2008-02-04 21:00:00,1,4.48,4.48,Hs ≥ P95,4.44
182,2136,Bilbao-Vizcaya,Exterior,2008-02-05 14:00:00,2008-02-05 14:00:00,1,4.61,4.61,Hs ≥ P95,4.44
183,2136,Bilbao-Vizcaya,Exterior,2008-02-05 20:00:00,2008-02-05 20:00:00,1,4.61,4.61,Hs ≥ P95,4.44
184,2136,Bilbao-Vizcaya,Exterior,2008-03-04 05:00:00,2008-03-05 06:00:00,26,6.67,8.61,Hs ≥ P95,4.44
185,2136,Bilbao-Vizcaya,Exterior,2008-03-05 08:00:00,2008-03-05 11:00:00,4,4.66,4.72,Hs ≥ P95,4.44
186,2136,Bilbao-Vizcaya,Exterior,2008-03-08 17:00:00,2008-03-08 17:00:00,1,5.08,5.08,Hs ≥ P95,4.44
187,2136,Bilbao-Vizcaya,Exterior,2008-03-09 13:00:00,2008-03-10 02:00:00,14,4.66,5.28,Hs ≥ P95,4.44
188,2136,Bilbao-Vizcaya,Exterior,2008-03-10 05:00:00,2008-03-10 05:00:00,1,4.46,4.46,Hs ≥ P95,4.44
189,2136,Bilbao-Vizcaya,Exterior,2008-03-10 09:00:00,2008-03-10 09:00:00,1,4.49,4.49,Hs ≥ P95,4.44
190,2136,Bilbao-Vizcaya,Exterior,2008-03-10 11:00:00,2008-03-12 12:00:00,50,7.24,11.55,Hs ≥ P95,4.44
191,2136,Bilbao-Vizcaya,Exterior,2008-03-12 14:00:00,2008-03-13 08:00:00,19,4.98,5.33,Hs ≥ P95,4.44
192,2136,Bilbao-Vizcaya,Exterior,2008-03-16 05:00:00,2008-03-16 17:00:00,13,4.8,5.16,Hs ≥ P95,4.44
193,2136,Bilbao-Vizcaya,Exterior,2008-03-21 15:00:00,2008-03-21 15:00:00,1,4.52,4.52,Hs ≥ P95,4.44
194,2136,Bilbao-Vizcaya,Exterior,2008-03-21 17:00:00,2008-03-22 01:00:00,9,4.84,5.3,Hs ≥ P95,4.44
195,2136,Bilbao-Vizcaya,Exterior,2008-03-22 04:00:00,2008-03-22 04:00:00,1,4.44,4.44,Hs ≥ P95,4.44
196,2136,Bilbao-Vizcaya,Exterior,2008-03-23 23:00:00,2008-03-24 00:00:00,2,4.58,4.61,Hs ≥ P95,4.44
197,2136,Bilbao-Vizcaya,Exterior,2008-03-24 02:00:00,2008-03-24 03:00:00,2,4.72,4.77,Hs ≥ P95,4.44
198,2136,Bilbao-Vizcaya,Exterior,2008-03-24 05:00:00,2008-03-24 05:00:00,1,4.62,4.62,Hs ≥ P95,4.44
199,2136,Bilbao-Vizcaya,Exterior,2008-03-26 19:00:00,2008-03-26 19:00:00,1,4.68,4.68,Hs ≥ P95,4.44
200,2136,Bilbao-Vizcaya,Exterior,2008-03-26 21:00:00,2008-03-26 21:00:00,1,4.48,4.48,Hs ≥ P95,4.44
201,2136,Bilbao-Vizcaya,Exterior,2008-03-27 01:00:00,2008-03-27 01:00:00,1,4.53,4.53,Hs ≥ P95,4.44
202,2136,Bilbao-Vizcaya,Exterior,2008-03-27 12:00:00,2008-03-27 20:00:00,9,4.83,5.11,Hs ≥ P95,4.44
203,2136,Bilbao-Vizcaya,Exterior,2008-03-27 23:00:00,2008-03-27 23:00:00,1,4.45,4.45,Hs ≥ P95,4.44
204,2136,Bilbao-Vizcaya,Exterior,2008-03-30 09:00:00,2008-03-30 13:00:00,5,4.87,4.99,Hs ≥ P95,4.44
205,2136,Bilbao-Vizcaya,Exterior,2008-03-30 15:00:00,2008-03-30 21:00:00,7,5.0,5.42,Hs ≥ P95,4.44
206,2136,Bilbao-Vizcaya,Exterior,2008-03-30 23:00:00,2008-03-31 18:00:00,20,4.8,5.36,Hs ≥ P95,4.44
207,2136,Bilbao-Vizcaya,Exterior,2008-04-12 00:00:00,2008-04-12 00:00:00,1,4.84,4.84,Hs ≥ P95,4.44
208,2136,Bilbao-Vizcaya,Exterior,2008-04-29 22:00:00,2008-04-30 15:00:00,18,5.41,6.18,Hs ≥ P95,4.44
209,2136,Bilbao-Vizcaya,Exterior,2008-08-13 16:00:00,2008-08-13 16:00:00,1,4.49,4.49,Hs ≥ P95,4.44
210,2136,Bilbao-Vizcaya,Exterior,2008-08-18 23:00:00,2008-08-19 10:00:00,12,5.28,5.93,Hs ≥ P95,4.44
211,2136,Bilbao-Vizcaya,Exterior,2008-08-19 12:00:00,2008-08-19 12:00:00,1,4.56,4.56,Hs ≥ P95,4.44
212,2136,Bilbao-Vizcaya,Exterior,2008-09-12 04:00:00,2008-09-12 13:00:00,10,4.9,5.21,Hs ≥ P95,4.44
213,2136,Bilbao-Vizcaya,Exterior,2008-10-30 07:00:00,2008-10-30 10:00:00,4,4.86,5.09,Hs ≥ P95,4.44
214,2136,Bilbao-Vizcaya,Exterior,2008-10-30 15:00:00,2008-10-30 21:00:00,7,5.12,5.59,Hs ≥ P95,4.44
215,2136,Bilbao-Vizcaya,Exterior,2008-10-30 23:00:00,2008-10-31 00:00:00,2,4.65,4.67,Hs ≥ P95,4.44
216,2136,Bilbao-Vizcaya,Exterior,2008-11-24 00:00:00,2008-11-24 00:00:00,1,4.88,4.88,Hs ≥ P95,4.44
217,2136,Bilbao-Vizcaya,Exterior,2008-11-24 02:00:00,2008-11-25 15:00:00,38,5.26,5.81,Hs ≥ P95,4.44
218,2136,Bilbao-Vizcaya,Exterior,2008-11-29 16:00:00,2008-11-29 16:00:00,1,4.53,4.53,Hs ≥ P95,4.44
219,2136,Bilbao-Vizcaya,Exterior,2008-11-29 18:00:00,2008-11-30 23:00:00,30,6.43,7.62,Hs ≥ P95,4.44
220,2136,Bilbao-Vizcaya,Exterior,2008-12-03 09:00:00,2008-12-03 11:00:00,3,4.84,5.06,Hs ≥ P95,4.44
221,2136,Bilbao-Vizcaya,Exterior,2008-12-03 15:00:00,2008-12-04 04:00:00,14,4.87,5.47,Hs ≥ P95,4.44
222,2136,Bilbao-Vizcaya,Exterior,2008-12-04 16:00:00,2008-12-06 14:00:00,47,5.82,7.47,Hs ≥ P95,4.44
223,2136,Bilbao-Vizcaya,Exterior,2008-12-13 21:00:00,2008-12-13 21:00:00,1,4.68,4.68,Hs ≥ P95,4.44
224,2136,Bilbao-Vizcaya,Exterior,2008-12-13 23:00:00,2008-12-15 19:00:00,45,5.24,6.83,Hs ≥ P95,4.44
225,2136,Bilbao-Vizcaya,Exterior,2008-12-18 12:00:00,2008-12-18 12:00:00,1,4.46,4.46,Hs ≥ P95,4.44
226,2136,Bilbao-Vizcaya,Exterior,2009-01-12 21:00:00,2009-01-13 01:00:00,5,4.76,4.91,Hs ≥ P95,4.44
227,2136,Bilbao-Vizcaya,Exterior,2009-01-13 03:00:00,2009-01-13 06:00:00,4,4.63,4.93,Hs ≥ P95,4.44
228,2136,Bilbao-Vizcaya,Exterior,2009-01-16 02:00:00,2009-01-16 12:00:00,11,5.24,6.16,Hs ≥ P95,4.44
229,2136,Bilbao-Vizcaya,Exterior,2009-01-16 14:00:00,2009-01-16 15:00:00,2,4.78,4.83,Hs ≥ P95,4.44
230,2136,Bilbao-Vizcaya,Exterior,2009-01-18 00:00:00,2009-01-22 04:00:00,101,6.76,8.68,Hs ≥ P95,4.44
231,2136,Bilbao-Vizcaya,Exterior,2009-01-22 16:00:00,2009-01-22 16:00:00,1,4.54,4.54,Hs ≥ P95,4.44
232,2136,Bilbao-Vizcaya,Exterior,2009-01-23 04:00:00,2009-01-23 04:00:00,1,4.51,4.51,Hs ≥ P95,4.44
233,2136,Bilbao-Vizcaya,Exterior,2009-01-23 07:00:00,2009-01-24 08:00:00,26,6.46,13.72,Hs ≥ P95,4.44
234,2136,Bilbao-Vizcaya,Exterior,2009-04-28 18:00:00,2009-04-28 18:00:00,1,4.75,4.75,Hs ≥ P95,4.44
235,2136,Bilbao-Vizcaya,Exterior,2009-04-28 22:00:00,2009-04-28 22:00:00,1,4.49,4.49,Hs ≥ P95,4.44
236,2136,Bilbao-Vizcaya,Exterior,2009-10-21 07:00:00,2009-10-21 12:00:00,6,4.86,5.23,Hs ≥ P95,4.44
237,2136,Bilbao-Vizcaya,Exterior,2009-10-21 14:00:00,2009-10-21 16:00:00,3,4.54,4.6,Hs ≥ P95,4.44
238,2136,Bilbao-Vizcaya,Exterior,2009-10-21 20:00:00,2009-10-21 20:00:00,1,4.6,4.6,Hs ≥ P95,4.44
239,2136,Bilbao-Vizcaya,Exterior,2009-10-21 22:00:00,2009-10-21 22:00:00,1,4.66,4.66,Hs ≥ P95,4.44
240,2136,Bilbao-Vizcaya,Exterior,2009-10-22 11:00:00,2009-10-22 11:00:00,1,4.44,4.44,Hs ≥ P95,4.44
241,2136,Bilbao-Vizcaya,Exterior,2009-10-22 14:00:00,2009-10-22 15:00:00,2,4.71,4.86,Hs ≥ P95,4.44
242,2136,Bilbao-Vizcaya,Exterior,2009-10-22 17:00:00,2009-10-22 17:00:00,1,4.47,4.47,Hs ≥ P95,4.44
243,2136,Bilbao-Vizcaya,Exterior,2009-11-02 07:00:00,2009-11-06 09:00:00,99,6.03,8.06,Hs ≥ P95,4.44
244,2136,Bilbao-Vizcaya,Exterior,2009-11-06 11:00:00,2009-11-06 11:00:00,1,4.56,4.56,Hs ≥ P95,4.44
245,2136,Bilbao-Vizcaya,Exterior,2009-11-07 06:00:00,2009-11-09 12:00:00,55,6.82,9.75,Hs ≥ P95,4.44
246,2136,Bilbao-Vizcaya,Exterior,2009-11-14 16:00:00,2009-11-14 16:00:00,1,4.78,4.78,Hs ≥ P95,4.44
247,2136,Bilbao-Vizcaya,Exterior,2009-11-14 18:00:00,2009-11-14 18:00:00,1,4.49,4.49,Hs ≥ P95,4.44
248,2136,Bilbao-Vizcaya,Exterior,2009-11-20 06:00:00,2009-11-20 06:00:00,1,4.54,4.54,Hs ≥ P95,4.44
249,2136,Bilbao-Vizcaya,Exterior,2009-11-22 18:00:00,2009-11-24 05:00:00,36,5.86,7.81,Hs ≥ P95,4.44
250,2136,Bilbao-Vizcaya,Exterior,2009-11-24 07:00:00,2009-11-24 08:00:00,2,4.81,4.84,Hs ≥ P95,4.44
251,2136,Bilbao-Vizcaya,Exterior,2009-11-26 20:00:00,2009-11-26 20:00:00,1,4.44,4.44,Hs ≥ P95,4.44
252,2136,Bilbao-Vizcaya,Exterior,2009-11-26 22:00:00,2009-11-26 22:00:00,1,4.53,4.53,Hs ≥ P95,4.44
253,2136,Bilbao-Vizcaya,Exterior,2009-11-29 03:00:00,2009-11-29 03:00:00,1,4.72,4.72,Hs ≥ P95,4.44
254,2136,Bilbao-Vizcaya,Exterior,2009-11-29 06:00:00,2009-11-29 06:00:00,1,4.54,4.54,Hs ≥ P95,4.44
255,2136,Bilbao-Vizcaya,Exterior,2009-11-29 13:00:00,2009-11-29 13:00:00,1,4.78,4.78,Hs ≥ P95,4.44
256,2136,Bilbao-Vizcaya,Exterior,2009-11-29 15:00:00,2009-11-29 15:00:00,1,4.49,4.49,Hs ≥ P95,4.44
257,2136,Bilbao-Vizcaya,Exterior,2009-11-29 19:00:00,2009-11-29 20:00:00,2,4.54,4.58,Hs ≥ P95,4.44
258,2136,Bilbao-Vizcaya,Exterior,2009-11-30 01:00:00,2009-11-30 23:00:00,23,4.74,5.23,Hs ≥ P95,4.44
259,2136,Bilbao-Vizcaya,Exterior,2009-12-01 01:00:00,2009-12-01 01:00:00,1,4.67,4.67,Hs ≥ P95,4.44
260,2136,Bilbao-Vizcaya,Exterior,2009-12-03 05:00:00,2009-12-03 20:00:00,16,5.14,5.99,Hs ≥ P95,4.44
261,2136,Bilbao-Vizcaya,Exterior,2009-12-04 01:00:00,2009-12-04 01:00:00,1,4.56,4.56,Hs ≥ P95,4.44
262,2136,Bilbao-Vizcaya,Exterior,2009-12-04 03:00:00,2009-12-04 08:00:00,6,4.81,5.27,Hs ≥ P95,4.44
263,2136,Bilbao-Vizcaya,Exterior,2009-12-06 17:00:00,2009-12-06 18:00:00,2,4.72,4.94,Hs ≥ P95,4.44
264,2136,Bilbao-Vizcaya,Exterior,2009-12-08 00:00:00,2009-12-08 02:00:00,3,4.66,4.72,Hs ≥ P95,4.44
265,2136,Bilbao-Vizcaya,Exterior,2009-12-09 13:00:00,2009-12-10 02:00:00,14,5.08,5.58,Hs ≥ P95,4.44
266,2136,Bilbao-Vizcaya,Exterior,2010-01-30 01:00:00,2010-01-30 01:00:00,1,4.44,4.44,Hs ≥ P95,4.44
267,2136,Bilbao-Vizcaya,Exterior,2010-02-05 18:00:00,2010-02-06 22:00:00,29,5.94,8.04,Hs ≥ P95,4.44
268,2136,Bilbao-Vizcaya,Exterior,2010-02-24 14:00:00,2010-02-24 23:00:00,10,4.93,5.37,Hs ≥ P95,4.44
269,2136,Bilbao-Vizcaya,Exterior,2010-02-28 02:00:00,2010-02-28 09:00:00,8,4.85,5.71,Hs ≥ P95,4.44
270,2136,Bilbao-Vizcaya,Exterior,2010-03-26 16:00:00,2010-03-26 18:00:00,3,4.68,4.81,Hs ≥ P95,4.44
271,2136,Bilbao-Vizcaya,Exterior,2010-03-26 22:00:00,2010-03-27 17:00:00,20,5.47,6.73,Hs ≥ P95,4.44
272,2136,Bilbao-Vizcaya,Exterior,2010-03-30 08:00:00,2010-03-30 17:00:00,10,5.61,6.73,Hs ≥ P95,4.44
273,2136,Bilbao-Vizcaya,Exterior,2010-03-30 21:00:00,2010-03-31 00:00:00,4,4.56,4.66,Hs ≥ P95,4.44
274,2136,Bilbao-Vizcaya,Exterior,2010-03-31 03:00:00,2010-03-31 03:00:00,1,4.52,4.52,Hs ≥ P95,4.44
275,2136,Bilbao-Vizcaya,Exterior,2010-04-03 13:00:00,2010-04-04 04:00:00,16,4.99,5.84,Hs ≥ P95,4.44
276,2136,Bilbao-Vizcaya,Exterior,2010-04-04 06:00:00,2010-04-04 13:00:00,8,4.72,5.0,Hs ≥ P95,4.44
277,2136,Bilbao-Vizcaya,Exterior,2010-10-04 03:00:00,2010-10-04 19:00:00,17,5.6,7.21,Hs ≥ P95,4.44
278,2136,Bilbao-Vizcaya,Exterior,2010-10-06 02:00:00,2010-10-06 09:00:00,8,5.0,5.25,Hs ≥ P95,4.44
279,2136,Bilbao-Vizcaya,Exterior,2010-10-09 22:00:00,2010-10-09 22:00:00,1,4.62,4.62,Hs ≥ P95,4.44
280,2136,Bilbao-Vizcaya,Exterior,2010-11-01 01:00:00,2010-11-01 16:00:00,16,5.1,5.68,Hs ≥ P95,4.44
281,2136,Bilbao-Vizcaya,Exterior,2010-11-08 12:00:00,2010-11-09 19:00:00,32,7.81,10.12,Hs ≥ P95,4.44
282,2136,Bilbao-Vizcaya,Exterior,2010-11-09 21:00:00,2010-11-10 19:00:00,23,6.36,7.4,Hs ≥ P95,4.44
283,2136,Bilbao-Vizcaya,Exterior,2010-11-12 14:00:00,2010-11-12 23:00:00,10,5.12,6.12,Hs ≥ P95,4.44
284,2136,Bilbao-Vizcaya,Exterior,2010-11-15 12:00:00,2010-11-15 19:00:00,8,5.18,5.49,Hs ≥ P95,4.44
285,2136,Bilbao-Vizcaya,Exterior,2010-11-15 21:00:00,2010-11-15 21:00:00,1,4.48,4.48,Hs ≥ P95,4.44
286,2136,Bilbao-Vizcaya,Exterior,2010-11-18 06:00:00,2010-11-19 00:00:00,19,5.13,6.35,Hs ≥ P95,4.44
287,2136,Bilbao-Vizcaya,Exterior,2011-02-04 23:00:00,2011-02-04 23:00:00,1,4.74,4.74,Hs ≥ P95,4.44
288,2136,Bilbao-Vizcaya,Exterior,2011-02-05 01:00:00,2011-02-05 03:00:00,3,4.66,4.98,Hs ≥ P95,4.44
289,2136,Bilbao-Vizcaya,Exterior,2011-02-05 05:00:00,2011-02-05 07:00:00,3,4.79,5.05,Hs ≥ P95,4.44
290,2136,Bilbao-Vizcaya,Exterior,2011-02-05 10:00:00,2011-02-05 11:00:00,2,5.18,5.22,Hs ≥ P95,4.44
291,2136,Bilbao-Vizcaya,Exterior,2011-02-05 13:00:00,2011-02-05 19:00:00,7,4.94,5.49,Hs ≥ P95,4.44
292,2136,Bilbao-Vizcaya,Exterior,2011-02-05 21:00:00,2011-02-05 22:00:00,2,4.58,4.58,Hs ≥ P95,4.44
293,2136,Bilbao-Vizcaya,Exterior,2011-02-06 02:00:00,2011-02-06 03:00:00,2,4.64,4.73,Hs ≥ P95,4.44
294,2136,Bilbao-Vizcaya,Exterior,2011-02-12 05:00:00,2011-02-13 04:00:00,24,5.41,6.29,Hs ≥ P95,4.44
295,2136,Bilbao-Vizcaya,Exterior,2011-02-13 07:00:00,2011-02-13 07:00:00,1,4.62,4.62,Hs ≥ P95,4.44
296,2136,Bilbao-Vizcaya,Exterior,2011-02-13 14:00:00,2011-02-15 01:00:00,36,5.19,6.28,Hs ≥ P95,4.44
297,2136,Bilbao-Vizcaya,Exterior,2011-02-15 06:00:00,2011-02-15 07:00:00,2,4.86,4.96,Hs ≥ P95,4.44
298,2136,Bilbao-Vizcaya,Exterior,2011-02-15 09:00:00,2011-02-15 12:00:00,4,4.74,5.05,Hs ≥ P95,4.44
299,2136,Bilbao-Vizcaya,Exterior,2011-02-15 18:00:00,2011-02-17 23:00:00,54,5.75,8.92,Hs ≥ P95,4.44
300,2136,Bilbao-Vizcaya,Exterior,2011-02-18 01:00:00,2011-02-18 01:00:00,1,4.71,4.71,Hs ≥ P95,4.44
301,2136,Bilbao-Vizcaya,Exterior,2011-02-21 18:00:00,2011-02-22 06:00:00,13,5.11,5.57,Hs ≥ P95,4.44
302,2136,Bilbao-Vizcaya,Exterior,2011-02-22 09:00:00,2011-02-22 09:00:00,1,4.56,4.56,Hs ≥ P95,4.44
303,2136,Bilbao-Vizcaya,Exterior,2011-02-22 13:00:00,2011-02-22 17:00:00,5,4.53,4.68,Hs ≥ P95,4.44
304,2136,Bilbao-Vizcaya,Exterior,2011-02-26 12:00:00,2011-02-26 12:00:00,1,4.45,4.45,Hs ≥ P95,4.44
305,2136,Bilbao-Vizcaya,Exterior,2011-08-26 18:00:00,2011-08-27 00:00:00,7,4.62,4.7,Hs ≥ P95,4.44
306,2136,Bilbao-Vizcaya,Exterior,2011-09-13 09:00:00,2011-09-13 10:00:00,2,4.57,4.67,Hs ≥ P95,4.44
307,2136,Bilbao-Vizcaya,Exterior,2011-11-05 22:00:00,2011-11-06 01:00:00,4,4.49,4.54,Hs ≥ P95,4.44
308,2136,Bilbao-Vizcaya,Exterior,2011-12-04 00:00:00,2011-12-04 01:00:00,2,4.5,4.54,Hs ≥ P95,4.44
309,2136,Bilbao-Vizcaya,Exterior,2011-12-04 03:00:00,2011-12-04 03:00:00,1,4.44,4.44,Hs ≥ P95,4.44
310,2136,Bilbao-Vizcaya,Exterior,2011-12-04 12:00:00,2011-12-04 13:00:00,2,4.5,4.52,Hs ≥ P95,4.44
311,2136,Bilbao-Vizcaya,Exterior,2011-12-12 10:00:00,2011-12-13 06:00:00,21,5.09,6.06,Hs ≥ P95,4.44
312,2136,Bilbao-Vizcaya,Exterior,2011-12-13 08:00:00,2011-12-13 17:00:00,10,5.12,5.46,Hs ≥ P95,4.44
313,2136,Bilbao-Vizcaya,Exterior,2011-12-13 19:00:00,2011-12-13 19:00:00,1,4.64,4.64,Hs ≥ P95,4.44
314,2136,Bilbao-Vizcaya,Exterior,2011-12-13 21:00:00,2011-12-17 04:00:00,80,6.12,7.65,Hs ≥ P95,4.44
315,2136,Bilbao-Vizcaya,Exterior,2011-12-17 06:00:00,2011-12-17 22:00:00,17,5.18,6.05,Hs ≥ P95,4.44
316,2136,Bilbao-Vizcaya,Exterior,2011-12-29 15:00:00,2011-12-29 18:00:00,4,4.68,4.73,Hs ≥ P95,4.44
317,2136,Bilbao-Vizcaya,Exterior,2012-01-02 09:00:00,2012-01-04 08:00:00,48,5.21,6.03,Hs ≥ P95,4.44
318,2136,Bilbao-Vizcaya,Exterior,2012-01-04 12:00:00,2012-01-04 12:00:00,1,4.47,4.47,Hs ≥ P95,4.44
319,2136,Bilbao-Vizcaya,Exterior,2012-01-04 15:00:00,2012-01-04 15:00:00,1,4.6,4.6,Hs ≥ P95,4.44
320,2136,Bilbao-Vizcaya,Exterior,2012-01-05 00:00:00,2012-01-05 01:00:00,2,4.5,4.56,Hs ≥ P95,4.44
321,2136,Bilbao-Vizcaya,Exterior,2012-01-05 03:00:00,2012-01-06 06:00:00,28,5.08,5.74,Hs ≥ P95,4.44
322,2136,Bilbao-Vizcaya,Exterior,2012-01-27 03:00:00,2012-01-27 04:00:00,2,4.65,4.77,Hs ≥ P95,4.44
323,2136,Bilbao-Vizcaya,Exterior,2012-01-27 06:00:00,2012-01-27 09:00:00,4,4.76,4.89,Hs ≥ P95,4.44
324,2136,Bilbao-Vizcaya,Exterior,2012-02-05 12:00:00,2012-02-05 17:00:00,6,4.62,4.75,Hs ≥ P95,4.44
325,2136,Bilbao-Vizcaya,Exterior,2012-03-08 19:00:00,2012-03-09 05:00:00,11,4.99,5.51,Hs ≥ P95,4.44
326,2136,Bilbao-Vizcaya,Exterior,2012-03-09 07:00:00,2012-03-09 08:00:00,2,4.58,4.69,Hs ≥ P95,4.44
327,2136,Bilbao-Vizcaya,Exterior,2012-04-18 09:00:00,2012-04-19 12:00:00,28,5.55,6.71,Hs ≥ P95,4.44
328,2136,Bilbao-Vizcaya,Exterior,2012-04-19 14:00:00,2012-04-19 14:00:00,1,4.51,4.51,Hs ≥ P95,4.44
329,2136,Bilbao-Vizcaya,Exterior,2012-04-19 16:00:00,2012-04-19 17:00:00,2,4.45,4.45,Hs ≥ P95,4.44
330,2136,Bilbao-Vizcaya,Exterior,2012-04-23 17:00:00,2012-04-24 14:00:00,22,6.04,7.36,Hs ≥ P95,4.44
331,2136,Bilbao-Vizcaya,Exterior,2012-04-24 16:00:00,2012-04-24 16:00:00,1,4.54,4.54,Hs ≥ P95,4.44
332,2136,Bilbao-Vizcaya,Exterior,2012-04-25 18:00:00,2012-04-26 05:00:00,12,5.56,7.15,Hs ≥ P95,4.44
333,2136,Bilbao-Vizcaya,Exterior,2012-04-26 08:00:00,2012-04-26 08:00:00,1,4.86,4.86,Hs ≥ P95,4.44
334,2136,Bilbao-Vizcaya,Exterior,2012-09-24 04:00:00,2012-09-24 10:00:00,7,4.92,5.36,Hs ≥ P95,4.44
335,2136,Bilbao-Vizcaya,Exterior,2012-09-24 16:00:00,2012-09-24 16:00:00,1,4.53,4.53,Hs ≥ P95,4.44
336,2136,Bilbao-Vizcaya,Exterior,2012-10-17 19:00:00,2012-10-17 23:00:00,5,4.81,5.0,Hs ≥ P95,4.44
337,2136,Bilbao-Vizcaya,Exterior,2012-10-18 01:00:00,2012-10-18 02:00:00,2,4.5,4.52,Hs ≥ P95,4.44
338,2136,Bilbao-Vizcaya,Exterior,2012-10-18 04:00:00,2012-10-18 04:00:00,1,4.66,4.66,Hs ≥ P95,4.44
339,2136,Bilbao-Vizcaya,Exterior,2012-10-18 06:00:00,2012-10-18 08:00:00,3,4.75,4.87,Hs ≥ P95,4.44
340,2136,Bilbao-Vizcaya,Exterior,2012-11-01 18:00:00,2012-11-01 18:00:00,1,4.52,4.52,Hs ≥ P95,4.44
341,2136,Bilbao-Vizcaya,Exterior,2012-11-01 23:00:00,2012-11-01 23:00:00,1,4.46,4.46,Hs ≥ P95,4.44
342,2136,Bilbao-Vizcaya,Exterior,2012-11-02 01:00:00,2012-11-02 01:00:00,1,4.77,4.77,Hs ≥ P95,4.44
343,2136,Bilbao-Vizcaya,Exterior,2012-11-05 04:00:00,2012-11-05 09:00:00,6,4.72,4.91,Hs ≥ P95,4.44
344,2136,Bilbao-Vizcaya,Exterior,2012-11-11 16:00:00,2012-11-11 16:00:00,1,4.46,4.46,Hs ≥ P95,4.44
345,2136,Bilbao-Vizcaya,Exterior,2012-11-24 22:00:00,2012-11-24 22:00:00,1,4.45,4.45,Hs ≥ P95,4.44
346,2136,Bilbao-Vizcaya,Exterior,2012-12-04 16:00:00,2012-12-04 16:00:00,1,4.72,4.72,Hs ≥ P95,4.44
347,2136,Bilbao-Vizcaya,Exterior,2012-12-04 18:00:00,2012-12-06 00:00:00,31,5.13,5.96,Hs ≥ P95,4.44
348,2136,Bilbao-Vizcaya,Exterior,2012-12-15 09:00:00,2012-12-15 09:00:00,1,4.52,4.52,Hs ≥ P95,4.44
349,2136,Bilbao-Vizcaya,Exterior,2012-12-15 12:00:00,2012-12-15 12:00:00,1,4.52,4.52,Hs ≥ P95,4.44
350,2136,Bilbao-Vizcaya,Exterior,2012-12-15 18:00:00,2012-12-16 02:00:00,9,4.69,5.06,Hs ≥ P95,4.44
351,2136,Bilbao-Vizcaya,Exterior,2012-12-16 04:00:00,2012-12-16 22:00:00,19,5.0,5.35,Hs ≥ P95,4.44
352,2136,Bilbao-Vizcaya,Exterior,2012-12-17 00:00:00,2012-12-17 01:00:00,2,4.94,5.09,Hs ≥ P95,4.44
353,2136,Bilbao-Vizcaya,Exterior,2012-12-17 03:00:00,2012-12-17 03:00:00,1,4.46,4.46,Hs ≥ P95,4.44
354,2136,Bilbao-Vizcaya,Exterior,2012-12-17 05:00:00,2012-12-17 15:00:00,11,5.23,5.66,Hs ≥ P95,4.44
355,2136,Bilbao-Vizcaya,Exterior,2012-12-17 17:00:00,2012-12-17 20:00:00,4,4.59,4.72,Hs ≥ P95,4.44
356,2136,Bilbao-Vizcaya,Exterior,2012-12-21 11:00:00,2012-12-21 14:00:00,4,5.0,5.23,Hs ≥ P95,4.44
357,2136,Bilbao-Vizcaya,Exterior,2013-01-13 12:00:00,2013-01-13 12:00:00,1,4.58,4.58,Hs ≥ P95,4.44
358,2136,Bilbao-Vizcaya,Exterior,2013-01-15 03:00:00,2013-01-15 13:00:00,11,5.3,6.02,Hs ≥ P95,4.44
359,2136,Bilbao-Vizcaya,Exterior,2013-01-19 22:00:00,2013-01-20 05:00:00,8,4.89,5.06,Hs ≥ P95,4.44
360,2136,Bilbao-Vizcaya,Exterior,2013-01-20 07:00:00,2013-01-20 07:00:00,1,4.49,4.49,Hs ≥ P95,4.44
361,2136,Bilbao-Vizcaya,Exterior,2013-01-21 05:00:00,2013-01-24 15:00:00,83,6.05,7.6,Hs ≥ P95,4.44
362,2136,Bilbao-Vizcaya,Exterior,2013-01-26 04:00:00,2013-01-26 12:00:00,9,5.57,6.64,Hs ≥ P95,4.44
363,2136,Bilbao-Vizcaya,Exterior,2013-01-26 14:00:00,2013-01-26 14:00:00,1,4.44,4.44,Hs ≥ P95,4.44
364,2136,Bilbao-Vizcaya,Exterior,2013-01-28 03:00:00,2013-01-30 01:00:00,47,5.67,7.74,Hs ≥ P95,4.44
365,2136,Bilbao-Vizcaya,Exterior,2013-01-30 04:00:00,2013-01-30 04:00:00,1,4.54,4.54,Hs ≥ P95,4.44
366,2136,Bilbao-Vizcaya,Exterior,2013-01-30 07:00:00,2013-01-30 07:00:00,1,4.75,4.75,Hs ≥ P95,4.44
367,2136,Bilbao-Vizcaya,Exterior,2013-01-30 12:00:00,2013-01-30 12:00:00,1,4.48,4.48,Hs ≥ P95,4.44
368,2136,Bilbao-Vizcaya,Exterior,2013-02-01 22:00:00,2013-02-02 01:00:00,4,4.6,4.65,Hs ≥ P95,4.44
369,2136,Bilbao-Vizcaya,Exterior,2013-02-02 03:00:00,2013-02-02 22:00:00,20,4.9,5.27,Hs ≥ P95,4.44
370,2136,Bilbao-Vizcaya,Exterior,2013-02-03 00:00:00,2013-02-03 00:00:00,1,4.6,4.6,Hs ≥ P95,4.44
371,2136,Bilbao-Vizcaya,Exterior,2013-02-05 12:00:00,2013-02-07 13:00:00,50,6.77,8.5,Hs ≥ P95,4.44
372,2136,Bilbao-Vizcaya,Exterior,2013-02-08 12:00:00,2013-02-08 18:00:00,7,4.86,5.04,Hs ≥ P95,4.44
373,2136,Bilbao-Vizcaya,Exterior,2013-02-10 18:00:00,2013-02-12 16:00:00,47,6.13,9.15,Hs ≥ P95,4.44
374,2136,Bilbao-Vizcaya,Exterior,2013-03-11 18:00:00,2013-03-11 18:00:00,1,4.6,4.6,Hs ≥ P95,4.44
375,2136,Bilbao-Vizcaya,Exterior,2013-03-18 09:00:00,2013-03-18 22:00:00,14,5.15,5.76,Hs ≥ P95,4.44
376,2136,Bilbao-Vizcaya,Exterior,2013-04-10 18:00:00,2013-04-10 18:00:00,1,4.52,4.52,Hs ≥ P95,4.44
377,2136,Bilbao-Vizcaya,Exterior,2013-04-11 04:00:00,2013-04-11 04:00:00,1,4.49,4.49,Hs ≥ P95,4.44
378,2136,Bilbao-Vizcaya,Exterior,2013-04-15 07:00:00,2013-04-15 07:00:00,1,4.8,4.8,Hs ≥ P95,4.44
379,2136,Bilbao-Vizcaya,Exterior,2013-04-15 09:00:00,2013-04-15 09:00:00,1,4.52,4.52,Hs ≥ P95,4.44
380,2136,Bilbao-Vizcaya,Exterior,2013-05-29 00:00:00,2013-05-29 00:00:00,1,4.48,4.48,Hs ≥ P95,4.44
381,2136,Bilbao-Vizcaya,Exterior,2013-05-29 03:00:00,2013-05-29 11:00:00,9,4.89,5.45,Hs ≥ P95,4.44
382,2136,Bilbao-Vizcaya,Exterior,2013-09-17 13:00:00,2013-09-17 14:00:00,2,4.46,4.48,Hs ≥ P95,4.44
383,2136,Bilbao-Vizcaya,Exterior,2013-10-27 20:00:00,2013-10-29 05:00:00,34,6.4,8.03,Hs ≥ P95,4.44
384,2136,Bilbao-Vizcaya,Exterior,2013-10-29 07:00:00,2013-10-29 11:00:00,5,5.34,5.67,Hs ≥ P95,4.44
385,2136,Bilbao-Vizcaya,Exterior,2013-10-29 21:00:00,2013-10-29 21:00:00,1,4.47,4.47,Hs ≥ P95,4.44
386,2136,Bilbao-Vizcaya,Exterior,2013-11-01 12:00:00,2013-11-01 12:00:00,1,4.59,4.59,Hs ≥ P95,4.44
387,2136,Bilbao-Vizcaya,Exterior,2013-11-01 14:00:00,2013-11-01 14:00:00,1,4.53,4.53,Hs ≥ P95,4.44
388,2136,Bilbao-Vizcaya,Exterior,2013-11-02 04:00:00,2013-11-02 08:00:00,5,4.73,5.01,Hs ≥ P95,4.44
389,2136,Bilbao-Vizcaya,Exterior,2013-11-03 08:00:00,2013-11-03 17:00:00,10,4.81,5.54,Hs ≥ P95,4.44
390,2136,Bilbao-Vizcaya,Exterior,2013-11-03 20:00:00,2013-11-03 20:00:00,1,4.45,4.45,Hs ≥ P95,4.44
391,2136,Bilbao-Vizcaya,Exterior,2013-11-04 01:00:00,2013-11-04 01:00:00,1,4.51,4.51,Hs ≥ P95,4.44
392,2136,Bilbao-Vizcaya,Exterior,2013-11-04 06:00:00,2013-11-05 21:00:00,40,5.42,6.39,Hs ≥ P95,4.44
393,2136,Bilbao-Vizcaya,Exterior,2013-11-07 01:00:00,2013-11-07 01:00:00,1,4.73,4.73,Hs ≥ P95,4.44
394,2136,Bilbao-Vizcaya,Exterior,2013-11-07 05:00:00,2013-11-07 07:00:00,3,4.77,4.88,Hs ≥ P95,4.44
395,2136,Bilbao-Vizcaya,Exterior,2013-11-08 17:00:00,2013-11-08 17:00:00,1,4.5,4.5,Hs ≥ P95,4.44
396,2136,Bilbao-Vizcaya,Exterior,2013-11-08 19:00:00,2013-11-08 22:00:00,4,4.59,4.76,Hs ≥ P95,4.44
397,2136,Bilbao-Vizcaya,Exterior,2013-11-09 00:00:00,2013-11-09 00:00:00,1,4.74,4.74,Hs ≥ P95,4.44
398,2136,Bilbao-Vizcaya,Exterior,2013-11-09 02:00:00,2013-11-09 03:00:00,2,4.77,5.03,Hs ≥ P95,4.44
399,2136,Bilbao-Vizcaya,Exterior,2013-11-09 17:00:00,2013-11-09 23:00:00,7,4.88,5.34,Hs ≥ P95,4.44
400,2136,Bilbao-Vizcaya,Exterior,2013-11-10 01:00:00,2013-11-10 16:00:00,16,4.84,5.24,Hs ≥ P95,4.44
401,2136,Bilbao-Vizcaya,Exterior,2013-11-10 18:00:00,2013-11-10 19:00:00,2,4.55,4.66,Hs ≥ P95,4.44
402,2136,Bilbao-Vizcaya,Exterior,2013-11-10 21:00:00,2013-11-10 21:00:00,1,4.63,4.63,Hs ≥ P95,4.44
403,2136,Bilbao-Vizcaya,Exterior,2013-11-10 23:00:00,2013-11-10 23:00:00,1,4.48,4.48,Hs ≥ P95,4.44
404,2136,Bilbao-Vizcaya,Exterior,2013-11-21 00:00:00,2013-11-22 01:00:00,26,5.3,6.49,Hs ≥ P95,4.44
405,2136,Bilbao-Vizcaya,Exterior,2013-12-14 14:00:00,2013-12-14 14:00:00,1,4.69,4.69,Hs ≥ P95,4.44
406,2136,Bilbao-Vizcaya,Exterior,2013-12-15 10:00:00,2013-12-15 13:00:00,4,4.69,4.8,Hs ≥ P95,4.44
407,2136,Bilbao-Vizcaya,Exterior,2013-12-15 15:00:00,2013-12-15 15:00:00,1,4.8,4.8,Hs ≥ P95,4.44
408,2136,Bilbao-Vizcaya,Exterior,2013-12-15 17:00:00,2013-12-15 17:00:00,1,4.57,4.57,Hs ≥ P95,4.44
409,2136,Bilbao-Vizcaya,Exterior,2013-12-19 14:00:00,2013-12-20 09:00:00,20,5.27,6.09,Hs ≥ P95,4.44
410,2136,Bilbao-Vizcaya,Exterior,2013-12-20 15:00:00,2013-12-20 15:00:00,1,4.69,4.69,Hs ≥ P95,4.44
411,2136,Bilbao-Vizcaya,Exterior,2013-12-20 17:00:00,2013-12-21 06:00:00,14,5.37,6.45,Hs ≥ P95,4.44
412,2136,Bilbao-Vizcaya,Exterior,2013-12-21 08:00:00,2013-12-21 08:00:00,1,4.8,4.8,Hs ≥ P95,4.44
413,2136,Bilbao-Vizcaya,Exterior,2013-12-21 10:00:00,2013-12-21 13:00:00,4,4.6,4.69,Hs ≥ P95,4.44
414,2136,Bilbao-Vizcaya,Exterior,2013-12-21 15:00:00,2013-12-21 15:00:00,1,4.69,4.69,Hs ≥ P95,4.44
415,2136,Bilbao-Vizcaya,Exterior,2013-12-21 18:00:00,2013-12-21 18:00:00,1,4.45,4.45,Hs ≥ P95,4.44
416,2136,Bilbao-Vizcaya,Exterior,2013-12-22 01:00:00,2013-12-23 02:00:00,26,5.54,7.27,Hs ≥ P95,4.44
417,2136,Bilbao-Vizcaya,Exterior,2013-12-23 11:00:00,2013-12-23 11:00:00,1,4.45,4.45,Hs ≥ P95,4.44
418,2136,Bilbao-Vizcaya,Exterior,2013-12-24 02:00:00,2013-12-24 15:00:00,14,5.38,6.21,Hs ≥ P95,4.44
419,2136,Bilbao-Vizcaya,Exterior,2013-12-24 18:00:00,2013-12-26 16:00:00,47,6.23,7.85,Hs ≥ P95,4.44
420,2136,Bilbao-Vizcaya,Exterior,2013-12-26 18:00:00,2013-12-26 21:00:00,4,4.8,5.16,Hs ≥ P95,4.44
421,2136,Bilbao-Vizcaya,Exterior,2013-12-26 23:00:00,2013-12-26 23:00:00,1,4.57,4.57,Hs ≥ P95,4.44
422,2136,Bilbao-Vizcaya,Exterior,2013-12-27 21:00:00,2013-12-28 20:00:00,24,5.2,5.98,Hs ≥ P95,4.44
423,2136,Bilbao-Vizcaya,Exterior,2013-12-28 23:00:00,2013-12-29 00:00:00,2,4.51,4.57,Hs ≥ P95,4.44
424,2136,Bilbao-Vizcaya,Exterior,2013-12-29 11:00:00,2013-12-29 12:00:00,2,4.69,4.8,Hs ≥ P95,4.44
425,2136,Bilbao-Vizcaya,Exterior,2013-12-29 14:00:00,2013-12-29 14:00:00,1,4.57,4.57,Hs ≥ P95,4.44
426,2136,Bilbao-Vizcaya,Exterior,2014-01-01 03:00:00,2014-01-01 03:00:00,1,4.57,4.57,Hs ≥ P95,4.44
427,2136,Bilbao-Vizcaya,Exterior,2014-01-01 05:00:00,2014-01-01 23:00:00,19,5.04,5.74,Hs ≥ P95,4.44
428,2136,Bilbao-Vizcaya,Exterior,2014-01-02 01:00:00,2014-01-02 04:00:00,4,4.89,5.39,Hs ≥ P95,4.44
429,2136,Bilbao-Vizcaya,Exterior,2014-01-02 14:00:00,2014-01-02 14:00:00,1,4.69,4.69,Hs ≥ P95,4.44
430,2136,Bilbao-Vizcaya,Exterior,2014-01-03 19:00:00,2014-01-04 12:00:00,18,5.24,5.98,Hs ≥ P95,4.44
431,2136,Bilbao-Vizcaya,Exterior,2014-01-04 14:00:00,2014-01-05 00:00:00,11,4.98,5.39,Hs ≥ P95,4.44
432,2136,Bilbao-Vizcaya,Exterior,2014-01-05 05:00:00,2014-01-05 10:00:00,6,4.84,5.16,Hs ≥ P95,4.44
433,2136,Bilbao-Vizcaya,Exterior,2014-01-05 13:00:00,2014-01-05 13:00:00,1,4.45,4.45,Hs ≥ P95,4.44
434,2136,Bilbao-Vizcaya,Exterior,2014-01-05 17:00:00,2014-01-05 17:00:00,1,4.57,4.57,Hs ≥ P95,4.44
435,2136,Bilbao-Vizcaya,Exterior,2014-01-05 19:00:00,2014-01-05 21:00:00,3,4.49,4.57,Hs ≥ P95,4.44
436,2136,Bilbao-Vizcaya,Exterior,2014-01-06 15:00:00,2014-01-08 03:00:00,37,6.56,9.96,Hs ≥ P95,4.44
437,2136,Bilbao-Vizcaya,Exterior,2014-01-14 04:00:00,2014-01-14 04:00:00,1,4.45,4.45,Hs ≥ P95,4.44
438,2136,Bilbao-Vizcaya,Exterior,2014-01-14 09:00:00,2014-01-14 09:00:00,1,4.45,4.45,Hs ≥ P95,4.44
439,2136,Bilbao-Vizcaya,Exterior,2014-01-16 21:00:00,2014-01-16 21:00:00,1,4.45,4.45,Hs ≥ P95,4.44
440,2136,Bilbao-Vizcaya,Exterior,2014-01-17 02:00:00,2014-01-17 11:00:00,10,5.19,5.86,Hs ≥ P95,4.44
441,2136,Bilbao-Vizcaya,Exterior,2014-01-17 13:00:00,2014-01-17 13:00:00,1,4.45,4.45,Hs ≥ P95,4.44
442,2136,Bilbao-Vizcaya,Exterior,2014-01-18 12:00:00,2014-01-18 19:00:00,8,4.7,5.16,Hs ≥ P95,4.44
443,2136,Bilbao-Vizcaya,Exterior,2014-01-23 03:00:00,2014-01-23 03:00:00,1,4.45,4.45,Hs ≥ P95,4.44
444,2136,Bilbao-Vizcaya,Exterior,2014-01-24 15:00:00,2014-01-25 09:00:00,19,5.01,5.63,Hs ≥ P95,4.44
445,2136,Bilbao-Vizcaya,Exterior,2014-01-25 11:00:00,2014-01-25 14:00:00,4,4.54,4.8,Hs ≥ P95,4.44
446,2136,Bilbao-Vizcaya,Exterior,2014-01-25 16:00:00,2014-01-25 16:00:00,1,4.45,4.45,Hs ≥ P95,4.44
447,2136,Bilbao-Vizcaya,Exterior,2014-01-26 09:00:00,2014-01-29 20:00:00,84,6.47,8.79,Hs ≥ P95,4.44
448,2136,Bilbao-Vizcaya,Exterior,2014-01-30 04:00:00,2014-01-30 04:00:00,1,4.69,4.69,Hs ≥ P95,4.44
449,2136,Bilbao-Vizcaya,Exterior,2014-01-30 12:00:00,2014-01-30 12:00:00,1,4.57,4.57,Hs ≥ P95,4.44
450,2136,Bilbao-Vizcaya,Exterior,2014-02-01 12:00:00,2014-02-03 06:00:00,43,7.19,9.26,Hs ≥ P95,4.44
451,2136,Bilbao-Vizcaya,Exterior,2014-02-03 18:00:00,2014-02-03 21:00:00,4,4.6,4.8,Hs ≥ P95,4.44
452,2136,Bilbao-Vizcaya,Exterior,2014-02-04 08:00:00,2014-02-04 08:00:00,1,4.45,4.45,Hs ≥ P95,4.44
453,2136,Bilbao-Vizcaya,Exterior,2014-02-04 10:00:00,2014-02-04 10:00:00,1,4.45,4.45,Hs ≥ P95,4.44
454,2136,Bilbao-Vizcaya,Exterior,2014-02-04 14:00:00,2014-02-04 20:00:00,7,4.64,5.04,Hs ≥ P95,4.44
455,2136,Bilbao-Vizcaya,Exterior,2014-02-05 04:00:00,2014-02-06 12:00:00,33,7.5,11.13,Hs ≥ P95,4.44
456,2136,Bilbao-Vizcaya,Exterior,2014-02-07 01:00:00,2014-02-07 11:00:00,11,5.76,7.27,Hs ≥ P95,4.44
457,2136,Bilbao-Vizcaya,Exterior,2014-02-08 13:00:00,2014-02-09 22:00:00,34,6.95,9.84,Hs ≥ P95,4.44
458,2136,Bilbao-Vizcaya,Exterior,2014-02-10 00:00:00,2014-02-10 01:00:00,2,5.56,5.74,Hs ≥ P95,4.44
459,2136,Bilbao-Vizcaya,Exterior,2014-03-22 16:00:00,2014-03-23 17:00:00,26,4.92,5.66,Hs ≥ P95,4.44
460,2136,Bilbao-Vizcaya,Exterior,2014-03-25 01:00:00,2014-03-25 03:00:00,3,4.54,4.71,Hs ≥ P95,4.44
461,2136,Bilbao-Vizcaya,Exterior,2014-03-25 05:00:00,2014-03-26 17:00:00,37,6.62,8.35,Hs ≥ P95,4.44
462,2136,Bilbao-Vizcaya,Exterior,2014-03-26 19:00:00,2014-03-26 19:00:00,1,4.74,4.74,Hs ≥ P95,4.44
463,2136,Bilbao-Vizcaya,Exterior,2014-04-26 22:00:00,2014-04-27 17:00:00,20,5.18,5.74,Hs ≥ P95,4.44
464,2136,Bilbao-Vizcaya,Exterior,2014-04-27 19:00:00,2014-04-27 19:00:00,1,4.85,4.85,Hs ≥ P95,4.44
465,2136,Bilbao-Vizcaya,Exterior,2014-04-27 21:00:00,2014-04-27 21:00:00,1,4.72,4.72,Hs ≥ P95,4.44
466,2136,Bilbao-Vizcaya,Exterior,2014-11-03 20:00:00,2014-11-03 20:00:00,1,4.65,4.65,Hs ≥ P95,4.44
467,2136,Bilbao-Vizcaya,Exterior,2014-11-04 13:00:00,2014-11-04 13:00:00,1,4.66,4.66,Hs ≥ P95,4.44
468,2136,Bilbao-Vizcaya,Exterior,2014-11-05 06:00:00,2014-11-05 06:00:00,1,4.52,4.52,Hs ≥ P95,4.44
469,2136,Bilbao-Vizcaya,Exterior,2014-11-07 16:00:00,2014-11-07 16:00:00,1,4.79,4.79,Hs ≥ P95,4.44
470,2136,Bilbao-Vizcaya,Exterior,2014-11-07 18:00:00,2014-11-07 18:00:00,1,4.77,4.77,Hs ≥ P95,4.44
471,2136,Bilbao-Vizcaya,Exterior,2014-11-08 22:00:00,2014-11-08 22:00:00,1,4.53,4.53,Hs ≥ P95,4.44
472,2136,Bilbao-Vizcaya,Exterior,2014-11-12 04:00:00,2014-11-12 11:00:00,8,4.68,5.1,Hs ≥ P95,4.44
473,2136,Bilbao-Vizcaya,Exterior,2014-11-12 15:00:00,2014-11-12 15:00:00,1,4.49,4.49,Hs ≥ P95,4.44
474,2136,Bilbao-Vizcaya,Exterior,2014-11-15 15:00:00,2014-11-15 15:00:00,1,4.5,4.5,Hs ≥ P95,4.44
475,2136,Bilbao-Vizcaya,Exterior,2014-11-15 21:00:00,2014-11-16 12:00:00,16,5.26,6.15,Hs ≥ P95,4.44
476,2136,Bilbao-Vizcaya,Exterior,2014-11-16 14:00:00,2014-11-16 15:00:00,2,4.8,4.85,Hs ≥ P95,4.44
477,2136,Bilbao-Vizcaya,Exterior,2014-12-06 13:00:00,2014-12-06 15:00:00,3,4.54,4.59,Hs ≥ P95,4.44
478,2136,Bilbao-Vizcaya,Exterior,2014-12-08 22:00:00,2014-12-08 22:00:00,1,4.54,4.54,Hs ≥ P95,4.44
479,2136,Bilbao-Vizcaya,Exterior,2014-12-11 03:00:00,2014-12-12 16:00:00,38,5.56,6.72,Hs ≥ P95,4.44
480,2136,Bilbao-Vizcaya,Exterior,2014-12-12 18:00:00,2014-12-13 00:00:00,7,4.92,5.12,Hs ≥ P95,4.44
481,2136,Bilbao-Vizcaya,Exterior,2014-12-27 12:00:00,2014-12-27 19:00:00,8,4.84,5.51,Hs ≥ P95,4.44
482,2136,Bilbao-Vizcaya,Exterior,2015-01-09 04:00:00,2015-01-09 13:00:00,10,4.82,5.34,Hs ≥ P95,4.44
483,2136,Bilbao-Vizcaya,Exterior,2015-01-09 15:00:00,2015-01-09 15:00:00,1,4.93,4.93,Hs ≥ P95,4.44
484,2136,Bilbao-Vizcaya,Exterior,2015-01-09 23:00:00,2015-01-10 00:00:00,2,4.46,4.46,Hs ≥ P95,4.44
485,2136,Bilbao-Vizcaya,Exterior,2015-01-10 07:00:00,2015-01-10 07:00:00,1,4.52,4.52,Hs ≥ P95,4.44
486,2136,Bilbao-Vizcaya,Exterior,2015-01-11 17:00:00,2015-01-11 17:00:00,1,4.63,4.63,Hs ≥ P95,4.44
487,2136,Bilbao-Vizcaya,Exterior,2015-01-11 22:00:00,2015-01-12 05:00:00,8,4.77,5.23,Hs ≥ P95,4.44
488,2136,Bilbao-Vizcaya,Exterior,2015-01-12 07:00:00,2015-01-12 07:00:00,1,4.67,4.67,Hs ≥ P95,4.44
489,2136,Bilbao-Vizcaya,Exterior,2015-01-12 11:00:00,2015-01-12 12:00:00,2,4.61,4.7,Hs ≥ P95,4.44
490,2136,Bilbao-Vizcaya,Exterior,2015-01-13 08:00:00,2015-01-13 09:00:00,2,4.58,4.61,Hs ≥ P95,4.44
491,2136,Bilbao-Vizcaya,Exterior,2015-01-13 16:00:00,2015-01-13 16:00:00,1,4.55,4.55,Hs ≥ P95,4.44
492,2136,Bilbao-Vizcaya,Exterior,2015-01-14 02:00:00,2015-01-14 04:00:00,3,4.58,4.63,Hs ≥ P95,4.44
493,2136,Bilbao-Vizcaya,Exterior,2015-01-14 07:00:00,2015-01-14 07:00:00,1,4.69,4.69,Hs ≥ P95,4.44
494,2136,Bilbao-Vizcaya,Exterior,2015-01-14 09:00:00,2015-01-17 07:00:00,71,5.59,7.51,Hs ≥ P95,4.44
495,2136,Bilbao-Vizcaya,Exterior,2015-01-17 09:00:00,2015-01-17 09:00:00,1,4.47,4.47,Hs ≥ P95,4.44
496,2136,Bilbao-Vizcaya,Exterior,2015-01-17 12:00:00,2015-01-17 13:00:00,2,4.64,4.66,Hs ≥ P95,4.44
497,2136,Bilbao-Vizcaya,Exterior,2015-01-19 05:00:00,2015-01-19 08:00:00,4,4.56,4.64,Hs ≥ P95,4.44
498,2136,Bilbao-Vizcaya,Exterior,2015-01-21 05:00:00,2015-01-22 13:00:00,33,5.54,6.17,Hs ≥ P95,4.44
499,2136,Bilbao-Vizcaya,Exterior,2015-01-22 18:00:00,2015-01-22 18:00:00,1,4.55,4.55,Hs ≥ P95,4.44
500,2136,Bilbao-Vizcaya,Exterior,2015-01-29 12:00:00,2015-02-01 18:00:00,79,5.9,7.91,Hs ≥ P95,4.44
501,2136,Bilbao-Vizcaya,Exterior,2015-02-05 00:00:00,2015-02-05 00:00:00,1,4.48,4.48,Hs ≥ P95,4.44
502,2136,Bilbao-Vizcaya,Exterior,2015-02-14 06:00:00,2015-02-14 19:00:00,14,5.21,5.71,Hs ≥ P95,4.44
503,2136,Bilbao-Vizcaya,Exterior,2015-02-14 21:00:00,2015-02-14 21:00:00,1,4.7,4.7,Hs ≥ P95,4.44
504,2136,Bilbao-Vizcaya,Exterior,2015-02-17 13:00:00,2015-02-17 13:00:00,1,4.45,4.45,Hs ≥ P95,4.44
505,2136,Bilbao-Vizcaya,Exterior,2015-02-23 22:00:00,2015-02-25 22:00:00,49,6.43,8.26,Hs ≥ P95,4.44
506,2136,Bilbao-Vizcaya,Exterior,2015-02-27 23:00:00,2015-02-28 04:00:00,6,4.77,5.03,Hs ≥ P95,4.44
507,2136,Bilbao-Vizcaya,Exterior,2015-02-28 06:00:00,2015-02-28 06:00:00,1,4.54,4.54,Hs ≥ P95,4.44
508,2136,Bilbao-Vizcaya,Exterior,2015-02-28 08:00:00,2015-02-28 09:00:00,2,4.55,4.66,Hs ≥ P95,4.44
509,2136,Bilbao-Vizcaya,Exterior,2015-02-28 13:00:00,2015-02-28 13:00:00,1,4.58,4.58,Hs ≥ P95,4.44
510,2136,Bilbao-Vizcaya,Exterior,2015-03-01 22:00:00,2015-03-02 06:00:00,9,4.88,5.47,Hs ≥ P95,4.44
511,2136,Bilbao-Vizcaya,Exterior,2015-03-04 14:00:00,2015-03-04 16:00:00,3,4.64,4.83,Hs ≥ P95,4.44
512,2136,Bilbao-Vizcaya,Exterior,2015-03-04 18:00:00,2015-03-04 18:00:00,1,4.59,4.59,Hs ≥ P95,4.44
513,2136,Bilbao-Vizcaya,Exterior,2015-03-04 21:00:00,2015-03-04 21:00:00,1,4.52,4.52,Hs ≥ P95,4.44
514,2136,Bilbao-Vizcaya,Exterior,2015-03-05 05:00:00,2015-03-05 05:00:00,1,4.53,4.53,Hs ≥ P95,4.44
515,2136,Bilbao-Vizcaya,Exterior,2015-03-13 20:00:00,2015-03-13 23:00:00,4,4.57,4.68,Hs ≥ P95,4.44
516,2136,Bilbao-Vizcaya,Exterior,2015-03-14 02:00:00,2015-03-14 04:00:00,3,4.56,4.77,Hs ≥ P95,4.44
517,2136,Bilbao-Vizcaya,Exterior,2015-03-14 07:00:00,2015-03-14 08:00:00,2,4.65,4.67,Hs ≥ P95,4.44
518,2136,Bilbao-Vizcaya,Exterior,2015-03-30 09:00:00,2015-03-30 10:00:00,2,4.65,4.72,Hs ≥ P95,4.44
519,2136,Bilbao-Vizcaya,Exterior,2015-03-30 12:00:00,2015-03-30 12:00:00,1,4.66,4.66,Hs ≥ P95,4.44
520,2136,Bilbao-Vizcaya,Exterior,2015-05-15 00:00:00,2015-05-15 12:00:00,13,5.67,6.9,Hs ≥ P95,4.44
521,2136,Bilbao-Vizcaya,Exterior,2015-08-14 03:00:00,2015-08-14 05:00:00,3,4.64,4.84,Hs ≥ P95,4.44
522,2136,Bilbao-Vizcaya,Exterior,2015-08-14 07:00:00,2015-08-14 08:00:00,2,4.73,4.85,Hs ≥ P95,4.44
523,2136,Bilbao-Vizcaya,Exterior,2015-08-14 10:00:00,2015-08-14 11:00:00,2,4.5,4.54,Hs ≥ P95,4.44
524,2136,Bilbao-Vizcaya,Exterior,2015-08-24 04:00:00,2015-08-24 09:00:00,6,4.96,5.31,Hs ≥ P95,4.44
525,2136,Bilbao-Vizcaya,Exterior,2015-09-16 22:00:00,2015-09-17 00:00:00,3,4.66,4.86,Hs ≥ P95,4.44
526,2136,Bilbao-Vizcaya,Exterior,2015-09-17 04:00:00,2015-09-17 04:00:00,1,4.47,4.47,Hs ≥ P95,4.44
527,2136,Bilbao-Vizcaya,Exterior,2015-11-21 00:00:00,2015-11-21 04:00:00,5,4.79,4.97,Hs ≥ P95,4.44
528,2136,Bilbao-Vizcaya,Exterior,2015-11-21 07:00:00,2015-11-21 07:00:00,1,4.66,4.66,Hs ≥ P95,4.44
529,2136,Bilbao-Vizcaya,Exterior,2015-11-21 09:00:00,2015-11-22 01:00:00,17,4.87,5.4,Hs ≥ P95,4.44
530,2136,Bilbao-Vizcaya,Exterior,2015-11-25 14:00:00,2015-11-26 03:00:00,14,4.76,5.05,Hs ≥ P95,4.44
531,2136,Bilbao-Vizcaya,Exterior,2015-11-26 05:00:00,2015-11-26 05:00:00,1,4.49,4.49,Hs ≥ P95,4.44
532,2136,Bilbao-Vizcaya,Exterior,2015-11-29 11:00:00,2015-11-29 11:00:00,1,4.95,4.95,Hs ≥ P95,4.44
533,2136,Bilbao-Vizcaya,Exterior,2015-11-29 14:00:00,2015-11-29 15:00:00,2,4.7,4.87,Hs ≥ P95,4.44
534,2136,Bilbao-Vizcaya,Exterior,2015-11-29 17:00:00,2015-11-29 22:00:00,6,4.66,4.95,Hs ≥ P95,4.44
535,2136,Bilbao-Vizcaya,Exterior,2015-11-30 00:00:00,2015-11-30 01:00:00,2,4.69,4.87,Hs ≥ P95,4.44
536,2136,Bilbao-Vizcaya,Exterior,2015-11-30 03:00:00,2015-11-30 09:00:00,7,4.64,4.82,Hs ≥ P95,4.44
537,2136,Bilbao-Vizcaya,Exterior,2015-11-30 11:00:00,2015-11-30 11:00:00,1,4.82,4.82,Hs ≥ P95,4.44
538,2136,Bilbao-Vizcaya,Exterior,2015-12-06 02:00:00,2015-12-06 02:00:00,1,4.44,4.44,Hs ≥ P95,4.44
539,2136,Bilbao-Vizcaya,Exterior,2015-12-06 04:00:00,2015-12-06 10:00:00,7,4.82,5.09,Hs ≥ P95,4.44
540,2136,Bilbao-Vizcaya,Exterior,2015-12-06 12:00:00,2015-12-06 15:00:00,4,4.86,5.53,Hs ≥ P95,4.44
541,2136,Bilbao-Vizcaya,Exterior,2015-12-06 21:00:00,2015-12-06 21:00:00,1,4.47,4.47,Hs ≥ P95,4.44
542,2136,Bilbao-Vizcaya,Exterior,2015-12-07 02:00:00,2015-12-07 03:00:00,2,4.66,4.71,Hs ≥ P95,4.44
543,2136,Bilbao-Vizcaya,Exterior,2015-12-07 05:00:00,2015-12-07 05:00:00,1,4.88,4.88,Hs ≥ P95,4.44
544,2136,Bilbao-Vizcaya,Exterior,2015-12-07 07:00:00,2015-12-07 07:00:00,1,4.58,4.58,Hs ≥ P95,4.44
545,2136,Bilbao-Vizcaya,Exterior,2015-12-23 10:00:00,2015-12-23 11:00:00,2,4.65,4.79,Hs ≥ P95,4.44
546,2136,Bilbao-Vizcaya,Exterior,2015-12-23 15:00:00,2015-12-23 16:00:00,2,4.94,4.98,Hs ≥ P95,4.44
547,2136,Bilbao-Vizcaya,Exterior,2015-12-23 18:00:00,2015-12-23 19:00:00,2,4.68,4.81,Hs ≥ P95,4.44
548,2136,Bilbao-Vizcaya,Exterior,2015-12-23 21:00:00,2015-12-23 21:00:00,1,4.8,4.8,Hs ≥ P95,4.44
549,2136,Bilbao-Vizcaya,Exterior,2015-12-24 20:00:00,2015-12-24 22:00:00,3,4.59,4.68,Hs ≥ P95,4.44
550,2136,Bilbao-Vizcaya,Exterior,2015-12-30 21:00:00,2015-12-30 21:00:00,1,4.82,4.82,Hs ≥ P95,4.44
551,2136,Bilbao-Vizcaya,Exterior,2015-12-30 23:00:00,2015-12-31 01:00:00,3,5.13,5.49,Hs ≥ P95,4.44
552,2136,Bilbao-Vizcaya,Exterior,2015-12-31 03:00:00,2015-12-31 03:00:00,1,4.97,4.97,Hs ≥ P95,4.44
553,2136,Bilbao-Vizcaya,Exterior,2015-12-31 07:00:00,2015-12-31 07:00:00,1,4.5,4.5,Hs ≥ P95,4.44
554,2136,Bilbao-Vizcaya,Exterior,2015-12-31 09:00:00,2015-12-31 09:00:00,1,4.6,4.6,Hs ≥ P95,4.44
555,2136,Bilbao-Vizcaya,Exterior,2016-01-02 04:00:00,2016-01-02 22:00:00,19,5.28,6.36,Hs ≥ P95,4.44
556,2136,Bilbao-Vizcaya,Exterior,2016-01-04 07:00:00,2016-01-04 17:00:00,11,5.52,6.22,Hs ≥ P95,4.44
557,2136,Bilbao-Vizcaya,Exterior,2016-01-04 19:00:00,2016-01-06 19:00:00,49,5.68,7.6,Hs ≥ P95,4.44
558,2136,Bilbao-Vizcaya,Exterior,2016-01-07 03:00:00,2016-01-07 04:00:00,2,5.01,5.41,Hs ≥ P95,4.44
559,2136,Bilbao-Vizcaya,Exterior,2016-01-07 06:00:00,2016-01-07 06:00:00,1,4.64,4.64,Hs ≥ P95,4.44
560,2136,Bilbao-Vizcaya,Exterior,2016-01-09 23:00:00,2016-01-10 04:00:00,6,4.65,4.86,Hs ≥ P95,4.44
561,2136,Bilbao-Vizcaya,Exterior,2016-01-11 07:00:00,2016-01-12 09:00:00,27,5.58,6.38,Hs ≥ P95,4.44
562,2136,Bilbao-Vizcaya,Exterior,2016-01-12 11:00:00,2016-01-12 11:00:00,1,4.46,4.46,Hs ≥ P95,4.44
563,2136,Bilbao-Vizcaya,Exterior,2016-01-12 18:00:00,2016-01-12 19:00:00,2,4.68,4.73,Hs ≥ P95,4.44
564,2136,Bilbao-Vizcaya,Exterior,2016-01-12 21:00:00,2016-01-12 21:00:00,1,4.53,4.53,Hs ≥ P95,4.44
565,2136,Bilbao-Vizcaya,Exterior,2016-01-18 22:00:00,2016-01-18 22:00:00,1,4.48,4.48,Hs ≥ P95,4.44
566,2136,Bilbao-Vizcaya,Exterior,2016-01-19 01:00:00,2016-01-19 02:00:00,2,4.67,4.88,Hs ≥ P95,4.44
567,2136,Bilbao-Vizcaya,Exterior,2016-01-30 06:00:00,2016-01-30 06:00:00,1,4.57,4.57,Hs ≥ P95,4.44
568,2136,Bilbao-Vizcaya,Exterior,2016-01-30 17:00:00,2016-01-30 21:00:00,5,4.6,4.73,Hs ≥ P95,4.44
569,2136,Bilbao-Vizcaya,Exterior,2016-01-31 06:00:00,2016-01-31 14:00:00,9,4.86,5.43,Hs ≥ P95,4.44
570,2136,Bilbao-Vizcaya,Exterior,2016-01-31 16:00:00,2016-02-01 01:00:00,10,4.84,5.32,Hs ≥ P95,4.44
571,2136,Bilbao-Vizcaya,Exterior,2016-02-02 13:00:00,2016-02-02 18:00:00,6,4.68,5.04,Hs ≥ P95,4.44
572,2136,Bilbao-Vizcaya,Exterior,2016-02-02 20:00:00,2016-02-02 21:00:00,2,4.68,4.77,Hs ≥ P95,4.44
573,2136,Bilbao-Vizcaya,Exterior,2016-02-02 23:00:00,2016-02-02 23:00:00,1,4.56,4.56,Hs ≥ P95,4.44
574,2136,Bilbao-Vizcaya,Exterior,2016-02-03 02:00:00,2016-02-03 03:00:00,2,4.6,4.72,Hs ≥ P95,4.44
575,2136,Bilbao-Vizcaya,Exterior,2016-02-03 05:00:00,2016-02-03 05:00:00,1,4.49,4.49,Hs ≥ P95,4.44
576,2136,Bilbao-Vizcaya,Exterior,2016-02-07 02:00:00,2016-02-10 12:00:00,83,6.57,10.65,Hs ≥ P95,4.44
577,2136,Bilbao-Vizcaya,Exterior,2016-02-10 16:00:00,2016-02-10 17:00:00,2,4.53,4.56,Hs ≥ P95,4.44
578,2136,Bilbao-Vizcaya,Exterior,2016-02-10 20:00:00,2016-02-10 20:00:00,1,4.44,4.44,Hs ≥ P95,4.44
579,2136,Bilbao-Vizcaya,Exterior,2016-02-11 04:00:00,2016-02-11 08:00:00,5,5.03,5.26,Hs ≥ P95,4.44
580,2136,Bilbao-Vizcaya,Exterior,2016-02-13 07:00:00,2016-02-13 11:00:00,5,4.79,5.57,Hs ≥ P95,4.44
581,2136,Bilbao-Vizcaya,Exterior,2016-02-13 13:00:00,2016-02-14 14:00:00,26,5.54,6.76,Hs ≥ P95,4.44
582,2136,Bilbao-Vizcaya,Exterior,2016-02-14 16:00:00,2016-02-14 16:00:00,1,4.55,4.55,Hs ≥ P95,4.44
583,2136,Bilbao-Vizcaya,Exterior,2016-02-14 18:00:00,2016-02-14 19:00:00,2,4.7,4.75,Hs ≥ P95,4.44
584,2136,Bilbao-Vizcaya,Exterior,2016-02-14 21:00:00,2016-02-15 23:00:00,27,5.74,7.17,Hs ≥ P95,4.44
585,2136,Bilbao-Vizcaya,Exterior,2016-02-16 02:00:00,2016-02-16 02:00:00,1,4.48,4.48,Hs ≥ P95,4.44
586,2136,Bilbao-Vizcaya,Exterior,2016-02-18 06:00:00,2016-02-18 12:00:00,7,4.72,4.93,Hs ≥ P95,4.44
587,2136,Bilbao-Vizcaya,Exterior,2016-02-18 15:00:00,2016-02-18 15:00:00,1,4.55,4.55,Hs ≥ P95,4.44
588,2136,Bilbao-Vizcaya,Exterior,2016-02-18 18:00:00,2016-02-18 19:00:00,2,4.66,4.8,Hs ≥ P95,4.44
589,2136,Bilbao-Vizcaya,Exterior,2016-02-19 05:00:00,2016-02-19 13:00:00,9,4.75,4.95,Hs ≥ P95,4.44
590,2136,Bilbao-Vizcaya,Exterior,2016-02-27 06:00:00,2016-02-27 17:00:00,12,5.31,5.79,Hs ≥ P95,4.44
591,2136,Bilbao-Vizcaya,Exterior,2016-02-27 20:00:00,2016-02-27 21:00:00,2,4.57,4.6,Hs ≥ P95,4.44
592,2136,Bilbao-Vizcaya,Exterior,2016-02-27 23:00:00,2016-02-28 01:00:00,3,4.58,4.71,Hs ≥ P95,4.44
593,2136,Bilbao-Vizcaya,Exterior,2016-03-02 17:00:00,2016-03-02 21:00:00,5,4.95,5.31,Hs ≥ P95,4.44
594,2136,Bilbao-Vizcaya,Exterior,2016-03-02 23:00:00,2016-03-03 19:00:00,21,5.31,6.39,Hs ≥ P95,4.44
595,2136,Bilbao-Vizcaya,Exterior,2016-03-03 21:00:00,2016-03-03 22:00:00,2,4.6,4.7,Hs ≥ P95,4.44
596,2136,Bilbao-Vizcaya,Exterior,2016-03-04 17:00:00,2016-03-04 19:00:00,3,4.9,5.03,Hs ≥ P95,4.44
597,2136,Bilbao-Vizcaya,Exterior,2016-03-04 21:00:00,2016-03-04 23:00:00,3,4.75,4.76,Hs ≥ P95,4.44
598,2136,Bilbao-Vizcaya,Exterior,2016-03-05 02:00:00,2016-03-06 03:00:00,26,5.09,6.21,Hs ≥ P95,4.44
599,2136,Bilbao-Vizcaya,Exterior,2016-03-09 13:00:00,2016-03-10 15:00:00,27,5.69,6.81,Hs ≥ P95,4.44
600,2136,Bilbao-Vizcaya,Exterior,2016-03-27 08:00:00,2016-03-27 09:00:00,2,4.56,4.62,Hs ≥ P95,4.44
601,2136,Bilbao-Vizcaya,Exterior,2016-03-27 11:00:00,2016-03-27 13:00:00,3,4.62,4.9,Hs ≥ P95,4.44
602,2136,Bilbao-Vizcaya,Exterior,2016-03-27 23:00:00,2016-03-28 16:00:00,18,5.35,6.18,Hs ≥ P95,4.44
603,2136,Bilbao-Vizcaya,Exterior,2016-03-28 18:00:00,2016-03-29 00:00:00,7,4.69,4.82,Hs ≥ P95,4.44
604,2136,Bilbao-Vizcaya,Exterior,2016-03-29 02:00:00,2016-03-29 02:00:00,1,4.55,4.55,Hs ≥ P95,4.44
605,2136,Bilbao-Vizcaya,Exterior,2016-04-10 19:00:00,2016-04-10 22:00:00,4,4.65,4.77,Hs ≥ P95,4.44
606,2136,Bilbao-Vizcaya,Exterior,2016-04-11 00:00:00,2016-04-11 04:00:00,5,4.69,4.9,Hs ≥ P95,4.44
607,2136,Bilbao-Vizcaya,Exterior,2016-04-11 10:00:00,2016-04-11 10:00:00,1,4.44,4.44,Hs ≥ P95,4.44
608,2136,Bilbao-Vizcaya,Exterior,2016-09-14 22:00:00,2016-09-14 23:00:00,2,4.75,4.96,Hs ≥ P95,4.44
609,2136,Bilbao-Vizcaya,Exterior,2016-09-15 02:00:00,2016-09-15 02:00:00,1,4.49,4.49,Hs ≥ P95,4.44
610,2136,Bilbao-Vizcaya,Exterior,2016-09-15 16:00:00,2016-09-15 18:00:00,3,4.74,4.92,Hs ≥ P95,4.44
611,2136,Bilbao-Vizcaya,Exterior,2016-11-09 06:00:00,2016-11-09 07:00:00,2,4.54,4.56,Hs ≥ P95,4.44
612,2136,Bilbao-Vizcaya,Exterior,2016-11-09 10:00:00,2016-11-09 15:00:00,6,4.62,4.71,Hs ≥ P95,4.44
613,2136,Bilbao-Vizcaya,Exterior,2016-11-18 10:00:00,2016-11-19 08:00:00,23,5.21,5.96,Hs ≥ P95,4.44
614,2136,Bilbao-Vizcaya,Exterior,2016-11-19 10:00:00,2016-11-19 12:00:00,3,4.61,4.67,Hs ≥ P95,4.44
615,2136,Bilbao-Vizcaya,Exterior,2016-11-19 17:00:00,2016-11-19 17:00:00,1,4.54,4.54,Hs ≥ P95,4.44
616,2136,Bilbao-Vizcaya,Exterior,2016-11-21 22:00:00,2016-11-21 22:00:00,1,4.78,4.78,Hs ≥ P95,4.44
617,2136,Bilbao-Vizcaya,Exterior,2016-12-16 10:00:00,2016-12-16 23:00:00,14,5.01,5.63,Hs ≥ P95,4.44
618,2136,Bilbao-Vizcaya,Exterior,2016-12-17 01:00:00,2016-12-17 01:00:00,1,5.04,5.04,Hs ≥ P95,4.44
619,2136,Bilbao-Vizcaya,Exterior,2016-12-17 05:00:00,2016-12-17 05:00:00,1,4.45,4.45,Hs ≥ P95,4.44
620,2136,Bilbao-Vizcaya,Exterior,2016-12-20 14:00:00,2016-12-20 14:00:00,1,4.57,4.57,Hs ≥ P95,4.44
621,2136,Bilbao-Vizcaya,Exterior,2016-12-22 04:00:00,2016-12-22 04:00:00,1,4.57,4.57,Hs ≥ P95,4.44
622,2136,Bilbao-Vizcaya,Exterior,2016-12-23 08:00:00,2016-12-23 08:00:00,1,4.92,4.92,Hs ≥ P95,4.44
623,2136,Bilbao-Vizcaya,Exterior,2016-12-23 10:00:00,2016-12-23 11:00:00,2,4.57,4.69,Hs ≥ P95,4.44
624,2136,Bilbao-Vizcaya,Exterior,2016-12-23 13:00:00,2016-12-23 13:00:00,1,4.45,4.45,Hs ≥ P95,4.44
625,2136,Bilbao-Vizcaya,Exterior,2016-12-23 19:00:00,2016-12-23 19:00:00,1,4.45,4.45,Hs ≥ P95,4.44
626,2136,Bilbao-Vizcaya,Exterior,2016-12-25 07:00:00,2016-12-25 07:00:00,1,4.92,4.92,Hs ≥ P95,4.44
627,2136,Bilbao-Vizcaya,Exterior,2016-12-25 12:00:00,2016-12-25 12:00:00,1,4.57,4.57,Hs ≥ P95,4.44
628,2136,Bilbao-Vizcaya,Exterior,2017-01-11 01:00:00,2017-01-11 02:00:00,2,4.51,4.57,Hs ≥ P95,4.44
629,2136,Bilbao-Vizcaya,Exterior,2017-01-12 22:00:00,2017-01-14 04:00:00,31,5.38,6.33,Hs ≥ P95,4.44
630,2136,Bilbao-Vizcaya,Exterior,2017-01-14 06:00:00,2017-01-14 06:00:00,1,4.69,4.69,Hs ≥ P95,4.44
631,2136,Bilbao-Vizcaya,Exterior,2017-01-14 08:00:00,2017-01-14 08:00:00,1,4.45,4.45,Hs ≥ P95,4.44
632,2136,Bilbao-Vizcaya,Exterior,2017-02-02 22:00:00,2017-02-03 21:00:00,24,5.35,6.33,Hs ≥ P95,4.44
633,2136,Bilbao-Vizcaya,Exterior,2017-02-04 07:00:00,2017-02-04 13:00:00,7,5.12,5.51,Hs ≥ P95,4.44
634,2136,Bilbao-Vizcaya,Exterior,2017-02-05 13:00:00,2017-02-05 14:00:00,2,4.86,5.16,Hs ≥ P95,4.44
635,2136,Bilbao-Vizcaya,Exterior,2017-03-22 20:00:00,2017-03-22 20:00:00,1,4.48,4.48,Hs ≥ P95,4.44
636,2136,Bilbao-Vizcaya,Exterior,2017-03-22 22:00:00,2017-03-23 08:00:00,11,4.85,5.4,Hs ≥ P95,4.44
637,2136,Bilbao-Vizcaya,Exterior,2017-03-23 15:00:00,2017-03-23 15:00:00,1,4.46,4.46,Hs ≥ P95,4.44
638,2136,Bilbao-Vizcaya,Exterior,2017-04-30 16:00:00,2017-05-01 02:00:00,11,4.75,5.09,Hs ≥ P95,4.44
639,2136,Bilbao-Vizcaya,Exterior,2017-05-01 04:00:00,2017-05-01 04:00:00,1,4.46,4.46,Hs ≥ P95,4.44
640,2136,Bilbao-Vizcaya,Exterior,2017-05-01 06:00:00,2017-05-01 06:00:00,1,4.62,4.62,Hs ≥ P95,4.44
641,2136,Bilbao-Vizcaya,Exterior,2017-05-02 00:00:00,2017-05-02 00:00:00,1,4.46,4.46,Hs ≥ P95,4.44
642,2136,Bilbao-Vizcaya,Exterior,2017-06-28 17:00:00,2017-06-29 06:00:00,14,5.31,6.32,Hs ≥ P95,4.44
643,2136,Bilbao-Vizcaya,Exterior,2017-06-29 08:00:00,2017-06-29 08:00:00,1,4.68,4.68,Hs ≥ P95,4.44
644,2136,Bilbao-Vizcaya,Exterior,2017-06-29 15:00:00,2017-06-29 15:00:00,1,4.5,4.5,Hs ≥ P95,4.44
645,2136,Bilbao-Vizcaya,Exterior,2017-06-29 17:00:00,2017-06-29 21:00:00,5,4.83,5.11,Hs ≥ P95,4.44
646,2136,Bilbao-Vizcaya,Exterior,2017-06-29 23:00:00,2017-06-29 23:00:00,1,4.54,4.54,Hs ≥ P95,4.44
647,2136,Bilbao-Vizcaya,Exterior,2017-06-30 21:00:00,2017-06-30 21:00:00,1,4.58,4.58,Hs ≥ P95,4.44
648,2136,Bilbao-Vizcaya,Exterior,2017-09-11 17:00:00,2017-09-12 09:00:00,17,5.06,5.88,Hs ≥ P95,4.44
649,2136,Bilbao-Vizcaya,Exterior,2017-10-21 12:00:00,2017-10-22 11:00:00,24,5.69,7.35,Hs ≥ P95,4.44
650,2136,Bilbao-Vizcaya,Exterior,2017-10-22 13:00:00,2017-10-22 18:00:00,6,4.68,4.96,Hs ≥ P95,4.44
651,2136,Bilbao-Vizcaya,Exterior,2017-11-06 01:00:00,2017-11-06 01:00:00,1,4.44,4.44,Hs ≥ P95,4.44
652,2136,Bilbao-Vizcaya,Exterior,2017-11-08 07:00:00,2017-11-08 13:00:00,7,4.77,4.97,Hs ≥ P95,4.44
653,2136,Bilbao-Vizcaya,Exterior,2017-11-08 15:00:00,2017-11-08 15:00:00,1,4.68,4.68,Hs ≥ P95,4.44
654,2136,Bilbao-Vizcaya,Exterior,2017-11-08 22:00:00,2017-11-08 22:00:00,1,4.51,4.51,Hs ≥ P95,4.44
655,2136,Bilbao-Vizcaya,Exterior,2017-12-11 04:00:00,2017-12-11 10:00:00,7,5.55,6.54,Hs ≥ P95,4.44
656,2136,Bilbao-Vizcaya,Exterior,2017-12-27 00:00:00,2017-12-28 07:00:00,32,6.64,9.26,Hs ≥ P95,4.44
657,2136,Bilbao-Vizcaya,Exterior,2017-12-28 18:00:00,2017-12-28 19:00:00,2,4.57,4.57,Hs ≥ P95,4.44
658,2136,Bilbao-Vizcaya,Exterior,2017-12-30 09:00:00,2017-12-30 14:00:00,6,4.59,4.8,Hs ≥ P95,4.44
659,2136,Bilbao-Vizcaya,Exterior,2017-12-30 16:00:00,2017-12-31 08:00:00,17,4.97,5.74,Hs ≥ P95,4.44
660,2136,Bilbao-Vizcaya,Exterior,2017-12-31 10:00:00,2017-12-31 10:00:00,1,4.57,4.57,Hs ≥ P95,4.44
661,2136,Bilbao-Vizcaya,Exterior,2017-12-31 14:00:00,2018-01-02 19:00:00,54,5.87,8.2,Hs ≥ P95,4.44
662,2136,Bilbao-Vizcaya,Exterior,2018-01-03 14:00:00,2018-01-04 20:00:00,31,6.08,7.38,Hs ≥ P95,4.44
663,2136,Bilbao-Vizcaya,Exterior,2018-01-04 22:00:00,2018-01-05 05:00:00,8,4.75,5.16,Hs ≥ P95,4.44
664,2136,Bilbao-Vizcaya,Exterior,2018-01-05 07:00:00,2018-01-05 07:00:00,1,4.57,4.57,Hs ≥ P95,4.44
665,2136,Bilbao-Vizcaya,Exterior,2018-01-05 11:00:00,2018-01-05 12:00:00,2,4.63,4.69,Hs ≥ P95,4.44
666,2136,Bilbao-Vizcaya,Exterior,2018-01-06 02:00:00,2018-01-06 03:00:00,2,4.51,4.57,Hs ≥ P95,4.44
667,2136,Bilbao-Vizcaya,Exterior,2018-01-06 09:00:00,2018-01-06 09:00:00,1,4.45,4.45,Hs ≥ P95,4.44
668,2136,Bilbao-Vizcaya,Exterior,2018-01-06 16:00:00,2018-01-07 07:00:00,16,4.88,5.27,Hs ≥ P95,4.44
669,2136,Bilbao-Vizcaya,Exterior,2018-01-10 19:00:00,2018-01-12 00:00:00,30,5.49,6.45,Hs ≥ P95,4.44
670,2136,Bilbao-Vizcaya,Exterior,2018-01-12 03:00:00,2018-01-12 03:00:00,1,4.45,4.45,Hs ≥ P95,4.44
671,2136,Bilbao-Vizcaya,Exterior,2018-01-16 14:00:00,2018-01-19 09:00:00,68,6.41,9.26,Hs ≥ P95,4.44
672,2136,Bilbao-Vizcaya,Exterior,2018-01-20 14:00:00,2018-01-21 08:00:00,19,4.89,5.63,Hs ≥ P95,4.44
673,2136,Bilbao-Vizcaya,Exterior,2018-01-21 12:00:00,2018-01-21 12:00:00,1,4.45,4.45,Hs ≥ P95,4.44
674,2136,Bilbao-Vizcaya,Exterior,2018-01-25 02:00:00,2018-01-25 05:00:00,4,4.6,4.69,Hs ≥ P95,4.44
675,2136,Bilbao-Vizcaya,Exterior,2018-01-25 07:00:00,2018-01-25 09:00:00,3,4.84,5.04,Hs ≥ P95,4.44
676,2136,Bilbao-Vizcaya,Exterior,2018-01-25 13:00:00,2018-01-25 13:00:00,1,4.92,4.92,Hs ≥ P95,4.44
677,2136,Bilbao-Vizcaya,Exterior,2018-01-25 15:00:00,2018-01-25 17:00:00,3,4.72,4.8,Hs ≥ P95,4.44
678,2136,Bilbao-Vizcaya,Exterior,2018-01-25 19:00:00,2018-01-25 20:00:00,2,4.62,4.8,Hs ≥ P95,4.44
679,2136,Bilbao-Vizcaya,Exterior,2018-01-26 00:00:00,2018-01-26 05:00:00,6,4.71,5.04,Hs ≥ P95,4.44
680,2136,Bilbao-Vizcaya,Exterior,2018-01-26 07:00:00,2018-01-26 09:00:00,3,4.65,4.92,Hs ≥ P95,4.44
681,2136,Bilbao-Vizcaya,Exterior,2018-01-26 17:00:00,2018-01-26 19:00:00,3,4.69,4.8,Hs ≥ P95,4.44
682,2136,Bilbao-Vizcaya,Exterior,2018-01-26 21:00:00,2018-01-26 22:00:00,2,4.57,4.69,Hs ≥ P95,4.44
683,2136,Bilbao-Vizcaya,Exterior,2018-02-01 15:00:00,2018-02-01 22:00:00,8,4.56,4.69,Hs ≥ P95,4.44
684,2136,Bilbao-Vizcaya,Exterior,2018-02-02 01:00:00,2018-02-02 05:00:00,5,4.64,4.69,Hs ≥ P95,4.44
685,2136,Bilbao-Vizcaya,Exterior,2018-02-02 07:00:00,2018-02-02 07:00:00,1,4.8,4.8,Hs ≥ P95,4.44
686,2136,Bilbao-Vizcaya,Exterior,2018-02-04 18:00:00,2018-02-04 19:00:00,2,4.51,4.57,Hs ≥ P95,4.44
687,2136,Bilbao-Vizcaya,Exterior,2018-02-05 03:00:00,2018-02-05 03:00:00,1,4.57,4.57,Hs ≥ P95,4.44
688,2136,Bilbao-Vizcaya,Exterior,2018-02-07 12:00:00,2018-02-07 20:00:00,9,4.79,5.16,Hs ≥ P95,4.44
689,2136,Bilbao-Vizcaya,Exterior,2018-02-07 22:00:00,2018-02-07 23:00:00,2,4.57,4.57,Hs ≥ P95,4.44
690,2136,Bilbao-Vizcaya,Exterior,2018-02-13 14:00:00,2018-02-13 18:00:00,5,4.71,4.8,Hs ≥ P95,4.44
691,2136,Bilbao-Vizcaya,Exterior,2018-02-13 22:00:00,2018-02-14 00:00:00,3,4.53,4.69,Hs ≥ P95,4.44
692,2136,Bilbao-Vizcaya,Exterior,2018-02-14 02:00:00,2018-02-14 02:00:00,1,4.69,4.69,Hs ≥ P95,4.44
693,2136,Bilbao-Vizcaya,Exterior,2018-02-15 18:00:00,2018-02-16 13:00:00,20,5.27,5.98,Hs ≥ P95,4.44
694,2136,Bilbao-Vizcaya,Exterior,2018-02-16 15:00:00,2018-02-16 16:00:00,2,4.63,4.69,Hs ≥ P95,4.44
695,2136,Bilbao-Vizcaya,Exterior,2018-02-16 22:00:00,2018-02-16 22:00:00,1,4.45,4.45,Hs ≥ P95,4.44
696,2136,Bilbao-Vizcaya,Exterior,2018-03-02 00:00:00,2018-03-02 07:00:00,8,5.0,5.63,Hs ≥ P95,4.44
697,2136,Bilbao-Vizcaya,Exterior,2018-03-11 21:00:00,2018-03-12 17:00:00,21,5.01,5.63,Hs ≥ P95,4.44
698,2136,Bilbao-Vizcaya,Exterior,2018-03-12 22:00:00,2018-03-12 22:00:00,1,4.45,4.45,Hs ≥ P95,4.44
699,2136,Bilbao-Vizcaya,Exterior,2018-10-07 01:00:00,2018-10-07 01:00:00,1,4.55,4.55,Hs ≥ P95,4.44
700,2136,Bilbao-Vizcaya,Exterior,2018-10-07 05:00:00,2018-10-07 07:00:00,3,4.6,4.72,Hs ≥ P95,4.44
701,2136,Bilbao-Vizcaya,Exterior,2018-10-07 12:00:00,2018-10-07 12:00:00,1,4.52,4.52,Hs ≥ P95,4.44
702,2136,Bilbao-Vizcaya,Exterior,2018-10-29 09:00:00,2018-10-29 09:00:00,1,4.44,4.44,Hs ≥ P95,4.44
703,2136,Bilbao-Vizcaya,Exterior,2018-11-06 05:00:00,2018-11-06 08:00:00,4,4.84,5.14,Hs ≥ P95,4.44
704,2136,Bilbao-Vizcaya,Exterior,2018-11-07 12:00:00,2018-11-07 12:00:00,1,4.44,4.44,Hs ≥ P95,4.44
705,2136,Bilbao-Vizcaya,Exterior,2018-11-07 14:00:00,2018-11-07 21:00:00,8,4.96,5.37,Hs ≥ P95,4.44
706,2136,Bilbao-Vizcaya,Exterior,2018-11-08 00:00:00,2018-11-08 00:00:00,1,4.58,4.58,Hs ≥ P95,4.44
707,2136,Bilbao-Vizcaya,Exterior,2018-11-08 02:00:00,2018-11-08 02:00:00,1,4.48,4.48,Hs ≥ P95,4.44
708,2136,Bilbao-Vizcaya,Exterior,2018-11-08 08:00:00,2018-11-08 08:00:00,1,4.44,4.44,Hs ≥ P95,4.44
709,2136,Bilbao-Vizcaya,Exterior,2018-11-09 01:00:00,2018-11-09 11:00:00,11,4.98,5.69,Hs ≥ P95,4.44
710,2136,Bilbao-Vizcaya,Exterior,2018-11-09 14:00:00,2018-11-09 15:00:00,2,4.6,4.74,Hs ≥ P95,4.44
711,2136,Bilbao-Vizcaya,Exterior,2018-11-09 17:00:00,2018-11-09 17:00:00,1,4.54,4.54,Hs ≥ P95,4.44
712,2136,Bilbao-Vizcaya,Exterior,2018-11-18 00:00:00,2018-11-18 00:00:00,1,4.48,4.48,Hs ≥ P95,4.44
713,2136,Bilbao-Vizcaya,Exterior,2018-11-18 02:00:00,2018-11-18 06:00:00,5,5.39,6.02,Hs ≥ P95,4.44
714,2136,Bilbao-Vizcaya,Exterior,2018-11-18 08:00:00,2018-11-18 08:00:00,1,4.48,4.48,Hs ≥ P95,4.44
715,2136,Bilbao-Vizcaya,Exterior,2018-11-18 10:00:00,2018-11-18 10:00:00,1,4.46,4.46,Hs ≥ P95,4.44
716,2136,Bilbao-Vizcaya,Exterior,2018-11-18 12:00:00,2018-11-18 12:00:00,1,4.53,4.53,Hs ≥ P95,4.44
717,2136,Bilbao-Vizcaya,Exterior,2018-11-29 02:00:00,2018-11-29 04:00:00,3,4.62,4.72,Hs ≥ P95,4.44
718,2136,Bilbao-Vizcaya,Exterior,2018-12-09 03:00:00,2018-12-09 12:00:00,10,4.84,5.25,Hs ≥ P95,4.44
719,2136,Bilbao-Vizcaya,Exterior,2018-12-09 15:00:00,2018-12-09 15:00:00,1,4.6,4.6,Hs ≥ P95,4.44
720,2136,Bilbao-Vizcaya,Exterior,2018-12-09 17:00:00,2018-12-10 13:00:00,21,5.48,6.56,Hs ≥ P95,4.44
721,2136,Bilbao-Vizcaya,Exterior,2018-12-13 15:00:00,2018-12-13 16:00:00,2,4.85,4.9,Hs ≥ P95,4.44
722,2136,Bilbao-Vizcaya,Exterior,2019-01-23 02:00:00,2019-01-24 05:00:00,28,5.91,6.91,Hs ≥ P95,4.44
723,2136,Bilbao-Vizcaya,Exterior,2019-01-27 06:00:00,2019-01-28 17:00:00,36,5.83,6.88,Hs ≥ P95,4.44
724,2136,Bilbao-Vizcaya,Exterior,2019-01-28 19:00:00,2019-01-28 19:00:00,1,4.47,4.47,Hs ≥ P95,4.44
725,2136,Bilbao-Vizcaya,Exterior,2019-01-29 15:00:00,2019-01-30 18:00:00,28,5.82,8.22,Hs ≥ P95,4.44
726,2136,Bilbao-Vizcaya,Exterior,2019-01-30 20:00:00,2019-01-30 21:00:00,2,4.54,4.62,Hs ≥ P95,4.44
727,2136,Bilbao-Vizcaya,Exterior,2019-02-01 11:00:00,2019-02-02 21:00:00,35,6.44,7.99,Hs ≥ P95,4.44
728,2136,Bilbao-Vizcaya,Exterior,2019-02-06 22:00:00,2019-02-07 02:00:00,5,4.89,5.89,Hs ≥ P95,4.44
729,2136,Bilbao-Vizcaya,Exterior,2019-02-07 04:00:00,2019-02-07 08:00:00,5,4.64,4.89,Hs ≥ P95,4.44
730,2136,Bilbao-Vizcaya,Exterior,2019-02-07 12:00:00,2019-02-07 13:00:00,2,4.49,4.49,Hs ≥ P95,4.44
731,2136,Bilbao-Vizcaya,Exterior,2019-02-09 02:00:00,2019-02-09 13:00:00,12,4.84,5.47,Hs ≥ P95,4.44
732,2136,Bilbao-Vizcaya,Exterior,2019-02-18 08:00:00,2019-02-18 12:00:00,5,4.68,4.85,Hs ≥ P95,4.44
733,2136,Bilbao-Vizcaya,Exterior,2019-02-18 14:00:00,2019-02-18 14:00:00,1,4.57,4.57,Hs ≥ P95,4.44
734,2136,Bilbao-Vizcaya,Exterior,2019-02-18 16:00:00,2019-02-18 21:00:00,6,4.6,4.95,Hs ≥ P95,4.44
735,2136,Bilbao-Vizcaya,Exterior,2019-02-19 03:00:00,2019-02-19 03:00:00,1,4.51,4.51,Hs ≥ P95,4.44
736,2136,Bilbao-Vizcaya,Exterior,2019-02-19 06:00:00,2019-02-19 06:00:00,1,4.56,4.56,Hs ≥ P95,4.44
737,2136,Bilbao-Vizcaya,Exterior,2019-03-03 23:00:00,2019-03-03 23:00:00,1,4.49,4.49,Hs ≥ P95,4.44
738,2136,Bilbao-Vizcaya,Exterior,2019-03-04 01:00:00,2019-03-04 21:00:00,21,5.72,6.88,Hs ≥ P95,4.44
739,2136,Bilbao-Vizcaya,Exterior,2019-03-06 22:00:00,2019-03-07 01:00:00,4,4.78,4.91,Hs ≥ P95,4.44
740,2136,Bilbao-Vizcaya,Exterior,2019-03-07 10:00:00,2019-03-07 10:00:00,1,4.5,4.5,Hs ≥ P95,4.44
741,2136,Bilbao-Vizcaya,Exterior,2019-03-11 04:00:00,2019-03-11 04:00:00,1,4.53,4.53,Hs ≥ P95,4.44
742,2136,Bilbao-Vizcaya,Exterior,2019-03-13 10:00:00,2019-03-14 09:00:00,24,5.54,6.74,Hs ≥ P95,4.44
743,2136,Bilbao-Vizcaya,Exterior,2019-03-14 11:00:00,2019-03-14 12:00:00,2,4.57,4.67,Hs ≥ P95,4.44
744,2136,Bilbao-Vizcaya,Exterior,2019-04-26 04:00:00,2019-04-26 21:00:00,18,5.08,5.52,Hs ≥ P95,4.44
745,2136,Bilbao-Vizcaya,Exterior,2019-04-27 17:00:00,2019-04-27 20:00:00,4,4.73,4.96,Hs ≥ P95,4.44
746,2136,Bilbao-Vizcaya,Exterior,2019-04-27 22:00:00,2019-04-28 02:00:00,5,4.67,5.0,Hs ≥ P95,4.44
747,2136,Bilbao-Vizcaya,Exterior,2019-04-28 04:00:00,2019-04-28 04:00:00,1,4.48,4.48,Hs ≥ P95,4.44
748,2136,Bilbao-Vizcaya,Exterior,2019-05-09 00:00:00,2019-05-09 12:00:00,13,5.67,6.92,Hs ≥ P95,4.44
749,2136,Bilbao-Vizcaya,Exterior,2019-06-07 07:00:00,2019-06-07 15:00:00,9,5.58,6.25,Hs ≥ P95,4.44
750,2136,Bilbao-Vizcaya,Exterior,2019-07-29 19:00:00,2019-07-29 22:00:00,4,4.79,4.97,Hs ≥ P95,4.44
751,2136,Bilbao-Vizcaya,Exterior,2019-07-30 02:00:00,2019-07-30 02:00:00,1,4.7,4.7,Hs ≥ P95,4.44
752,2136,Bilbao-Vizcaya,Exterior,2019-09-10 13:00:00,2019-09-10 13:00:00,1,4.53,4.53,Hs ≥ P95,4.44
753,2136,Bilbao-Vizcaya,Exterior,2019-09-25 13:00:00,2019-09-25 15:00:00,3,4.57,4.62,Hs ≥ P95,4.44
754,2136,Bilbao-Vizcaya,Exterior,2019-10-18 11:00:00,2019-10-18 11:00:00,1,4.79,4.79,Hs ≥ P95,4.44
755,2136,Bilbao-Vizcaya,Exterior,2019-11-02 21:00:00,2019-11-03 14:00:00,18,7.54,10.69,Hs ≥ P95,4.44
756,2136,Bilbao-Vizcaya,Exterior,2020-01-09 19:00:00,2020-01-10 12:00:00,18,5.72,7.21,Hs ≥ P95,4.44
757,2136,Bilbao-Vizcaya,Exterior,2020-01-14 07:00:00,2020-01-14 07:00:00,1,4.51,4.51,Hs ≥ P95,4.44
758,2136,Bilbao-Vizcaya,Exterior,2020-01-14 09:00:00,2020-01-15 11:00:00,27,5.27,6.79,Hs ≥ P95,4.44
759,2136,Bilbao-Vizcaya,Exterior,2020-01-28 08:00:00,2020-01-28 23:00:00,16,4.98,5.59,Hs ≥ P95,4.44
760,2136,Bilbao-Vizcaya,Exterior,2020-01-29 01:00:00,2020-01-29 01:00:00,1,4.83,4.83,Hs ≥ P95,4.44
761,2136,Bilbao-Vizcaya,Exterior,2020-01-29 03:00:00,2020-01-29 03:00:00,1,4.48,4.48,Hs ≥ P95,4.44
762,2136,Bilbao-Vizcaya,Exterior,2020-01-29 05:00:00,2020-01-29 15:00:00,11,4.78,5.27,Hs ≥ P95,4.44
763,2136,Bilbao-Vizcaya,Exterior,2020-02-09 18:00:00,2020-02-09 19:00:00,2,4.82,5.16,Hs ≥ P95,4.44
764,2136,Bilbao-Vizcaya,Exterior,2020-02-09 21:00:00,2020-02-09 21:00:00,1,4.91,4.91,Hs ≥ P95,4.44
765,2136,Bilbao-Vizcaya,Exterior,2020-02-10 01:00:00,2020-02-10 01:00:00,1,4.75,4.75,Hs ≥ P95,4.44
766,2136,Bilbao-Vizcaya,Exterior,2020-02-10 05:00:00,2020-02-12 15:00:00,59,5.76,7.22,Hs ≥ P95,4.44
767,2136,Bilbao-Vizcaya,Exterior,2020-02-12 20:00:00,2020-02-12 20:00:00,1,4.51,4.51,Hs ≥ P95,4.44
768,2136,Bilbao-Vizcaya,Exterior,2020-02-14 00:00:00,2020-02-14 11:00:00,12,5.69,6.42,Hs ≥ P95,4.44
769,2136,Bilbao-Vizcaya,Exterior,2020-02-15 09:00:00,2020-02-18 15:00:00,79,5.53,7.54,Hs ≥ P95,4.44
770,2136,Bilbao-Vizcaya,Exterior,2020-02-18 18:00:00,2020-02-18 18:00:00,1,4.81,4.81,Hs ≥ P95,4.44
771,2136,Bilbao-Vizcaya,Exterior,2020-02-18 22:00:00,2020-02-18 23:00:00,2,4.49,4.51,Hs ≥ P95,4.44
772,2136,Bilbao-Vizcaya,Exterior,2020-02-26 03:00:00,2020-02-26 03:00:00,1,4.45,4.45,Hs ≥ P95,4.44
773,2136,Bilbao-Vizcaya,Exterior,2020-02-26 05:00:00,2020-02-26 11:00:00,7,4.69,5.15,Hs ≥ P95,4.44
774,2136,Bilbao-Vizcaya,Exterior,2020-02-26 13:00:00,2020-02-26 22:00:00,10,4.87,5.22,Hs ≥ P95,4.44
775,2136,Bilbao-Vizcaya,Exterior,2020-02-27 03:00:00,2020-02-27 03:00:00,1,4.55,4.55,Hs ≥ P95,4.44
776,2136,Bilbao-Vizcaya,Exterior,2020-02-27 10:00:00,2020-02-27 21:00:00,12,4.88,5.5,Hs ≥ P95,4.44
777,2136,Bilbao-Vizcaya,Exterior,2020-03-01 09:00:00,2020-03-01 20:00:00,12,5.39,5.84,Hs ≥ P95,4.44
778,2136,Bilbao-Vizcaya,Exterior,2020-03-02 06:00:00,2020-03-03 00:00:00,19,5.02,5.54,Hs ≥ P95,4.44
779,2136,Bilbao-Vizcaya,Exterior,2020-03-03 13:00:00,2020-03-03 20:00:00,8,6.18,7.19,Hs ≥ P95,4.44
780,2136,Bilbao-Vizcaya,Exterior,2020-03-03 22:00:00,2020-03-03 22:00:00,1,4.6,4.6,Hs ≥ P95,4.44
781,2136,Bilbao-Vizcaya,Exterior,2020-03-05 12:00:00,2020-03-05 23:00:00,12,5.33,5.96,Hs ≥ P95,4.44
782,2136,Bilbao-Vizcaya,Exterior,2020-03-06 02:00:00,2020-03-06 23:00:00,22,5.59,6.24,Hs ≥ P95,4.44
783,2136,Bilbao-Vizcaya,Exterior,2020-03-07 01:00:00,2020-03-07 07:00:00,7,4.82,5.16,Hs ≥ P95,4.44
784,2136,Bilbao-Vizcaya,Exterior,2020-03-13 12:00:00,2020-03-13 12:00:00,1,4.56,4.56,Hs ≥ P95,4.44
785,2136,Bilbao-Vizcaya,Exterior,2020-03-13 14:00:00,2020-03-13 14:00:00,1,4.45,4.45,Hs ≥ P95,4.44
786,2136,Bilbao-Vizcaya,Exterior,2020-06-12 10:00:00,2020-06-12 10:00:00,1,4.52,4.52,Hs ≥ P95,4.44
787,2136,Bilbao-Vizcaya,Exterior,2020-09-24 18:00:00,2020-09-26 04:00:00,35,5.92,7.35,Hs ≥ P95,4.44
788,2136,Bilbao-Vizcaya,Exterior,2020-09-26 16:00:00,2020-09-26 18:00:00,3,4.97,5.22,Hs ≥ P95,4.44
789,2136,Bilbao-Vizcaya,Exterior,2020-09-26 20:00:00,2020-09-26 20:00:00,1,4.46,4.46,Hs ≥ P95,4.44
790,2136,Bilbao-Vizcaya,Exterior,2020-10-02 08:00:00,2020-10-03 21:00:00,38,6.2,8.52,Hs ≥ P95,4.44
791,2136,Bilbao-Vizcaya,Exterior,2020-10-03 23:00:00,2020-10-04 00:00:00,2,4.46,4.49,Hs ≥ P95,4.44
792,2136,Bilbao-Vizcaya,Exterior,2020-10-04 07:00:00,2020-10-04 09:00:00,3,4.72,4.93,Hs ≥ P95,4.44
793,2136,Bilbao-Vizcaya,Exterior,2020-10-04 11:00:00,2020-10-04 11:00:00,1,4.73,4.73,Hs ≥ P95,4.44
794,2136,Bilbao-Vizcaya,Exterior,2020-10-04 14:00:00,2020-10-04 14:00:00,1,4.45,4.45,Hs ≥ P95,4.44
795,2136,Bilbao-Vizcaya,Exterior,2020-10-05 01:00:00,2020-10-05 03:00:00,3,4.84,5.06,Hs ≥ P95,4.44
796,2136,Bilbao-Vizcaya,Exterior,2020-10-05 15:00:00,2020-10-05 17:00:00,3,4.54,4.63,Hs ≥ P95,4.44
797,2136,Bilbao-Vizcaya,Exterior,2020-10-25 16:00:00,2020-10-27 03:00:00,36,5.23,6.12,Hs ≥ P95,4.44
798,2136,Bilbao-Vizcaya,Exterior,2020-10-27 05:00:00,2020-10-27 06:00:00,2,4.7,4.81,Hs ≥ P95,4.44
799,2136,Bilbao-Vizcaya,Exterior,2020-10-28 16:00:00,2020-10-30 00:00:00,33,6.15,7.85,Hs ≥ P95,4.44
800,2136,Bilbao-Vizcaya,Exterior,2020-10-30 02:00:00,2020-10-30 02:00:00,1,4.89,4.89,Hs ≥ P95,4.44
801,2136,Bilbao-Vizcaya,Exterior,2020-11-16 06:00:00,2020-11-16 12:00:00,7,4.79,5.02,Hs ≥ P95,4.44
802,2136,Bilbao-Vizcaya,Exterior,2020-12-03 22:00:00,2020-12-06 11:00:00,62,5.85,7.11,Hs ≥ P95,4.44
803,2136,Bilbao-Vizcaya,Exterior,2020-12-07 10:00:00,2020-12-08 09:00:00,24,6.12,8.85,Hs ≥ P95,4.44
804,2136,Bilbao-Vizcaya,Exterior,2020-12-11 16:00:00,2020-12-13 00:00:00,33,5.39,6.63,Hs ≥ P95,4.44
805,2136,Bilbao-Vizcaya,Exterior,2020-12-14 14:00:00,2020-12-14 15:00:00,2,4.55,4.57,Hs ≥ P95,4.44
806,2136,Bilbao-Vizcaya,Exterior,2020-12-19 21:00:00,2020-12-19 22:00:00,2,4.59,4.66,Hs ≥ P95,4.44
807,2136,Bilbao-Vizcaya,Exterior,2020-12-20 00:00:00,2020-12-20 00:00:00,1,4.53,4.53,Hs ≥ P95,4.44
808,2136,Bilbao-Vizcaya,Exterior,2020-12-20 04:00:00,2020-12-20 04:00:00,1,4.54,4.54,Hs ≥ P95,4.44
809,2136,Bilbao-Vizcaya,Exterior,2020-12-24 07:00:00,2020-12-24 09:00:00,3,4.85,5.1,Hs ≥ P95,4.44
810,2136,Bilbao-Vizcaya,Exterior,2020-12-24 12:00:00,2020-12-24 12:00:00,1,4.52,4.52,Hs ≥ P95,4.44
811,2136,Bilbao-Vizcaya,Exterior,2020-12-27 15:00:00,2020-12-29 06:00:00,40,8.18,9.92,Hs ≥ P95,4.44
812,2136,Bilbao-Vizcaya,Exterior,2021-01-22 07:00:00,2021-01-22 16:00:00,10,4.99,5.39,Hs ≥ P95,4.44
813,2136,Bilbao-Vizcaya,Exterior,2021-01-22 20:00:00,2021-01-22 20:00:00,1,4.44,4.44,Hs ≥ P95,4.44
814,2136,Bilbao-Vizcaya,Exterior,2021-01-23 10:00:00,2021-01-23 14:00:00,5,4.97,5.2,Hs ≥ P95,4.44
815,2136,Bilbao-Vizcaya,Exterior,2021-01-30 14:00:00,2021-01-31 17:00:00,28,7.0,9.92,Hs ≥ P95,4.44
816,2136,Bilbao-Vizcaya,Exterior,2021-01-31 21:00:00,2021-02-02 05:00:00,33,6.14,7.8,Hs ≥ P95,4.44
817,2136,Bilbao-Vizcaya,Exterior,2021-02-02 07:00:00,2021-02-02 07:00:00,1,4.46,4.46,Hs ≥ P95,4.44
818,2136,Bilbao-Vizcaya,Exterior,2021-02-02 09:00:00,2021-02-02 09:00:00,1,4.55,4.55,Hs ≥ P95,4.44
819,2136,Bilbao-Vizcaya,Exterior,2021-02-10 10:00:00,2021-02-10 10:00:00,1,4.47,4.47,Hs ≥ P95,4.44
820,2136,Bilbao-Vizcaya,Exterior,2021-02-10 12:00:00,2021-02-10 18:00:00,7,4.8,5.06,Hs ≥ P95,4.44
821,2136,Bilbao-Vizcaya,Exterior,2021-02-15 09:00:00,2021-02-15 09:00:00,1,4.55,4.55,Hs ≥ P95,4.44
822,2136,Bilbao-Vizcaya,Exterior,2021-02-20 14:00:00,2021-02-20 15:00:00,2,4.62,4.71,Hs ≥ P95,4.44
823,2136,Bilbao-Vizcaya,Exterior,2021-02-21 22:00:00,2021-02-21 22:00:00,1,4.52,4.52,Hs ≥ P95,4.44
824,2136,Bilbao-Vizcaya,Exterior,2021-02-22 00:00:00,2021-02-22 00:00:00,1,4.46,4.46,Hs ≥ P95,4.44
825,2136,Bilbao-Vizcaya,Exterior,2021-02-22 02:00:00,2021-02-22 06:00:00,5,4.74,4.93,Hs ≥ P95,4.44
826,2136,Bilbao-Vizcaya,Exterior,2021-02-24 08:00:00,2021-02-24 09:00:00,2,4.96,5.29,Hs ≥ P95,4.44
827,2136,Bilbao-Vizcaya,Exterior,2021-02-24 11:00:00,2021-02-24 11:00:00,1,4.7,4.7,Hs ≥ P95,4.44
828,2136,Bilbao-Vizcaya,Exterior,2021-02-24 13:00:00,2021-02-24 13:00:00,1,4.96,4.96,Hs ≥ P95,4.44
829,2136,Bilbao-Vizcaya,Exterior,2021-02-24 22:00:00,2021-02-24 22:00:00,1,4.9,4.9,Hs ≥ P95,4.44
830,2136,Bilbao-Vizcaya,Exterior,2021-03-11 18:00:00,2021-03-12 09:00:00,16,5.72,6.81,Hs ≥ P95,4.44
831,2136,Bilbao-Vizcaya,Exterior,2021-03-12 11:00:00,2021-03-12 12:00:00,2,4.68,4.79,Hs ≥ P95,4.44
832,2136,Bilbao-Vizcaya,Exterior,2021-03-13 13:00:00,2021-03-13 13:00:00,1,4.5,4.5,Hs ≥ P95,4.44
833,2136,Bilbao-Vizcaya,Exterior,2021-03-13 15:00:00,2021-03-14 08:00:00,18,5.27,5.58,Hs ≥ P95,4.44
834,2136,Bilbao-Vizcaya,Exterior,2021-03-14 10:00:00,2021-03-14 12:00:00,3,4.7,4.8,Hs ≥ P95,4.44
835,2136,Bilbao-Vizcaya,Exterior,2021-03-27 14:00:00,2021-03-27 23:00:00,10,5.1,5.94,Hs ≥ P95,4.44
836,2136,Bilbao-Vizcaya,Exterior,2021-03-28 03:00:00,2021-03-28 04:00:00,2,4.61,4.73,Hs ≥ P95,4.44
837,2136,Bilbao-Vizcaya,Exterior,2021-05-24 21:00:00,2021-05-25 02:00:00,6,5.0,5.5,Hs ≥ P95,4.44
838,2136,Bilbao-Vizcaya,Exterior,2021-05-25 04:00:00,2021-05-25 05:00:00,2,4.66,4.85,Hs ≥ P95,4.44
839,2136,Bilbao-Vizcaya,Exterior,2021-10-21 00:00:00,2021-10-21 01:00:00,2,4.57,4.64,Hs ≥ P95,4.44
840,2136,Bilbao-Vizcaya,Exterior,2021-10-21 03:00:00,2021-10-21 12:00:00,10,4.99,5.82,Hs ≥ P95,4.44
841,2136,Bilbao-Vizcaya,Exterior,2021-11-01 22:00:00,2021-11-02 03:00:00,6,4.68,4.9,Hs ≥ P95,4.44
842,2136,Bilbao-Vizcaya,Exterior,2021-11-27 06:00:00,2021-11-28 12:00:00,31,5.6,6.75,Hs ≥ P95,4.44
843,2136,Bilbao-Vizcaya,Exterior,2021-11-28 14:00:00,2021-11-28 14:00:00,1,4.51,4.51,Hs ≥ P95,4.44
844,2136,Bilbao-Vizcaya,Exterior,2021-12-04 15:00:00,2021-12-04 16:00:00,2,4.5,4.54,Hs ≥ P95,4.44
845,2136,Bilbao-Vizcaya,Exterior,2021-12-04 23:00:00,2021-12-06 02:00:00,28,5.38,6.37,Hs ≥ P95,4.44
846,2136,Bilbao-Vizcaya,Exterior,2021-12-06 04:00:00,2021-12-06 04:00:00,1,4.65,4.65,Hs ≥ P95,4.44
847,2136,Bilbao-Vizcaya,Exterior,2021-12-06 07:00:00,2021-12-06 07:00:00,1,4.45,4.45,Hs ≥ P95,4.44
848,2136,Bilbao-Vizcaya,Exterior,2021-12-07 22:00:00,2021-12-11 03:00:00,78,5.95,7.58,Hs ≥ P95,4.44
849,2136,Bilbao-Vizcaya,Exterior,2021-12-11 07:00:00,2021-12-11 16:00:00,10,4.76,5.34,Hs ≥ P95,4.44
850,2136,Bilbao-Vizcaya,Exterior,2021-12-28 06:00:00,2021-12-28 09:00:00,4,4.67,4.89,Hs ≥ P95,4.44
851,2136,Bilbao-Vizcaya,Exterior,2021-12-28 11:00:00,2021-12-28 12:00:00,2,4.63,4.82,Hs ≥ P95,4.44
852,2136,Bilbao-Vizcaya,Exterior,2022-01-07 15:00:00,2022-01-10 15:00:00,73,6.09,7.24,Hs ≥ P95,4.44
853,2136,Bilbao-Vizcaya,Exterior,2022-01-12 10:00:00,2022-01-12 10:00:00,1,4.61,4.61,Hs ≥ P95,4.44
854,2136,Bilbao-Vizcaya,Exterior,2022-02-07 10:00:00,2022-02-07 11:00:00,2,4.68,4.75,Hs ≥ P95,4.44
855,2136,Bilbao-Vizcaya,Exterior,2022-02-07 13:00:00,2022-02-07 14:00:00,2,4.52,4.56,Hs ≥ P95,4.44
856,2136,Bilbao-Vizcaya,Exterior,2022-02-09 15:00:00,2022-02-09 15:00:00,1,4.68,4.68,Hs ≥ P95,4.44
857,2136,Bilbao-Vizcaya,Exterior,2022-02-09 22:00:00,2022-02-09 22:00:00,1,4.58,4.58,Hs ≥ P95,4.44
858,2136,Bilbao-Vizcaya,Exterior,2022-02-10 10:00:00,2022-02-10 10:00:00,1,4.65,4.65,Hs ≥ P95,4.44
859,2136,Bilbao-Vizcaya,Exterior,2022-02-10 19:00:00,2022-02-10 19:00:00,1,4.62,4.62,Hs ≥ P95,4.44
860,2136,Bilbao-Vizcaya,Exterior,2022-02-14 09:00:00,2022-02-14 10:00:00,2,4.64,4.66,Hs ≥ P95,4.44
861,2136,Bilbao-Vizcaya,Exterior,2022-02-14 13:00:00,2022-02-14 13:00:00,1,4.54,4.54,Hs ≥ P95,4.44
862,2136,Bilbao-Vizcaya,Exterior,2022-02-14 15:00:00,2022-02-14 22:00:00,8,4.66,5.08,Hs ≥ P95,4.44
863,2136,Bilbao-Vizcaya,Exterior,2022-02-15 00:00:00,2022-02-15 00:00:00,1,4.74,4.74,Hs ≥ P95,4.44
864,2136,Bilbao-Vizcaya,Exterior,2022-02-15 03:00:00,2022-02-15 03:00:00,1,4.44,4.44,Hs ≥ P95,4.44
865,2136,Bilbao-Vizcaya,Exterior,2022-02-17 14:00:00,2022-02-17 14:00:00,1,4.45,4.45,Hs ≥ P95,4.44
866,2136,Bilbao-Vizcaya,Exterior,2022-02-17 17:00:00,2022-02-17 17:00:00,1,4.56,4.56,Hs ≥ P95,4.44
867,2136,Bilbao-Vizcaya,Exterior,2022-02-17 22:00:00,2022-02-17 22:00:00,1,4.45,4.45,Hs ≥ P95,4.44
868,2136,Bilbao-Vizcaya,Exterior,2022-02-18 01:00:00,2022-02-18 01:00:00,1,4.72,4.72,Hs ≥ P95,4.44
869,2136,Bilbao-Vizcaya,Exterior,2022-02-18 04:00:00,2022-02-18 05:00:00,2,4.8,5.0,Hs ≥ P95,4.44
870,2136,Bilbao-Vizcaya,Exterior,2022-02-18 08:00:00,2022-02-18 08:00:00,1,4.48,4.48,Hs ≥ P95,4.44
871,2136,Bilbao-Vizcaya,Exterior,2022-02-18 20:00:00,2022-02-18 20:00:00,1,4.73,4.73,Hs ≥ P95,4.44
872,2136,Bilbao-Vizcaya,Exterior,2022-02-18 22:00:00,2022-02-19 16:00:00,19,5.22,5.84,Hs ≥ P95,4.44
873,2136,Bilbao-Vizcaya,Exterior,2022-02-19 18:00:00,2022-02-19 18:00:00,1,4.56,4.56,Hs ≥ P95,4.44
874,2136,Bilbao-Vizcaya,Exterior,2022-02-21 11:00:00,2022-02-22 11:00:00,25,5.46,6.0,Hs ≥ P95,4.44
875,2136,Bilbao-Vizcaya,Exterior,2022-02-22 13:00:00,2022-02-22 13:00:00,1,4.61,4.61,Hs ≥ P95,4.44
876,2136,Bilbao-Vizcaya,Exterior,2022-02-22 15:00:00,2022-02-22 15:00:00,1,4.5,4.5,Hs ≥ P95,4.44
877,2136,Bilbao-Vizcaya,Exterior,2022-02-24 16:00:00,2022-02-26 03:00:00,36,5.86,7.08,Hs ≥ P95,4.44
878,2136,Bilbao-Vizcaya,Exterior,2022-03-01 11:00:00,2022-03-01 11:00:00,1,4.47,4.47,Hs ≥ P95,4.44
879,2136,Bilbao-Vizcaya,Exterior,2022-03-11 21:00:00,2022-03-12 06:00:00,10,5.17,5.43,Hs ≥ P95,4.44
880,2136,Bilbao-Vizcaya,Exterior,2022-03-12 08:00:00,2022-03-12 12:00:00,5,4.98,5.52,Hs ≥ P95,4.44
881,2136,Bilbao-Vizcaya,Exterior,2022-03-13 15:00:00,2022-03-13 18:00:00,4,4.61,4.72,Hs ≥ P95,4.44
882,2136,Bilbao-Vizcaya,Exterior,2022-03-17 06:00:00,2022-03-17 06:00:00,1,4.57,4.57,Hs ≥ P95,4.44
883,2136,Bilbao-Vizcaya,Exterior,2022-03-17 13:00:00,2022-03-17 13:00:00,1,4.46,4.46,Hs ≥ P95,4.44
884,2136,Bilbao-Vizcaya,Exterior,2022-04-08 22:00:00,2022-04-08 22:00:00,1,4.47,4.47,Hs ≥ P95,4.44
885,2136,Bilbao-Vizcaya,Exterior,2022-04-23 21:00:00,2022-04-23 23:00:00,3,4.71,4.99,Hs ≥ P95,4.44
886,2136,Bilbao-Vizcaya,Exterior,2022-09-28 06:00:00,2022-09-28 07:00:00,2,4.69,4.75,Hs ≥ P95,4.44
887,2136,Bilbao-Vizcaya,Exterior,2022-09-28 09:00:00,2022-09-28 09:00:00,1,4.58,4.58,Hs ≥ P95,4.44
888,2136,Bilbao-Vizcaya,Exterior,2022-09-28 11:00:00,2022-09-28 11:00:00,1,4.48,4.48,Hs ≥ P95,4.44
889,2136,Bilbao-Vizcaya,Exterior,2022-11-03 16:00:00,2022-11-03 17:00:00,2,4.95,4.99,Hs ≥ P95,4.44
890,2136,Bilbao-Vizcaya,Exterior,2022-11-03 20:00:00,2022-11-03 20:00:00,1,4.67,4.67,Hs ≥ P95,4.44
891,2136,Bilbao-Vizcaya,Exterior,2022-11-03 23:00:00,2022-11-03 23:00:00,1,4.86,4.86,Hs ≥ P95,4.44
892,2136,Bilbao-Vizcaya,Exterior,2022-11-04 02:00:00,2022-11-04 09:00:00,8,5.55,6.46,Hs ≥ P95,4.44
893,2136,Bilbao-Vizcaya,Exterior,2022-11-04 18:00:00,2022-11-04 18:00:00,1,5.16,5.16,Hs ≥ P95,4.44
894,2136,Bilbao-Vizcaya,Exterior,2022-11-05 01:00:00,2022-11-05 01:00:00,1,5.08,5.08,Hs ≥ P95,4.44
895,2136,Bilbao-Vizcaya,Exterior,2022-11-06 18:00:00,2022-11-06 18:00:00,1,4.58,4.58,Hs ≥ P95,4.44
896,2136,Bilbao-Vizcaya,Exterior,2022-11-06 21:00:00,2022-11-06 21:00:00,1,4.81,4.81,Hs ≥ P95,4.44
897,2136,Bilbao-Vizcaya,Exterior,2022-11-07 01:00:00,2022-11-07 03:00:00,3,4.63,4.94,Hs ≥ P95,4.44
898,2136,Bilbao-Vizcaya,Exterior,2022-11-07 05:00:00,2022-11-07 11:00:00,7,5.55,5.99,Hs ≥ P95,4.44
899,2136,Bilbao-Vizcaya,Exterior,2022-11-07 13:00:00,2022-11-07 13:00:00,1,4.91,4.91,Hs ≥ P95,4.44
900,2136,Bilbao-Vizcaya,Exterior,2022-11-07 18:00:00,2022-11-07 20:00:00,3,4.68,4.93,Hs ≥ P95,4.44
901,2136,Bilbao-Vizcaya,Exterior,2022-11-09 17:00:00,2022-11-09 17:00:00,1,4.62,4.62,Hs ≥ P95,4.44
902,2136,Bilbao-Vizcaya,Exterior,2022-11-16 20:00:00,2022-11-16 20:00:00,1,4.65,4.65,Hs ≥ P95,4.44
903,2136,Bilbao-Vizcaya,Exterior,2022-11-17 01:00:00,2022-11-17 03:00:00,3,5.8,5.89,Hs ≥ P95,4.44
904,2136,Bilbao-Vizcaya,Exterior,2022-11-17 05:00:00,2022-11-17 06:00:00,2,5.19,5.27,Hs ≥ P95,4.44
905,2136,Bilbao-Vizcaya,Exterior,2022-11-17 10:00:00,2022-11-17 12:00:00,3,4.97,5.14,Hs ≥ P95,4.44
906,2136,Bilbao-Vizcaya,Exterior,2022-11-21 16:00:00,2022-11-21 16:00:00,1,5.43,5.43,Hs ≥ P95,4.44
907,2136,Bilbao-Vizcaya,Exterior,2022-11-21 22:00:00,2022-11-21 22:00:00,1,6.38,6.38,Hs ≥ P95,4.44
908,2136,Bilbao-Vizcaya,Exterior,2022-11-22 01:00:00,2022-11-22 01:00:00,1,6.14,6.14,Hs ≥ P95,4.44
909,2136,Bilbao-Vizcaya,Exterior,2022-11-24 10:00:00,2022-11-24 11:00:00,2,6.66,6.86,Hs ≥ P95,4.44
910,2136,Bilbao-Vizcaya,Exterior,2022-11-24 16:00:00,2022-11-24 16:00:00,1,5.62,5.62,Hs ≥ P95,4.44
911,2136,Bilbao-Vizcaya,Exterior,2022-11-24 20:00:00,2022-11-24 20:00:00,1,5.2,5.2,Hs ≥ P95,4.44
912,2136,Bilbao-Vizcaya,Exterior,2022-11-25 00:00:00,2022-11-25 00:00:00,1,5.47,5.47,Hs ≥ P95,4.44
913,2136,Bilbao-Vizcaya,Exterior,2022-11-29 06:00:00,2022-11-29 06:00:00,1,5.11,5.11,Hs ≥ P95,4.44
914,2136,Bilbao-Vizcaya,Exterior,2023-01-08 05:00:00,2023-01-09 23:00:00,43,5.68,6.98,Hs ≥ P95,4.44
915,2136,Bilbao-Vizcaya,Exterior,2023-01-10 01:00:00,2023-01-10 02:00:00,2,4.59,4.74,Hs ≥ P95,4.44
916,2136,Bilbao-Vizcaya,Exterior,2023-01-10 04:00:00,2023-01-10 04:00:00,1,4.56,4.56,Hs ≥ P95,4.44
917,2136,Bilbao-Vizcaya,Exterior,2023-01-12 12:00:00,2023-01-12 17:00:00,6,4.76,4.86,Hs ≥ P95,4.44
918,2136,Bilbao-Vizcaya,Exterior,2023-01-13 03:00:00,2023-01-13 03:00:00,1,4.52,4.52,Hs ≥ P95,4.44
919,2136,Bilbao-Vizcaya,Exterior,2023-01-13 05:00:00,2023-01-13 05:00:00,1,4.69,4.69,Hs ≥ P95,4.44
920,2136,Bilbao-Vizcaya,Exterior,2023-01-13 08:00:00,2023-01-13 08:00:00,1,4.6,4.6,Hs ≥ P95,4.44
921,2136,Bilbao-Vizcaya,Exterior,2023-01-13 18:00:00,2023-01-13 18:00:00,1,4.47,4.47,Hs ≥ P95,4.44
922,2136,Bilbao-Vizcaya,Exterior,2023-01-16 01:00:00,2023-01-17 01:00:00,25,7.1,9.25,Hs ≥ P95,4.44
923,2136,Bilbao-Vizcaya,Exterior,2023-01-17 04:00:00,2023-01-18 22:00:00,43,5.43,6.34,Hs ≥ P95,4.44
924,2136,Bilbao-Vizcaya,Exterior,2023-01-19 00:00:00,2023-01-19 00:00:00,1,4.52,4.52,Hs ≥ P95,4.44
925,2136,Bilbao-Vizcaya,Exterior,2023-01-19 02:00:00,2023-01-19 03:00:00,2,4.51,4.56,Hs ≥ P95,4.44
926,2136,Bilbao-Vizcaya,Exterior,2023-01-19 05:00:00,2023-01-19 07:00:00,3,4.66,4.72,Hs ≥ P95,4.44
927,2136,Bilbao-Vizcaya,Exterior,2023-01-19 09:00:00,2023-01-19 09:00:00,1,4.6,4.6,Hs ≥ P95,4.44
928,2136,Bilbao-Vizcaya,Exterior,2023-01-19 17:00:00,2023-01-19 23:00:00,7,5.0,5.37,Hs ≥ P95,4.44
929,2136,Bilbao-Vizcaya,Exterior,2023-03-10 03:00:00,2023-03-10 16:00:00,14,5.52,6.27,Hs ≥ P95,4.44
930,2136,Bilbao-Vizcaya,Exterior,2023-03-13 20:00:00,2023-03-14 17:00:00,22,5.83,7.05,Hs ≥ P95,4.44
931,2136,Bilbao-Vizcaya,Exterior,2023-03-23 20:00:00,2023-03-24 10:00:00,15,4.83,5.22,Hs ≥ P95,4.44
932,2136,Bilbao-Vizcaya,Exterior,2023-03-24 12:00:00,2023-03-24 12:00:00,1,4.46,4.46,Hs ≥ P95,4.44
933,2136,Bilbao-Vizcaya,Exterior,2023-03-24 15:00:00,2023-03-24 16:00:00,2,4.58,4.66,Hs ≥ P95,4.44
934,2136,Bilbao-Vizcaya,Exterior,2023-03-24 18:00:00,2023-03-24 18:00:00,1,4.51,4.51,Hs ≥ P95,4.44
935,2136,Bilbao-Vizcaya,Exterior,2023-03-25 07:00:00,2023-03-25 07:00:00,1,4.44,4.44,Hs ≥ P95,4.44
936,2136,Bilbao-Vizcaya,Exterior,2023-03-26 09:00:00,2023-03-26 09:00:00,1,4.61,4.61,Hs ≥ P95,4.44
937,2136,Bilbao-Vizcaya,Exterior,2023-03-26 11:00:00,2023-03-26 11:00:00,1,4.44,4.44,Hs ≥ P95,4.44
938,2136,Bilbao-Vizcaya,Exterior,2023-03-26 13:00:00,2023-03-27 02:00:00,14,5.51,6.49,Hs ≥ P95,4.44
939,2136,Bilbao-Vizcaya,Exterior,2023-03-27 04:00:00,2023-03-27 04:00:00,1,4.48,4.48,Hs ≥ P95,4.44
940,2136,Bilbao-Vizcaya,Exterior,2023-03-31 07:00:00,2023-04-01 04:00:00,22,5.55,7.14,Hs ≥ P95,4.44
941,2136,Bilbao-Vizcaya,Exterior,2023-04-01 17:00:00,2023-04-01 17:00:00,1,4.53,4.53,Hs ≥ P95,4.44
942,2136,Bilbao-Vizcaya,Exterior,2023-04-12 22:00:00,2023-04-12 23:00:00,2,4.72,4.8,Hs ≥ P95,4.44
943,2136,Bilbao-Vizcaya,Exterior,2023-04-13 01:00:00,2023-04-13 17:00:00,17,5.24,5.69,Hs ≥ P95,4.44
944,2136,Bilbao-Vizcaya,Exterior,2023-04-13 19:00:00,2023-04-13 19:00:00,1,4.47,4.47,Hs ≥ P95,4.44
945,2136,Bilbao-Vizcaya,Exterior,2023-04-14 15:00:00,2023-04-14 21:00:00,7,4.94,5.23,Hs ≥ P95,4.44
946,2136,Bilbao-Vizcaya,Exterior,2023-08-02 19:00:00,2023-08-02 19:00:00,1,4.58,4.58,Hs ≥ P95,4.44
947,2136,Bilbao-Vizcaya,Exterior,2023-08-02 21:00:00,2023-08-02 21:00:00,1,4.68,4.68,Hs ≥ P95,4.44
948,2136,Bilbao-Vizcaya,Exterior,2023-08-02 23:00:00,2023-08-03 09:00:00,11,5.38,6.32,Hs ≥ P95,4.44
949,2136,Bilbao-Vizcaya,Exterior,2023-08-03 11:00:00,2023-08-03 13:00:00,3,4.49,4.51,Hs ≥ P95,4.44
950,2136,Bilbao-Vizcaya,Exterior,2023-08-03 16:00:00,2023-08-03 16:00:00,1,4.51,4.51,Hs ≥ P95,4.44
951,2136,Bilbao-Vizcaya,Exterior,2023-08-03 18:00:00,2023-08-03 18:00:00,1,4.51,4.51,Hs ≥ P95,4.44
952,2136,Bilbao-Vizcaya,Exterior,2023-08-03 20:00:00,2023-08-03 20:00:00,1,4.44,4.44,Hs ≥ P95,4.44
953,2136,Bilbao-Vizcaya,Exterior,2023-09-21 19:00:00,2023-09-21 20:00:00,2,4.8,4.81,Hs ≥ P95,4.44
954,2136,Bilbao-Vizcaya,Exterior,2023-09-22 05:00:00,2023-09-22 13:00:00,9,4.84,5.49,Hs ≥ P95,4.44
955,2136,Bilbao-Vizcaya,Exterior,2023-09-22 15:00:00,2023-09-22 15:00:00,1,4.5,4.5,Hs ≥ P95,4.44
956,2136,Bilbao-Vizcaya,Exterior,2023-10-20 07:00:00,2023-10-22 00:00:00,42,6.51,9.7,Hs ≥ P95,4.44
957,2136,Bilbao-Vizcaya,Exterior,2023-10-22 03:00:00,2023-10-22 03:00:00,1,4.65,4.65,Hs ≥ P95,4.44
958,2136,Bilbao-Vizcaya,Exterior,2023-10-27 14:00:00,2023-10-28 14:00:00,25,5.27,6.44,Hs ≥ P95,4.44
959,2136,Bilbao-Vizcaya,Exterior,2023-10-28 18:00:00,2023-10-28 18:00:00,1,4.56,4.56,Hs ≥ P95,4.44
960,2136,Bilbao-Vizcaya,Exterior,2023-10-28 20:00:00,2023-10-28 20:00:00,1,4.86,4.86,Hs ≥ P95,4.44
961,2136,Bilbao-Vizcaya,Exterior,2023-10-28 23:00:00,2023-10-29 02:00:00,4,4.69,4.95,Hs ≥ P95,4.44
962,2136,Bilbao-Vizcaya,Exterior,2023-11-02 03:00:00,2023-11-04 04:00:00,50,6.97,9.68,Hs ≥ P95,4.44
963,2136,Bilbao-Vizcaya,Exterior,2023-11-04 06:00:00,2023-11-05 23:00:00,42,6.48,9.88,Hs ≥ P95,4.44
964,2136,Bilbao-Vizcaya,Exterior,2023-11-06 11:00:00,2023-11-06 11:00:00,1,4.65,4.65,Hs ≥ P95,4.44
965,2136,Bilbao-Vizcaya,Exterior,2023-11-09 21:00:00,2023-11-10 21:00:00,25,5.79,7.17,Hs ≥ P95,4.44
966,2136,Bilbao-Vizcaya,Exterior,2023-11-10 23:00:00,2023-11-10 23:00:00,1,4.58,4.58,Hs ≥ P95,4.44
967,2136,Bilbao-Vizcaya,Exterior,2023-12-04 20:00:00,2023-12-04 20:00:00,1,4.44,4.44,Hs ≥ P95,4.44
968,2136,Bilbao-Vizcaya,Exterior,2023-12-08 10:00:00,2023-12-08 14:00:00,5,4.53,4.59,Hs ≥ P95,4.44
969,2136,Bilbao-Vizcaya,Exterior,2023-12-13 01:00:00,2023-12-13 01:00:00,1,4.44,4.44,Hs ≥ P95,4.44
970,2136,Bilbao-Vizcaya,Exterior,2023-12-13 03:00:00,2023-12-13 12:00:00,10,4.74,5.23,Hs ≥ P95,4.44
971,2136,Bilbao-Vizcaya,Exterior,2023-12-13 16:00:00,2023-12-13 16:00:00,1,4.69,4.69,Hs ≥ P95,4.44
972,2136,Bilbao-Vizcaya,Exterior,2023-12-13 19:00:00,2023-12-13 19:00:00,1,4.45,4.45,Hs ≥ P95,4.44
973,2136,Bilbao-Vizcaya,Exterior,2023-12-13 22:00:00,2023-12-13 22:00:00,1,4.46,4.46,Hs ≥ P95,4.44
974,2136,Bilbao-Vizcaya,Exterior,2023-12-14 01:00:00,2023-12-14 01:00:00,1,4.6,4.6,Hs ≥ P95,4.44
975,2136,Bilbao-Vizcaya,Exterior,2023-12-14 03:00:00,2023-12-14 03:00:00,1,4.47,4.47,Hs ≥ P95,4.44
976,2136,Bilbao-Vizcaya,Exterior,2023-12-21 17:00:00,2023-12-21 18:00:00,2,4.67,4.69,Hs ≥ P95,4.44
977,2136,Bilbao-Vizcaya,Exterior,2023-12-21 20:00:00,2023-12-21 21:00:00,2,4.66,4.84,Hs ≥ P95,4.44
978,2136,Bilbao-Vizcaya,Exterior,2023-12-22 00:00:00,2023-12-22 01:00:00,2,4.64,4.65,Hs ≥ P95,4.44
979,2136,Bilbao-Vizcaya,Exterior,2023-12-22 06:00:00,2023-12-22 13:00:00,8,4.67,4.93,Hs ≥ P95,4.44
980,2136,Bilbao-Vizcaya,Exterior,2023-12-28 20:00:00,2023-12-28 20:00:00,1,4.63,4.63,Hs ≥ P95,4.44
981,2136,Bilbao-Vizcaya,Exterior,2023-12-31 06:00:00,2024-01-01 14:00:00,33,5.75,7.14,Hs ≥ P95,4.44
982,2136,Bilbao-Vizcaya,Exterior,2024-01-03 20:00:00,2024-01-04 10:00:00,15,4.64,5.0,Hs ≥ P95,4.44
983,2136,Bilbao-Vizcaya,Exterior,2024-01-22 12:00:00,2024-01-23 08:00:00,21,5.44,6.39,Hs ≥ P95,4.44
984,2136,Bilbao-Vizcaya,Exterior,2024-01-25 00:00:00,2024-01-25 00:00:00,1,4.5,4.5,Hs ≥ P95,4.44
985,2136,Bilbao-Vizcaya,Exterior,2024-02-10 15:00:00,2024-02-11 14:00:00,24,6.1,7.18,Hs ≥ P95,4.44
986,2136,Bilbao-Vizcaya,Exterior,2024-02-11 16:00:00,2024-02-11 17:00:00,2,4.5,4.54,Hs ≥ P95,4.44
987,2136,Bilbao-Vizcaya,Exterior,2024-02-12 11:00:00,2024-02-12 13:00:00,3,4.93,4.94,Hs ≥ P95,4.44
988,2136,Bilbao-Vizcaya,Exterior,2024-02-22 06:00:00,2024-02-22 06:00:00,1,4.47,4.47,Hs ≥ P95,4.44
989,2136,Bilbao-Vizcaya,Exterior,2024-02-22 09:00:00,2024-02-25 05:00:00,69,6.97,8.63,Hs ≥ P95,4.44
990,2136,Bilbao-Vizcaya,Exterior,2024-02-25 07:00:00,2024-02-25 09:00:00,3,5.12,5.46,Hs ≥ P95,4.44
991,2136,Bilbao-Vizcaya,Exterior,2024-02-25 11:00:00,2024-02-25 11:00:00,1,4.57,4.57,Hs ≥ P95,4.44
992,2136,Bilbao-Vizcaya,Exterior,2024-02-25 15:00:00,2024-02-25 15:00:00,1,4.78,4.78,Hs ≥ P95,4.44
993,2136,Bilbao-Vizcaya,Exterior,2024-02-25 19:00:00,2024-02-25 19:00:00,1,4.55,4.55,Hs ≥ P95,4.44
994,2136,Bilbao-Vizcaya,Exterior,2024-02-25 21:00:00,2024-02-27 12:00:00,40,6.49,8.95,Hs ≥ P95,4.44
995,2136,Bilbao-Vizcaya,Exterior,2024-02-27 14:00:00,2024-02-27 14:00:00,1,4.51,4.51,Hs ≥ P95,4.44
996,2136,Bilbao-Vizcaya,Exterior,2024-02-29 19:00:00,2024-03-03 07:00:00,61,5.52,7.57,Hs ≥ P95,4.44
997,2136,Bilbao-Vizcaya,Exterior,2024-03-05 04:00:00,2024-03-05 05:00:00,2,4.46,4.46,Hs ≥ P95,4.44
998,2136,Bilbao-Vizcaya,Exterior,2024-03-05 08:00:00,2024-03-05 09:00:00,2,4.45,4.45,Hs ≥ P95,4.44
999,2136,Bilbao-Vizcaya,Exterior,2024-03-10 03:00:00,2024-03-10 06:00:00,4,4.7,4.81,Hs ≥ P95,4.44
1000,2136,Bilbao-Vizcaya,Exterior,2024-03-10 09:00:00,2024-03-10 15:00:00,7,5.17,6.19,Hs ≥ P95,4.44
1001,2136,Bilbao-Vizcaya,Exterior,2024-03-11 00:00:00,2024-03-11 02:00:00,3,4.68,4.84,Hs ≥ P95,4.44
1002,2136,Bilbao-Vizcaya,Exterior,2024-03-11 04:00:00,2024-03-11 07:00:00,4,4.63,4.77,Hs ≥ P95,4.44
1003,2136,Bilbao-Vizcaya,Exterior,2024-03-27 06:00:00,2024-03-27 07:00:00,2,4.59,4.74,Hs ≥ P95,4.44
1004,2136,Bilbao-Vizcaya,Exterior,2024-03-27 23:00:00,2024-03-29 11:00:00,37,5.81,8.04,Hs ≥ P95,4.44
1005,2136,Bilbao-Vizcaya,Exterior,2024-03-29 13:00:00,2024-03-29 13:00:00,1,4.53,4.53,Hs ≥ P95,4.44
1006,2136,Bilbao-Vizcaya,Exterior,2024-04-09 08:00:00,2024-04-09 13:00:00,6,4.7,5.03,Hs ≥ P95,4.44
1007,2136,Bilbao-Vizcaya,Exterior,2024-04-09 15:00:00,2024-04-09 15:00:00,1,4.75,4.75,Hs ≥ P95,4.44
1008,2136,Bilbao-Vizcaya,Exterior,2024-05-14 13:00:00,2024-05-14 15:00:00,3,4.58,4.71,Hs ≥ P95,4.44
1009,2136,Bilbao-Vizcaya,Exterior,2024-05-14 23:00:00,2024-05-15 01:00:00,3,4.64,4.66,Hs ≥ P95,4.44
1010,2136,Bilbao-Vizcaya,Exterior,2024-05-15 03:00:00,2024-05-15 03:00:00,1,4.54,4.54,Hs ≥ P95,4.44
1011,2136,Bilbao-Vizcaya,Exterior,2024-09-27 06:00:00,2024-09-27 06:00:00,1,4.46,4.46,Hs ≥ P95,4.44
1012,2136,Bilbao-Vizcaya,Exterior,2024-10-20 01:00:00,2024-10-20 01:00:00,1,4.46,4.46,Hs ≥ P95,4.44
1013,2136,Bilbao-Vizcaya,Exterior,2024-11-20 01:00:00,2024-11-20 07:00:00,7,4.93,5.25,Hs ≥ P95,4.44
1014,2136,Bilbao-Vizcaya,Exterior,2024-11-20 09:00:00,2024-11-20 09:00:00,1,4.61,4.61,Hs ≥ P95,4.44
1015,2136,Bilbao-Vizcaya,Exterior,2024-11-21 14:00:00,2024-11-21 23:00:00,10,4.97,5.35,Hs ≥ P95,4.44
1016,2136,Bilbao-Vizcaya,Exterior,2024-11-22 01:00:00,2024-11-22 10:00:00,10,5.56,6.29,Hs ≥ P95,4.44
1017,2136,Bilbao-Vizcaya,Exterior,2024-12-07 19:00:00,2024-12-07 20:00:00,2,6.93,7.04,Hs ≥ P95,4.44
1018,2136,Bilbao-Vizcaya,Exterior,2024-12-07 22:00:00,2024-12-07 22:00:00,1,6.62,6.62,Hs ≥ P95,4.44
1019,2136,Bilbao-Vizcaya,Exterior,2024-12-08 00:00:00,2024-12-08 02:00:00,3,7.06,7.46,Hs ≥ P95,4.44
1020,2136,Bilbao-Vizcaya,Exterior,2024-12-08 08:00:00,2024-12-08 11:00:00,4,6.99,7.68,Hs ≥ P95,4.44
1021,2136,Bilbao-Vizcaya,Exterior,2024-12-09 01:00:00,2024-12-09 02:00:00,2,5.36,5.42,Hs ≥ P95,4.44
1022,2136,Bilbao-Vizcaya,Exterior,2024-12-09 05:00:00,2024-12-09 05:00:00,1,4.91,4.91,Hs ≥ P95,4.44
1023,2136,Bilbao-Vizcaya,Exterior,2024-12-22 15:00:00,2024-12-23 19:00:00,29,5.36,6.11,Hs ≥ P95,4.44
1,2242,Cabo de Peñas,Exterior,2005-01-02 21:00:00,2005-01-03 01:00:00,5,4.5,4.72,Hs ≥ P95,4.31
2,2242,Cabo de Peñas,Exterior,2005-01-03 03:00:00,2005-01-03 06:00:00,4,4.44,4.68,Hs ≥ P95,4.31
3,2242,Cabo de Peñas,Exterior,2005-01-06 02:00:00,2005-01-06 03:00:00,2,4.84,5.31,Hs ≥ P95,4.31
4,2242,Cabo de Peñas,Exterior,2005-01-06 06:00:00,2005-01-06 10:00:00,5,4.85,5.25,Hs ≥ P95,4.31
5,2242,Cabo de Peñas,Exterior,2005-01-06 13:00:00,2005-01-06 17:00:00,5,4.5,4.67,Hs ≥ P95,4.31
6,2242,Cabo de Peñas,Exterior,2005-01-12 13:00:00,2005-01-12 23:00:00,11,5.18,5.77,Hs ≥ P95,4.31
7,2242,Cabo de Peñas,Exterior,2005-01-18 09:00:00,2005-01-20 04:00:00,44,7.24,9.61,Hs ≥ P95,4.31
8,2242,Cabo de Peñas,Exterior,2005-01-20 06:00:00,2005-01-20 07:00:00,2,4.89,4.92,Hs ≥ P95,4.31
9,2242,Cabo de Peñas,Exterior,2005-02-14 02:00:00,2005-02-14 03:00:00,2,4.6,4.77,Hs ≥ P95,4.31
10,2242,Cabo de Peñas,Exterior,2005-02-14 05:00:00,2005-02-14 06:00:00,2,4.47,4.56,Hs ≥ P95,4.31
11,2242,Cabo de Peñas,Exterior,2005-02-14 08:00:00,2005-02-14 08:00:00,1,4.61,4.61,Hs ≥ P95,4.31
12,2242,Cabo de Peñas,Exterior,2005-02-14 12:00:00,2005-02-14 12:00:00,1,4.39,4.39,Hs ≥ P95,4.31
13,2242,Cabo de Peñas,Exterior,2005-04-08 00:00:00,2005-04-08 03:00:00,4,4.58,4.98,Hs ≥ P95,4.31
14,2242,Cabo de Peñas,Exterior,2005-04-08 08:00:00,2005-04-08 08:00:00,1,4.4,4.4,Hs ≥ P95,4.31
15,2242,Cabo de Peñas,Exterior,2005-04-08 10:00:00,2005-04-08 16:00:00,7,4.67,5.01,Hs ≥ P95,4.31
16,2242,Cabo de Peñas,Exterior,2005-04-08 19:00:00,2005-04-08 19:00:00,1,4.35,4.35,Hs ≥ P95,4.31
17,2242,Cabo de Peñas,Exterior,2005-04-15 18:00:00,2005-04-15 18:00:00,1,4.36,4.36,Hs ≥ P95,4.31
18,2242,Cabo de Peñas,Exterior,2005-04-18 23:00:00,2005-04-18 23:00:00,1,4.58,4.58,Hs ≥ P95,4.31
19,2242,Cabo de Peñas,Exterior,2005-09-27 21:00:00,2005-09-27 21:00:00,1,4.37,4.37,Hs ≥ P95,4.31
20,2242,Cabo de Peñas,Exterior,2005-09-27 23:00:00,2005-09-27 23:00:00,1,4.66,4.66,Hs ≥ P95,4.31
21,2242,Cabo de Peñas,Exterior,2005-10-01 22:00:00,2005-10-02 11:00:00,14,4.76,5.1,Hs ≥ P95,4.31
22,2242,Cabo de Peñas,Exterior,2005-10-31 02:00:00,2005-10-31 02:00:00,1,4.32,4.32,Hs ≥ P95,4.31
23,2242,Cabo de Peñas,Exterior,2005-11-01 09:00:00,2005-11-01 09:00:00,1,4.84,4.84,Hs ≥ P95,4.31
24,2242,Cabo de Peñas,Exterior,2005-11-03 06:00:00,2005-11-03 07:00:00,2,4.5,4.62,Hs ≥ P95,4.31
25,2242,Cabo de Peñas,Exterior,2005-11-03 15:00:00,2005-11-03 15:00:00,1,4.41,4.41,Hs ≥ P95,4.31
26,2242,Cabo de Peñas,Exterior,2005-11-07 06:00:00,2005-11-07 06:00:00,1,4.38,4.38,Hs ≥ P95,4.31
27,2242,Cabo de Peñas,Exterior,2005-11-12 16:00:00,2005-11-12 22:00:00,7,4.86,5.35,Hs ≥ P95,4.31
28,2242,Cabo de Peñas,Exterior,2005-11-13 01:00:00,2005-11-14 08:00:00,32,5.28,6.19,Hs ≥ P95,4.31
29,2242,Cabo de Peñas,Exterior,2006-05-20 20:00:00,2006-05-20 22:00:00,3,4.46,4.73,Hs ≥ P95,4.31
30,2242,Cabo de Peñas,Exterior,2006-05-21 22:00:00,2006-05-22 07:00:00,10,4.74,5.32,Hs ≥ P95,4.31
31,2242,Cabo de Peñas,Exterior,2006-09-14 19:00:00,2006-09-14 21:00:00,3,4.61,4.81,Hs ≥ P95,4.31
32,2242,Cabo de Peñas,Exterior,2006-10-01 11:00:00,2006-10-01 11:00:00,1,4.45,4.45,Hs ≥ P95,4.31
33,2242,Cabo de Peñas,Exterior,2006-10-23 19:00:00,2006-10-23 19:00:00,1,4.36,4.36,Hs ≥ P95,4.31
34,2242,Cabo de Peñas,Exterior,2006-10-23 21:00:00,2006-10-23 21:00:00,1,4.45,4.45,Hs ≥ P95,4.31
35,2242,Cabo de Peñas,Exterior,2006-11-12 18:00:00,2006-11-12 18:00:00,1,4.57,4.57,Hs ≥ P95,4.31
36,2242,Cabo de Peñas,Exterior,2006-11-21 12:00:00,2006-11-21 15:00:00,4,4.71,5.13,Hs ≥ P95,4.31
37,2242,Cabo de Peñas,Exterior,2006-11-21 17:00:00,2006-11-22 04:00:00,12,4.97,5.48,Hs ≥ P95,4.31
38,2242,Cabo de Peñas,Exterior,2006-11-22 06:00:00,2006-11-22 06:00:00,1,4.52,4.52,Hs ≥ P95,4.31
39,2242,Cabo de Peñas,Exterior,2006-11-22 08:00:00,2006-11-22 09:00:00,2,4.38,4.41,Hs ≥ P95,4.31
40,2242,Cabo de Peñas,Exterior,2006-11-24 06:00:00,2006-11-24 06:00:00,1,4.39,4.39,Hs ≥ P95,4.31
41,2242,Cabo de Peñas,Exterior,2006-11-28 01:00:00,2006-11-28 05:00:00,5,4.76,5.17,Hs ≥ P95,4.31
42,2242,Cabo de Peñas,Exterior,2006-12-03 06:00:00,2006-12-03 06:00:00,1,4.39,4.39,Hs ≥ P95,4.31
43,2242,Cabo de Peñas,Exterior,2006-12-03 15:00:00,2006-12-03 16:00:00,2,4.39,4.45,Hs ≥ P95,4.31
44,2242,Cabo de Peñas,Exterior,2006-12-03 18:00:00,2006-12-04 15:00:00,22,5.37,6.86,Hs ≥ P95,4.31
45,2242,Cabo de Peñas,Exterior,2006-12-04 21:00:00,2006-12-04 21:00:00,1,4.32,4.32,Hs ≥ P95,4.31
46,2242,Cabo de Peñas,Exterior,2006-12-04 23:00:00,2006-12-04 23:00:00,1,4.48,4.48,Hs ≥ P95,4.31
47,2242,Cabo de Peñas,Exterior,2006-12-05 14:00:00,2006-12-05 15:00:00,2,4.47,4.53,Hs ≥ P95,4.31
48,2242,Cabo de Peñas,Exterior,2006-12-06 04:00:00,2006-12-06 04:00:00,1,4.32,4.32,Hs ≥ P95,4.31
49,2242,Cabo de Peñas,Exterior,2006-12-06 07:00:00,2006-12-06 07:00:00,1,4.38,4.38,Hs ≥ P95,4.31
50,2242,Cabo de Peñas,Exterior,2006-12-07 22:00:00,2006-12-09 07:00:00,34,6.01,7.71,Hs ≥ P95,4.31
51,2242,Cabo de Peñas,Exterior,2006-12-09 10:00:00,2006-12-09 12:00:00,3,4.49,4.67,Hs ≥ P95,4.31
52,2242,Cabo de Peñas,Exterior,2006-12-09 14:00:00,2006-12-09 17:00:00,4,4.56,4.72,Hs ≥ P95,4.31
53,2242,Cabo de Peñas,Exterior,2006-12-09 19:00:00,2006-12-09 20:00:00,2,4.46,4.5,Hs ≥ P95,4.31
54,2242,Cabo de Peñas,Exterior,2006-12-09 23:00:00,2006-12-09 23:00:00,1,4.36,4.36,Hs ≥ P95,4.31
55,2242,Cabo de Peñas,Exterior,2006-12-10 02:00:00,2006-12-10 04:00:00,3,4.55,4.68,Hs ≥ P95,4.31
56,2242,Cabo de Peñas,Exterior,2006-12-12 10:00:00,2006-12-12 11:00:00,2,4.41,4.5,Hs ≥ P95,4.31
57,2242,Cabo de Peñas,Exterior,2006-12-12 17:00:00,2006-12-12 18:00:00,2,4.67,4.9,Hs ≥ P95,4.31
58,2242,Cabo de Peñas,Exterior,2006-12-12 20:00:00,2006-12-12 20:00:00,1,4.74,4.74,Hs ≥ P95,4.31
59,2242,Cabo de Peñas,Exterior,2006-12-13 00:00:00,2006-12-13 00:00:00,1,4.43,4.43,Hs ≥ P95,4.31
60,2242,Cabo de Peñas,Exterior,2006-12-13 03:00:00,2006-12-13 05:00:00,3,4.63,4.9,Hs ≥ P95,4.31
61,2242,Cabo de Peñas,Exterior,2006-12-13 08:00:00,2006-12-13 08:00:00,1,4.42,4.42,Hs ≥ P95,4.31
62,2242,Cabo de Peñas,Exterior,2007-01-01 14:00:00,2007-01-01 14:00:00,1,4.66,4.66,Hs ≥ P95,4.31
63,2242,Cabo de Peñas,Exterior,2007-01-02 02:00:00,2007-01-02 02:00:00,1,4.33,4.33,Hs ≥ P95,4.31
64,2242,Cabo de Peñas,Exterior,2007-01-08 05:00:00,2007-01-08 06:00:00,2,4.62,4.67,Hs ≥ P95,4.31
65,2242,Cabo de Peñas,Exterior,2007-01-08 08:00:00,2007-01-08 08:00:00,1,4.36,4.36,Hs ≥ P95,4.31
66,2242,Cabo de Peñas,Exterior,2007-01-08 20:00:00,2007-01-08 20:00:00,1,4.32,4.32,Hs ≥ P95,4.31
67,2242,Cabo de Peñas,Exterior,2007-01-12 14:00:00,2007-01-12 14:00:00,1,4.41,4.41,Hs ≥ P95,4.31
68,2242,Cabo de Peñas,Exterior,2007-01-12 16:00:00,2007-01-12 17:00:00,2,4.65,4.67,Hs ≥ P95,4.31
69,2242,Cabo de Peñas,Exterior,2007-01-12 21:00:00,2007-01-12 21:00:00,1,4.56,4.56,Hs ≥ P95,4.31
70,2242,Cabo de Peñas,Exterior,2007-01-12 23:00:00,2007-01-12 23:00:00,1,4.5,4.5,Hs ≥ P95,4.31
71,2242,Cabo de Peñas,Exterior,2007-01-18 12:00:00,2007-01-18 12:00:00,1,4.34,4.34,Hs ≥ P95,4.31
72,2242,Cabo de Peñas,Exterior,2007-01-18 14:00:00,2007-01-18 14:00:00,1,4.45,4.45,Hs ≥ P95,4.31
73,2242,Cabo de Peñas,Exterior,2007-01-18 17:00:00,2007-01-18 19:00:00,3,4.75,4.96,Hs ≥ P95,4.31
74,2242,Cabo de Peñas,Exterior,2007-01-18 22:00:00,2007-01-18 22:00:00,1,4.31,4.31,Hs ≥ P95,4.31
75,2242,Cabo de Peñas,Exterior,2007-01-19 00:00:00,2007-01-19 01:00:00,2,4.58,4.83,Hs ≥ P95,4.31
76,2242,Cabo de Peñas,Exterior,2007-01-19 03:00:00,2007-01-19 05:00:00,3,4.71,4.96,Hs ≥ P95,4.31
77,2242,Cabo de Peñas,Exterior,2007-01-19 07:00:00,2007-01-19 08:00:00,2,4.38,4.41,Hs ≥ P95,4.31
78,2242,Cabo de Peñas,Exterior,2007-01-21 08:00:00,2007-01-21 08:00:00,1,4.35,4.35,Hs ≥ P95,4.31
79,2242,Cabo de Peñas,Exterior,2007-01-21 10:00:00,2007-01-21 10:00:00,1,4.41,4.41,Hs ≥ P95,4.31
80,2242,Cabo de Peñas,Exterior,2007-01-21 12:00:00,2007-01-21 21:00:00,10,4.72,4.98,Hs ≥ P95,4.31
81,2242,Cabo de Peñas,Exterior,2007-01-23 20:00:00,2007-01-23 21:00:00,2,4.36,4.37,Hs ≥ P95,4.31
82,2242,Cabo de Peñas,Exterior,2007-01-23 23:00:00,2007-01-23 23:00:00,1,4.68,4.68,Hs ≥ P95,4.31
83,2242,Cabo de Peñas,Exterior,2007-01-25 07:00:00,2007-01-25 15:00:00,9,4.91,5.18,Hs ≥ P95,4.31
84,2242,Cabo de Peñas,Exterior,2007-01-25 17:00:00,2007-01-25 17:00:00,1,4.37,4.37,Hs ≥ P95,4.31
85,2242,Cabo de Peñas,Exterior,2007-02-07 07:00:00,2007-02-07 09:00:00,3,4.63,4.79,Hs ≥ P95,4.31
86,2242,Cabo de Peñas,Exterior,2007-02-09 05:00:00,2007-02-09 16:00:00,12,5.46,6.63,Hs ≥ P95,4.31
87,2242,Cabo de Peñas,Exterior,2007-02-10 02:00:00,2007-02-10 04:00:00,3,4.45,4.51,Hs ≥ P95,4.31
88,2242,Cabo de Peñas,Exterior,2007-02-10 13:00:00,2007-02-11 11:00:00,23,5.23,6.22,Hs ≥ P95,4.31
89,2242,Cabo de Peñas,Exterior,2007-02-11 18:00:00,2007-02-13 02:00:00,33,5.14,6.08,Hs ≥ P95,4.31
90,2242,Cabo de Peñas,Exterior,2007-02-17 04:00:00,2007-02-17 21:00:00,18,4.9,5.37,Hs ≥ P95,4.31
91,2242,Cabo de Peñas,Exterior,2007-02-22 21:00:00,2007-02-22 21:00:00,1,4.33,4.33,Hs ≥ P95,4.31
92,2242,Cabo de Peñas,Exterior,2007-02-23 07:00:00,2007-02-23 09:00:00,3,4.43,4.56,Hs ≥ P95,4.31
93,2242,Cabo de Peñas,Exterior,2007-03-01 13:00:00,2007-03-01 17:00:00,5,4.51,4.66,Hs ≥ P95,4.31
94,2242,Cabo de Peñas,Exterior,2007-03-01 20:00:00,2007-03-01 20:00:00,1,4.32,4.32,Hs ≥ P95,4.31
95,2242,Cabo de Peñas,Exterior,2007-03-05 12:00:00,2007-03-05 12:00:00,1,4.41,4.41,Hs ≥ P95,4.31
96,2242,Cabo de Peñas,Exterior,2007-03-05 14:00:00,2007-03-05 20:00:00,7,4.99,5.59,Hs ≥ P95,4.31
97,2242,Cabo de Peñas,Exterior,2007-03-05 23:00:00,2007-03-06 01:00:00,3,4.4,4.49,Hs ≥ P95,4.31
98,2242,Cabo de Peñas,Exterior,2007-03-06 05:00:00,2007-03-06 05:00:00,1,4.43,4.43,Hs ≥ P95,4.31
99,2242,Cabo de Peñas,Exterior,2007-03-06 13:00:00,2007-03-06 18:00:00,6,4.71,4.91,Hs ≥ P95,4.31
100,2242,Cabo de Peñas,Exterior,2007-03-06 21:00:00,2007-03-06 21:00:00,1,4.44,4.44,Hs ≥ P95,4.31
101,2242,Cabo de Peñas,Exterior,2007-03-07 06:00:00,2007-03-08 12:00:00,31,5.76,7.22,Hs ≥ P95,4.31
102,2242,Cabo de Peñas,Exterior,2007-03-10 10:00:00,2007-03-10 11:00:00,2,4.41,4.46,Hs ≥ P95,4.31
103,2242,Cabo de Peñas,Exterior,2007-03-19 06:00:00,2007-03-21 06:00:00,49,6.18,8.1,Hs ≥ P95,4.31
104,2242,Cabo de Peñas,Exterior,2007-05-19 18:00:00,2007-05-20 05:00:00,12,5.08,5.51,Hs ≥ P95,4.31
105,2242,Cabo de Peñas,Exterior,2007-05-20 07:00:00,2007-05-20 07:00:00,1,4.57,4.57,Hs ≥ P95,4.31
106,2242,Cabo de Peñas,Exterior,2007-05-28 00:00:00,2007-05-28 05:00:00,6,4.66,5.12,Hs ≥ P95,4.31
107,2242,Cabo de Peñas,Exterior,2007-05-28 07:00:00,2007-05-28 07:00:00,1,4.44,4.44,Hs ≥ P95,4.31
108,2242,Cabo de Peñas,Exterior,2007-08-15 16:00:00,2007-08-15 21:00:00,6,4.52,4.83,Hs ≥ P95,4.31
109,2242,Cabo de Peñas,Exterior,2007-09-25 12:00:00,2007-09-25 12:00:00,1,4.38,4.38,Hs ≥ P95,4.31
110,2242,Cabo de Peñas,Exterior,2007-09-25 15:00:00,2007-09-25 15:00:00,1,4.56,4.56,Hs ≥ P95,4.31
111,2242,Cabo de Peñas,Exterior,2007-12-01 16:00:00,2007-12-04 00:00:00,57,5.28,6.54,Hs ≥ P95,4.31
112,2242,Cabo de Peñas,Exterior,2007-12-05 13:00:00,2007-12-05 13:00:00,1,4.41,4.41,Hs ≥ P95,4.31
113,2242,Cabo de Peñas,Exterior,2007-12-09 02:00:00,2007-12-10 20:00:00,43,7.24,12.18,Hs ≥ P95,4.31
114,2242,Cabo de Peñas,Exterior,2007-12-10 22:00:00,2007-12-10 22:00:00,1,4.71,4.71,Hs ≥ P95,4.31
115,2242,Cabo de Peñas,Exterior,2007-12-29 22:00:00,2007-12-29 23:00:00,2,4.62,4.82,Hs ≥ P95,4.31
116,2242,Cabo de Peñas,Exterior,2007-12-30 04:00:00,2007-12-30 04:00:00,1,4.84,4.84,Hs ≥ P95,4.31
117,2242,Cabo de Peñas,Exterior,2007-12-30 06:00:00,2007-12-30 08:00:00,3,4.54,4.71,Hs ≥ P95,4.31
118,2242,Cabo de Peñas,Exterior,2007-12-30 18:00:00,2007-12-30 18:00:00,1,4.39,4.39,Hs ≥ P95,4.31
119,2242,Cabo de Peñas,Exterior,2008-01-03 01:00:00,2008-01-03 01:00:00,1,4.43,4.43,Hs ≥ P95,4.31
120,2242,Cabo de Peñas,Exterior,2008-01-04 02:00:00,2008-01-04 03:00:00,2,4.5,4.67,Hs ≥ P95,4.31
121,2242,Cabo de Peñas,Exterior,2008-01-04 08:00:00,2008-01-04 09:00:00,2,4.46,4.58,Hs ≥ P95,4.31
122,2242,Cabo de Peñas,Exterior,2008-01-04 12:00:00,2008-01-04 18:00:00,7,4.65,4.88,Hs ≥ P95,4.31
123,2242,Cabo de Peñas,Exterior,2008-01-05 15:00:00,2008-01-06 09:00:00,19,5.06,5.95,Hs ≥ P95,4.31
124,2242,Cabo de Peñas,Exterior,2008-01-06 11:00:00,2008-01-06 11:00:00,1,4.37,4.37,Hs ≥ P95,4.31
125,2242,Cabo de Peñas,Exterior,2008-03-22 12:00:00,2008-03-22 12:00:00,1,4.49,4.49,Hs ≥ P95,4.31
126,2242,Cabo de Peñas,Exterior,2008-03-22 14:00:00,2008-03-22 14:00:00,1,4.41,4.41,Hs ≥ P95,4.31
127,2242,Cabo de Peñas,Exterior,2008-03-22 16:00:00,2008-03-22 18:00:00,3,4.42,4.54,Hs ≥ P95,4.31
128,2242,Cabo de Peñas,Exterior,2008-03-22 20:00:00,2008-03-23 08:00:00,13,4.67,5.09,Hs ≥ P95,4.31
129,2242,Cabo de Peñas,Exterior,2008-03-23 10:00:00,2008-03-23 10:00:00,1,4.38,4.38,Hs ≥ P95,4.31
130,2242,Cabo de Peñas,Exterior,2008-03-27 12:00:00,2008-03-27 12:00:00,1,4.36,4.36,Hs ≥ P95,4.31
131,2242,Cabo de Peñas,Exterior,2008-03-27 15:00:00,2008-03-27 15:00:00,1,4.51,4.51,Hs ≥ P95,4.31
132,2242,Cabo de Peñas,Exterior,2008-03-27 18:00:00,2008-03-27 18:00:00,1,4.32,4.32,Hs ≥ P95,4.31
133,2242,Cabo de Peñas,Exterior,2008-03-29 09:00:00,2008-03-29 09:00:00,1,4.42,4.42,Hs ≥ P95,4.31
134,2242,Cabo de Peñas,Exterior,2008-03-29 12:00:00,2008-03-29 12:00:00,1,4.68,4.68,Hs ≥ P95,4.31
135,2242,Cabo de Peñas,Exterior,2008-03-30 07:00:00,2008-03-30 11:00:00,5,4.4,4.5,Hs ≥ P95,4.31
136,2242,Cabo de Peñas,Exterior,2008-03-30 14:00:00,2008-03-30 14:00:00,1,4.41,4.41,Hs ≥ P95,4.31
137,2242,Cabo de Peñas,Exterior,2008-03-31 09:00:00,2008-03-31 15:00:00,7,4.81,5.12,Hs ≥ P95,4.31
138,2242,Cabo de Peñas,Exterior,2008-03-31 18:00:00,2008-03-31 18:00:00,1,4.35,4.35,Hs ≥ P95,4.31
139,2242,Cabo de Peñas,Exterior,2008-04-11 20:00:00,2008-04-11 22:00:00,3,4.46,4.63,Hs ≥ P95,4.31
140,2242,Cabo de Peñas,Exterior,2008-04-12 00:00:00,2008-04-12 00:00:00,1,4.39,4.39,Hs ≥ P95,4.31
141,2242,Cabo de Peñas,Exterior,2008-04-12 02:00:00,2008-04-12 03:00:00,2,4.37,4.37,Hs ≥ P95,4.31
142,2242,Cabo de Peñas,Exterior,2008-04-12 05:00:00,2008-04-12 05:00:00,1,4.33,4.33,Hs ≥ P95,4.31
143,2242,Cabo de Peñas,Exterior,2008-04-29 20:00:00,2008-04-29 20:00:00,1,4.7,4.7,Hs ≥ P95,4.31
144,2242,Cabo de Peñas,Exterior,2008-04-29 22:00:00,2008-04-30 15:00:00,18,4.7,5.42,Hs ≥ P95,4.31
145,2242,Cabo de Peñas,Exterior,2008-04-30 17:00:00,2008-04-30 17:00:00,1,4.47,4.47,Hs ≥ P95,4.31
146,2242,Cabo de Peñas,Exterior,2008-08-18 17:00:00,2008-08-18 22:00:00,6,4.9,5.3,Hs ≥ P95,4.31
147,2242,Cabo de Peñas,Exterior,2008-08-19 06:00:00,2008-08-19 06:00:00,1,4.35,4.35,Hs ≥ P95,4.31
148,2242,Cabo de Peñas,Exterior,2008-09-11 23:00:00,2008-09-12 05:00:00,7,4.87,5.31,Hs ≥ P95,4.31
149,2242,Cabo de Peñas,Exterior,2008-10-25 10:00:00,2008-10-25 10:00:00,1,4.38,4.38,Hs ≥ P95,4.31
150,2242,Cabo de Peñas,Exterior,2008-10-28 00:00:00,2008-10-28 00:00:00,1,4.36,4.36,Hs ≥ P95,4.31
151,2242,Cabo de Peñas,Exterior,2008-10-30 08:00:00,2008-10-31 01:00:00,18,4.71,5.43,Hs ≥ P95,4.31
152,2242,Cabo de Peñas,Exterior,2008-11-10 14:00:00,2008-11-10 16:00:00,3,4.41,4.45,Hs ≥ P95,4.31
153,2242,Cabo de Peñas,Exterior,2008-11-11 01:00:00,2008-11-11 02:00:00,2,4.45,4.57,Hs ≥ P95,4.31
154,2242,Cabo de Peñas,Exterior,2008-11-11 05:00:00,2008-11-11 07:00:00,3,4.33,4.33,Hs ≥ P95,4.31
155,2242,Cabo de Peñas,Exterior,2008-11-11 16:00:00,2008-11-11 17:00:00,2,4.45,4.57,Hs ≥ P95,4.31
156,2242,Cabo de Peñas,Exterior,2008-11-11 21:00:00,2008-11-11 21:00:00,1,4.33,4.33,Hs ≥ P95,4.31
157,2242,Cabo de Peñas,Exterior,2008-11-12 00:00:00,2008-11-12 00:00:00,1,4.33,4.33,Hs ≥ P95,4.31
158,2242,Cabo de Peñas,Exterior,2008-11-24 05:00:00,2008-11-25 19:00:00,39,5.54,6.79,Hs ≥ P95,4.31
159,2242,Cabo de Peñas,Exterior,2008-11-25 21:00:00,2008-11-25 21:00:00,1,4.57,4.57,Hs ≥ P95,4.31
160,2242,Cabo de Peñas,Exterior,2008-11-29 13:00:00,2008-11-30 18:00:00,30,5.63,7.38,Hs ≥ P95,4.31
161,2242,Cabo de Peñas,Exterior,2008-12-03 09:00:00,2008-12-03 23:00:00,15,5.0,5.74,Hs ≥ P95,4.31
162,2242,Cabo de Peñas,Exterior,2008-12-04 04:00:00,2008-12-04 04:00:00,1,4.33,4.33,Hs ≥ P95,4.31
163,2242,Cabo de Peñas,Exterior,2008-12-04 23:00:00,2008-12-04 23:00:00,1,4.45,4.45,Hs ≥ P95,4.31
164,2242,Cabo de Peñas,Exterior,2008-12-05 02:00:00,2008-12-06 10:00:00,33,5.89,7.85,Hs ≥ P95,4.31
165,2242,Cabo de Peñas,Exterior,2008-12-09 11:00:00,2008-12-09 18:00:00,8,4.58,4.77,Hs ≥ P95,4.31
166,2242,Cabo de Peñas,Exterior,2008-12-12 05:00:00,2008-12-12 05:00:00,1,4.4,4.4,Hs ≥ P95,4.31
167,2242,Cabo de Peñas,Exterior,2008-12-12 13:00:00,2008-12-12 18:00:00,6,4.69,5.01,Hs ≥ P95,4.31
168,2242,Cabo de Peñas,Exterior,2008-12-13 12:00:00,2008-12-15 17:00:00,54,5.68,7.23,Hs ≥ P95,4.31
169,2242,Cabo de Peñas,Exterior,2008-12-15 19:00:00,2008-12-15 19:00:00,1,4.35,4.35,Hs ≥ P95,4.31
170,2242,Cabo de Peñas,Exterior,2008-12-18 02:00:00,2008-12-18 10:00:00,9,4.89,6.0,Hs ≥ P95,4.31
171,2242,Cabo de Peñas,Exterior,2008-12-18 14:00:00,2008-12-18 14:00:00,1,4.64,4.64,Hs ≥ P95,4.31
172,2242,Cabo de Peñas,Exterior,2008-12-18 17:00:00,2008-12-18 17:00:00,1,4.66,4.66,Hs ≥ P95,4.31
173,2242,Cabo de Peñas,Exterior,2008-12-19 14:00:00,2008-12-19 14:00:00,1,4.62,4.62,Hs ≥ P95,4.31
174,2242,Cabo de Peñas,Exterior,2008-12-20 07:00:00,2008-12-20 07:00:00,1,4.46,4.46,Hs ≥ P95,4.31
175,2242,Cabo de Peñas,Exterior,2009-01-15 23:00:00,2009-01-16 17:00:00,19,5.04,6.26,Hs ≥ P95,4.31
176,2242,Cabo de Peñas,Exterior,2009-01-16 19:00:00,2009-01-16 19:00:00,1,4.39,4.39,Hs ≥ P95,4.31
177,2242,Cabo de Peñas,Exterior,2009-01-17 22:00:00,2009-01-22 11:00:00,110,6.18,7.89,Hs ≥ P95,4.31
178,2242,Cabo de Peñas,Exterior,2009-01-22 13:00:00,2009-01-22 13:00:00,1,4.49,4.49,Hs ≥ P95,4.31
179,2242,Cabo de Peñas,Exterior,2009-01-22 19:00:00,2009-01-22 19:00:00,1,4.36,4.36,Hs ≥ P95,4.31
180,2242,Cabo de Peñas,Exterior,2009-01-22 21:00:00,2009-01-22 21:00:00,1,4.34,4.34,Hs ≥ P95,4.31
181,2242,Cabo de Peñas,Exterior,2009-01-23 00:00:00,2009-01-23 00:00:00,1,4.36,4.36,Hs ≥ P95,4.31
182,2242,Cabo de Peñas,Exterior,2009-01-23 02:00:00,2009-01-24 07:00:00,30,5.89,10.1,Hs ≥ P95,4.31
183,2242,Cabo de Peñas,Exterior,2009-10-21 02:00:00,2009-10-21 08:00:00,7,4.85,5.47,Hs ≥ P95,4.31
184,2242,Cabo de Peñas,Exterior,2009-10-21 14:00:00,2009-10-21 15:00:00,2,4.98,5.28,Hs ≥ P95,4.31
185,2242,Cabo de Peñas,Exterior,2009-10-21 17:00:00,2009-10-21 19:00:00,3,4.63,4.72,Hs ≥ P95,4.31
186,2242,Cabo de Peñas,Exterior,2009-10-22 06:00:00,2009-10-22 06:00:00,1,4.52,4.52,Hs ≥ P95,4.31
187,2242,Cabo de Peñas,Exterior,2009-11-03 01:00:00,2009-11-03 03:00:00,3,4.56,4.62,Hs ≥ P95,4.31
188,2242,Cabo de Peñas,Exterior,2009-11-03 12:00:00,2009-11-06 08:00:00,69,6.11,8.3,Hs ≥ P95,4.31
189,2242,Cabo de Peñas,Exterior,2009-11-06 12:00:00,2009-11-06 14:00:00,3,4.51,4.57,Hs ≥ P95,4.31
190,2242,Cabo de Peñas,Exterior,2009-11-07 07:00:00,2009-11-09 06:00:00,48,6.44,8.62,Hs ≥ P95,4.31
191,2242,Cabo de Peñas,Exterior,2009-11-20 04:00:00,2009-11-20 04:00:00,1,4.34,4.34,Hs ≥ P95,4.31
192,2242,Cabo de Peñas,Exterior,2009-11-22 14:00:00,2009-11-24 06:00:00,41,5.95,8.7,Hs ≥ P95,4.31
193,2242,Cabo de Peñas,Exterior,2009-11-25 08:00:00,2009-11-25 08:00:00,1,4.36,4.36,Hs ≥ P95,4.31
194,2242,Cabo de Peñas,Exterior,2009-11-26 16:00:00,2009-11-26 16:00:00,1,4.38,4.38,Hs ≥ P95,4.31
195,2242,Cabo de Peñas,Exterior,2009-11-26 21:00:00,2009-11-26 21:00:00,1,4.34,4.34,Hs ≥ P95,4.31
196,2242,Cabo de Peñas,Exterior,2009-11-28 17:00:00,2009-11-28 17:00:00,1,4.49,4.49,Hs ≥ P95,4.31
197,2242,Cabo de Peñas,Exterior,2009-11-28 19:00:00,2009-11-29 00:00:00,6,4.66,5.03,Hs ≥ P95,4.31
198,2242,Cabo de Peñas,Exterior,2009-11-30 05:00:00,2009-11-30 05:00:00,1,4.51,4.51,Hs ≥ P95,4.31
199,2242,Cabo de Peñas,Exterior,2009-11-30 07:00:00,2009-11-30 07:00:00,1,4.53,4.53,Hs ≥ P95,4.31
200,2242,Cabo de Peñas,Exterior,2009-11-30 09:00:00,2009-11-30 10:00:00,2,4.5,4.54,Hs ≥ P95,4.31
201,2242,Cabo de Peñas,Exterior,2009-11-30 13:00:00,2009-11-30 16:00:00,4,4.4,4.46,Hs ≥ P95,4.31
202,2242,Cabo de Peñas,Exterior,2009-12-03 01:00:00,2009-12-03 10:00:00,10,5.64,7.45,Hs ≥ P95,4.31
203,2242,Cabo de Peñas,Exterior,2009-12-03 12:00:00,2009-12-03 22:00:00,11,4.67,5.15,Hs ≥ P95,4.31
204,2242,Cabo de Peñas,Exterior,2009-12-06 09:00:00,2009-12-06 11:00:00,3,4.55,4.64,Hs ≥ P95,4.31
205,2242,Cabo de Peñas,Exterior,2009-12-07 18:00:00,2009-12-07 21:00:00,4,4.78,5.06,Hs ≥ P95,4.31
206,2242,Cabo de Peñas,Exterior,2010-01-07 17:00:00,2010-01-07 17:00:00,1,4.4,4.4,Hs ≥ P95,4.31
207,2242,Cabo de Peñas,Exterior,2010-01-07 20:00:00,2010-01-07 20:00:00,1,4.33,4.33,Hs ≥ P95,4.31
208,2242,Cabo de Peñas,Exterior,2010-02-05 22:00:00,2010-02-05 23:00:00,2,4.67,4.97,Hs ≥ P95,4.31
209,2242,Cabo de Peñas,Exterior,2010-02-27 23:00:00,2010-02-27 23:00:00,1,4.33,4.33,Hs ≥ P95,4.31
210,2242,Cabo de Peñas,Exterior,2010-03-06 01:00:00,2010-03-06 01:00:00,1,4.56,4.56,Hs ≥ P95,4.31
211,2242,Cabo de Peñas,Exterior,2010-03-06 04:00:00,2010-03-06 04:00:00,1,4.67,4.67,Hs ≥ P95,4.31
212,2242,Cabo de Peñas,Exterior,2010-03-06 08:00:00,2010-03-06 09:00:00,2,4.7,4.87,Hs ≥ P95,4.31
213,2242,Cabo de Peñas,Exterior,2010-03-06 11:00:00,2010-03-06 13:00:00,3,4.38,4.46,Hs ≥ P95,4.31
214,2242,Cabo de Peñas,Exterior,2010-03-06 16:00:00,2010-03-06 16:00:00,1,4.36,4.36,Hs ≥ P95,4.31
215,2242,Cabo de Peñas,Exterior,2010-03-26 08:00:00,2010-03-26 08:00:00,1,4.4,4.4,Hs ≥ P95,4.31
216,2242,Cabo de Peñas,Exterior,2010-03-26 15:00:00,2010-03-27 09:00:00,19,5.04,5.67,Hs ≥ P95,4.31
217,2242,Cabo de Peñas,Exterior,2010-03-30 02:00:00,2010-03-30 09:00:00,8,5.74,6.79,Hs ≥ P95,4.31
218,2242,Cabo de Peñas,Exterior,2010-03-30 18:00:00,2010-03-30 18:00:00,1,4.31,4.31,Hs ≥ P95,4.31
219,2242,Cabo de Peñas,Exterior,2010-03-30 20:00:00,2010-03-30 20:00:00,1,4.49,4.49,Hs ≥ P95,4.31
220,2242,Cabo de Peñas,Exterior,2010-03-30 22:00:00,2010-03-31 00:00:00,3,4.38,4.43,Hs ≥ P95,4.31
221,2242,Cabo de Peñas,Exterior,2010-04-02 22:00:00,2010-04-02 22:00:00,1,4.32,4.32,Hs ≥ P95,4.31
222,2242,Cabo de Peñas,Exterior,2010-04-03 06:00:00,2010-04-03 06:00:00,1,4.4,4.4,Hs ≥ P95,4.31
223,2242,Cabo de Peñas,Exterior,2010-04-03 08:00:00,2010-04-03 21:00:00,14,4.85,5.38,Hs ≥ P95,4.31
224,2242,Cabo de Peñas,Exterior,2010-07-14 18:00:00,2010-07-14 21:00:00,4,4.56,4.81,Hs ≥ P95,4.31
225,2242,Cabo de Peñas,Exterior,2010-07-15 07:00:00,2010-07-15 07:00:00,1,4.33,4.33,Hs ≥ P95,4.31
226,2242,Cabo de Peñas,Exterior,2010-12-22 16:00:00,2010-12-22 17:00:00,2,4.36,4.38,Hs ≥ P95,4.31
227,2242,Cabo de Peñas,Exterior,2010-12-22 19:00:00,2010-12-22 22:00:00,4,4.7,5.06,Hs ≥ P95,4.31
228,2242,Cabo de Peñas,Exterior,2010-12-23 01:00:00,2010-12-23 01:00:00,1,4.33,4.33,Hs ≥ P95,4.31
229,2242,Cabo de Peñas,Exterior,2011-01-08 00:00:00,2011-01-08 04:00:00,5,4.63,4.84,Hs ≥ P95,4.31
230,2242,Cabo de Peñas,Exterior,2011-02-04 18:00:00,2011-02-04 22:00:00,5,4.55,4.71,Hs ≥ P95,4.31
231,2242,Cabo de Peñas,Exterior,2011-02-05 00:00:00,2011-02-05 14:00:00,15,4.86,5.5,Hs ≥ P95,4.31
232,2242,Cabo de Peñas,Exterior,2011-02-05 16:00:00,2011-02-05 16:00:00,1,4.71,4.71,Hs ≥ P95,4.31
233,2242,Cabo de Peñas,Exterior,2011-02-05 19:00:00,2011-02-05 19:00:00,1,4.48,4.48,Hs ≥ P95,4.31
234,2242,Cabo de Peñas,Exterior,2011-02-12 02:00:00,2011-02-12 03:00:00,2,4.5,4.62,Hs ≥ P95,4.31
235,2242,Cabo de Peñas,Exterior,2011-02-12 05:00:00,2011-02-12 14:00:00,10,4.83,5.47,Hs ≥ P95,4.31
236,2242,Cabo de Peñas,Exterior,2011-02-12 16:00:00,2011-02-12 22:00:00,7,4.75,5.63,Hs ≥ P95,4.31
237,2242,Cabo de Peñas,Exterior,2011-02-13 00:00:00,2011-02-13 01:00:00,2,4.56,4.78,Hs ≥ P95,4.31
238,2242,Cabo de Peñas,Exterior,2011-02-13 07:00:00,2011-02-13 07:00:00,1,4.37,4.37,Hs ≥ P95,4.31
239,2242,Cabo de Peñas,Exterior,2011-02-13 09:00:00,2011-02-13 17:00:00,9,4.88,5.67,Hs ≥ P95,4.31
240,2242,Cabo de Peñas,Exterior,2011-02-13 20:00:00,2011-02-13 20:00:00,1,4.42,4.42,Hs ≥ P95,4.31
241,2242,Cabo de Peñas,Exterior,2011-02-13 22:00:00,2011-02-13 22:00:00,1,4.66,4.66,Hs ≥ P95,4.31
242,2242,Cabo de Peñas,Exterior,2011-02-14 00:00:00,2011-02-15 10:00:00,35,5.14,6.14,Hs ≥ P95,4.31
243,2242,Cabo de Peñas,Exterior,2011-02-15 14:00:00,2011-02-16 07:00:00,18,4.99,5.7,Hs ≥ P95,4.31
244,2242,Cabo de Peñas,Exterior,2011-02-16 09:00:00,2011-02-17 18:00:00,34,5.21,6.07,Hs ≥ P95,4.31
245,2242,Cabo de Peñas,Exterior,2011-02-17 20:00:00,2011-02-17 20:00:00,1,4.4,4.4,Hs ≥ P95,4.31
246,2242,Cabo de Peñas,Exterior,2011-02-21 18:00:00,2011-02-21 22:00:00,5,4.42,4.57,Hs ≥ P95,4.31
247,2242,Cabo de Peñas,Exterior,2011-05-26 21:00:00,2011-05-26 21:00:00,1,4.31,4.31,Hs ≥ P95,4.31
248,2242,Cabo de Peñas,Exterior,2011-06-17 20:00:00,2011-06-17 20:00:00,1,4.31,4.31,Hs ≥ P95,4.31
249,2242,Cabo de Peñas,Exterior,2011-08-26 17:00:00,2011-08-26 17:00:00,1,4.53,4.53,Hs ≥ P95,4.31
250,2242,Cabo de Peñas,Exterior,2011-08-26 19:00:00,2011-08-26 20:00:00,2,4.44,4.53,Hs ≥ P95,4.31
251,2242,Cabo de Peñas,Exterior,2011-08-26 22:00:00,2011-08-26 22:00:00,1,4.32,4.32,Hs ≥ P95,4.31
252,2242,Cabo de Peñas,Exterior,2011-11-03 07:00:00,2011-11-03 09:00:00,3,4.61,4.81,Hs ≥ P95,4.31
253,2242,Cabo de Peñas,Exterior,2011-11-03 12:00:00,2011-11-03 12:00:00,1,4.94,4.94,Hs ≥ P95,4.31
254,2242,Cabo de Peñas,Exterior,2011-11-03 14:00:00,2011-11-03 14:00:00,1,4.65,4.65,Hs ≥ P95,4.31
255,2242,Cabo de Peñas,Exterior,2011-11-03 21:00:00,2011-11-03 22:00:00,2,4.35,4.37,Hs ≥ P95,4.31
256,2242,Cabo de Peñas,Exterior,2011-11-22 19:00:00,2011-11-22 19:00:00,1,4.46,4.46,Hs ≥ P95,4.31
257,2242,Cabo de Peñas,Exterior,2011-11-22 21:00:00,2011-11-22 21:00:00,1,4.38,4.38,Hs ≥ P95,4.31
258,2242,Cabo de Peñas,Exterior,2011-12-04 09:00:00,2011-12-04 09:00:00,1,4.6,4.6,Hs ≥ P95,4.31
259,2242,Cabo de Peñas,Exterior,2011-12-04 15:00:00,2011-12-04 15:00:00,1,4.34,4.34,Hs ≥ P95,4.31
260,2242,Cabo de Peñas,Exterior,2011-12-04 17:00:00,2011-12-04 17:00:00,1,4.46,4.46,Hs ≥ P95,4.31
261,2242,Cabo de Peñas,Exterior,2011-12-12 05:00:00,2011-12-17 22:00:00,138,5.9,7.67,Hs ≥ P95,4.31
262,2242,Cabo de Peñas,Exterior,2011-12-29 12:00:00,2011-12-29 16:00:00,5,4.8,5.21,Hs ≥ P95,4.31
263,2242,Cabo de Peñas,Exterior,2011-12-29 23:00:00,2011-12-29 23:00:00,1,4.4,4.4,Hs ≥ P95,4.31
264,2242,Cabo de Peñas,Exterior,2012-01-02 07:00:00,2012-01-04 09:00:00,51,5.48,6.74,Hs ≥ P95,4.31
265,2242,Cabo de Peñas,Exterior,2012-01-04 16:00:00,2012-01-05 01:00:00,10,4.93,5.34,Hs ≥ P95,4.31
266,2242,Cabo de Peñas,Exterior,2012-01-05 03:00:00,2012-01-05 07:00:00,5,4.55,4.85,Hs ≥ P95,4.31
267,2242,Cabo de Peñas,Exterior,2012-01-05 15:00:00,2012-01-05 15:00:00,1,4.32,4.32,Hs ≥ P95,4.31
268,2242,Cabo de Peñas,Exterior,2012-01-05 20:00:00,2012-01-05 21:00:00,2,4.59,4.64,Hs ≥ P95,4.31
269,2242,Cabo de Peñas,Exterior,2012-01-05 23:00:00,2012-01-06 00:00:00,2,4.32,4.33,Hs ≥ P95,4.31
270,2242,Cabo de Peñas,Exterior,2012-01-06 02:00:00,2012-01-06 02:00:00,1,4.48,4.48,Hs ≥ P95,4.31
271,2242,Cabo de Peñas,Exterior,2012-01-26 22:00:00,2012-01-27 05:00:00,8,4.64,4.91,Hs ≥ P95,4.31
272,2242,Cabo de Peñas,Exterior,2012-01-27 09:00:00,2012-01-27 09:00:00,1,4.44,4.44,Hs ≥ P95,4.31
273,2242,Cabo de Peñas,Exterior,2012-03-08 15:00:00,2012-03-09 02:00:00,12,5.16,5.78,Hs ≥ P95,4.31
274,2242,Cabo de Peñas,Exterior,2012-04-11 07:00:00,2012-04-11 07:00:00,1,4.35,4.35,Hs ≥ P95,4.31
275,2242,Cabo de Peñas,Exterior,2012-04-18 05:00:00,2012-04-19 16:00:00,36,6.15,8.89,Hs ≥ P95,4.31
276,2242,Cabo de Peñas,Exterior,2012-04-19 19:00:00,2012-04-19 19:00:00,1,4.46,4.46,Hs ≥ P95,4.31
277,2242,Cabo de Peñas,Exterior,2012-04-23 13:00:00,2012-04-23 14:00:00,2,4.4,4.48,Hs ≥ P95,4.31
278,2242,Cabo de Peñas,Exterior,2012-04-23 16:00:00,2012-04-24 14:00:00,23,5.9,8.06,Hs ≥ P95,4.31
279,2242,Cabo de Peñas,Exterior,2012-04-25 12:00:00,2012-04-25 12:00:00,1,4.64,4.64,Hs ≥ P95,4.31
280,2242,Cabo de Peñas,Exterior,2012-04-25 14:00:00,2012-04-26 02:00:00,13,5.27,6.29,Hs ≥ P95,4.31
281,2242,Cabo de Peñas,Exterior,2012-09-24 06:00:00,2012-09-24 08:00:00,3,4.48,4.6,Hs ≥ P95,4.31
282,2242,Cabo de Peñas,Exterior,2012-09-26 23:00:00,2012-09-26 23:00:00,1,4.34,4.34,Hs ≥ P95,4.31
283,2242,Cabo de Peñas,Exterior,2012-10-17 16:00:00,2012-10-17 19:00:00,4,4.51,5.09,Hs ≥ P95,4.31
284,2242,Cabo de Peñas,Exterior,2012-10-18 01:00:00,2012-10-18 06:00:00,6,4.86,5.17,Hs ≥ P95,4.31
285,2242,Cabo de Peñas,Exterior,2012-10-27 18:00:00,2012-10-27 18:00:00,1,4.44,4.44,Hs ≥ P95,4.31
286,2242,Cabo de Peñas,Exterior,2012-11-01 14:00:00,2012-11-01 14:00:00,1,4.31,4.31,Hs ≥ P95,4.31
287,2242,Cabo de Peñas,Exterior,2012-11-05 04:00:00,2012-11-05 04:00:00,1,4.48,4.48,Hs ≥ P95,4.31
288,2242,Cabo de Peñas,Exterior,2012-11-10 18:00:00,2012-11-10 18:00:00,1,4.32,4.32,Hs ≥ P95,4.31
289,2242,Cabo de Peñas,Exterior,2012-11-11 08:00:00,2012-11-12 01:00:00,18,4.74,5.2,Hs ≥ P95,4.31
290,2242,Cabo de Peñas,Exterior,2012-11-24 23:00:00,2012-11-25 02:00:00,4,4.55,4.69,Hs ≥ P95,4.31
291,2242,Cabo de Peñas,Exterior,2012-11-26 11:00:00,2012-11-26 13:00:00,3,4.55,4.73,Hs ≥ P95,4.31
292,2242,Cabo de Peñas,Exterior,2012-11-26 15:00:00,2012-11-26 16:00:00,2,4.47,4.53,Hs ≥ P95,4.31
293,2242,Cabo de Peñas,Exterior,2012-11-26 18:00:00,2012-11-26 19:00:00,2,4.56,4.62,Hs ≥ P95,4.31
294,2242,Cabo de Peñas,Exterior,2012-11-26 23:00:00,2012-11-27 00:00:00,2,4.46,4.61,Hs ≥ P95,4.31
295,2242,Cabo de Peñas,Exterior,2012-11-27 13:00:00,2012-11-27 14:00:00,2,4.35,4.35,Hs ≥ P95,4.31
296,2242,Cabo de Peñas,Exterior,2012-12-04 16:00:00,2012-12-04 16:00:00,1,4.41,4.41,Hs ≥ P95,4.31
297,2242,Cabo de Peñas,Exterior,2012-12-04 18:00:00,2012-12-05 13:00:00,20,4.69,5.21,Hs ≥ P95,4.31
298,2242,Cabo de Peñas,Exterior,2012-12-15 06:00:00,2012-12-15 09:00:00,4,4.46,4.62,Hs ≥ P95,4.31
299,2242,Cabo de Peñas,Exterior,2012-12-15 15:00:00,2012-12-15 17:00:00,3,4.44,4.53,Hs ≥ P95,4.31
300,2242,Cabo de Peñas,Exterior,2012-12-15 19:00:00,2012-12-15 22:00:00,4,4.4,4.48,Hs ≥ P95,4.31
301,2242,Cabo de Peñas,Exterior,2012-12-16 01:00:00,2012-12-16 02:00:00,2,4.47,4.54,Hs ≥ P95,4.31
302,2242,Cabo de Peñas,Exterior,2012-12-16 04:00:00,2012-12-16 04:00:00,1,4.37,4.37,Hs ≥ P95,4.31
303,2242,Cabo de Peñas,Exterior,2012-12-16 09:00:00,2012-12-16 11:00:00,3,4.44,4.55,Hs ≥ P95,4.31
304,2242,Cabo de Peñas,Exterior,2012-12-16 15:00:00,2012-12-16 19:00:00,5,4.73,4.95,Hs ≥ P95,4.31
305,2242,Cabo de Peñas,Exterior,2012-12-16 22:00:00,2012-12-16 22:00:00,1,4.33,4.33,Hs ≥ P95,4.31
306,2242,Cabo de Peñas,Exterior,2012-12-17 02:00:00,2012-12-17 15:00:00,14,4.78,5.49,Hs ≥ P95,4.31
307,2242,Cabo de Peñas,Exterior,2012-12-17 18:00:00,2012-12-17 20:00:00,3,4.7,4.9,Hs ≥ P95,4.31
308,2242,Cabo de Peñas,Exterior,2012-12-21 07:00:00,2012-12-21 09:00:00,3,4.95,5.13,Hs ≥ P95,4.31
309,2242,Cabo de Peñas,Exterior,2012-12-30 18:00:00,2012-12-30 18:00:00,1,4.63,4.63,Hs ≥ P95,4.31
310,2242,Cabo de Peñas,Exterior,2012-12-31 01:00:00,2012-12-31 01:00:00,1,4.36,4.36,Hs ≥ P95,4.31
311,2242,Cabo de Peñas,Exterior,2013-01-13 05:00:00,2013-01-13 09:00:00,5,4.6,4.68,Hs ≥ P95,4.31
312,2242,Cabo de Peñas,Exterior,2013-01-13 12:00:00,2013-01-13 12:00:00,1,4.8,4.8,Hs ≥ P95,4.31
313,2242,Cabo de Peñas,Exterior,2013-01-13 15:00:00,2013-01-13 15:00:00,1,4.35,4.35,Hs ≥ P95,4.31
314,2242,Cabo de Peñas,Exterior,2013-01-19 12:00:00,2013-01-20 03:00:00,16,5.13,5.9,Hs ≥ P95,4.31
315,2242,Cabo de Peñas,Exterior,2013-01-20 05:00:00,2013-01-20 05:00:00,1,4.37,4.37,Hs ≥ P95,4.31
316,2242,Cabo de Peñas,Exterior,2013-01-21 02:00:00,2013-01-24 12:00:00,83,5.71,7.24,Hs ≥ P95,4.31
317,2242,Cabo de Peñas,Exterior,2013-01-28 01:00:00,2013-01-29 01:00:00,25,5.48,7.16,Hs ≥ P95,4.31
318,2242,Cabo de Peñas,Exterior,2013-01-29 03:00:00,2013-01-29 18:00:00,16,5.03,5.61,Hs ≥ P95,4.31
319,2242,Cabo de Peñas,Exterior,2013-01-29 21:00:00,2013-01-29 21:00:00,1,4.58,4.58,Hs ≥ P95,4.31
320,2242,Cabo de Peñas,Exterior,2013-02-02 07:00:00,2013-02-02 07:00:00,1,4.35,4.35,Hs ≥ P95,4.31
321,2242,Cabo de Peñas,Exterior,2013-02-02 09:00:00,2013-02-02 11:00:00,3,4.49,4.75,Hs ≥ P95,4.31
322,2242,Cabo de Peñas,Exterior,2013-02-05 09:00:00,2013-02-05 09:00:00,1,4.35,4.35,Hs ≥ P95,4.31
323,2242,Cabo de Peñas,Exterior,2013-02-05 13:00:00,2013-02-07 07:00:00,43,6.34,7.71,Hs ≥ P95,4.31
324,2242,Cabo de Peñas,Exterior,2013-02-07 09:00:00,2013-02-07 09:00:00,1,4.51,4.51,Hs ≥ P95,4.31
325,2242,Cabo de Peñas,Exterior,2013-02-08 12:00:00,2013-02-08 12:00:00,1,4.4,4.4,Hs ≥ P95,4.31
326,2242,Cabo de Peñas,Exterior,2013-02-10 15:00:00,2013-02-10 19:00:00,5,4.72,5.01,Hs ≥ P95,4.31
327,2242,Cabo de Peñas,Exterior,2013-02-10 21:00:00,2013-02-10 21:00:00,1,4.45,4.45,Hs ≥ P95,4.31
328,2242,Cabo de Peñas,Exterior,2013-02-10 23:00:00,2013-02-12 11:00:00,37,5.57,7.05,Hs ≥ P95,4.31
329,2242,Cabo de Peñas,Exterior,2013-02-12 13:00:00,2013-02-12 13:00:00,1,4.34,4.34,Hs ≥ P95,4.31
330,2242,Cabo de Peñas,Exterior,2013-02-12 15:00:00,2013-02-12 15:00:00,1,4.37,4.37,Hs ≥ P95,4.31
331,2242,Cabo de Peñas,Exterior,2013-03-17 14:00:00,2013-03-17 14:00:00,1,4.38,4.38,Hs ≥ P95,4.31
332,2242,Cabo de Peñas,Exterior,2013-03-17 16:00:00,2013-03-17 16:00:00,1,4.45,4.45,Hs ≥ P95,4.31
333,2242,Cabo de Peñas,Exterior,2013-03-18 08:00:00,2013-03-18 10:00:00,3,4.46,4.59,Hs ≥ P95,4.31
334,2242,Cabo de Peñas,Exterior,2013-03-18 12:00:00,2013-03-18 19:00:00,8,4.68,4.87,Hs ≥ P95,4.31
335,2242,Cabo de Peñas,Exterior,2013-04-09 15:00:00,2013-04-09 19:00:00,5,4.63,4.81,Hs ≥ P95,4.31
336,2242,Cabo de Peñas,Exterior,2013-05-10 07:00:00,2013-05-10 07:00:00,1,4.36,4.36,Hs ≥ P95,4.31
337,2242,Cabo de Peñas,Exterior,2013-05-10 09:00:00,2013-05-10 09:00:00,1,4.51,4.51,Hs ≥ P95,4.31
338,2242,Cabo de Peñas,Exterior,2013-05-28 15:00:00,2013-05-29 14:00:00,24,4.88,5.62,Hs ≥ P95,4.31
339,2242,Cabo de Peñas,Exterior,2013-05-29 17:00:00,2013-05-29 17:00:00,1,4.4,4.4,Hs ≥ P95,4.31
340,2242,Cabo de Peñas,Exterior,2013-06-23 05:00:00,2013-06-23 11:00:00,7,4.53,4.96,Hs ≥ P95,4.31
341,2242,Cabo de Peñas,Exterior,2013-06-23 16:00:00,2013-06-23 16:00:00,1,4.48,4.48,Hs ≥ P95,4.31
342,2242,Cabo de Peñas,Exterior,2013-10-27 16:00:00,2013-10-28 15:00:00,24,6.68,8.43,Hs ≥ P95,4.31
343,2242,Cabo de Peñas,Exterior,2013-10-28 17:00:00,2013-10-29 04:00:00,12,4.93,5.47,Hs ≥ P95,4.31
344,2242,Cabo de Peñas,Exterior,2013-10-29 19:00:00,2013-10-29 19:00:00,1,4.56,4.56,Hs ≥ P95,4.31
345,2242,Cabo de Peñas,Exterior,2013-11-01 08:00:00,2013-11-01 12:00:00,5,4.63,4.81,Hs ≥ P95,4.31
346,2242,Cabo de Peñas,Exterior,2013-11-01 20:00:00,2013-11-01 21:00:00,2,4.7,4.79,Hs ≥ P95,4.31
347,2242,Cabo de Peñas,Exterior,2013-11-01 23:00:00,2013-11-02 03:00:00,5,4.93,5.31,Hs ≥ P95,4.31
348,2242,Cabo de Peñas,Exterior,2013-11-02 09:00:00,2013-11-02 09:00:00,1,4.41,4.41,Hs ≥ P95,4.31
349,2242,Cabo de Peñas,Exterior,2013-11-03 03:00:00,2013-11-03 16:00:00,14,4.94,5.48,Hs ≥ P95,4.31
350,2242,Cabo de Peñas,Exterior,2013-11-04 01:00:00,2013-11-04 01:00:00,1,4.36,4.36,Hs ≥ P95,4.31
351,2242,Cabo de Peñas,Exterior,2013-11-04 03:00:00,2013-11-05 01:00:00,23,5.0,5.73,Hs ≥ P95,4.31
352,2242,Cabo de Peñas,Exterior,2013-11-05 03:00:00,2013-11-05 04:00:00,2,4.47,4.57,Hs ≥ P95,4.31
353,2242,Cabo de Peñas,Exterior,2013-11-07 00:00:00,2013-11-07 03:00:00,4,4.93,5.2,Hs ≥ P95,4.31
354,2242,Cabo de Peñas,Exterior,2013-11-07 16:00:00,2013-11-07 16:00:00,1,4.54,4.54,Hs ≥ P95,4.31
355,2242,Cabo de Peñas,Exterior,2013-11-07 18:00:00,2013-11-07 18:00:00,1,4.4,4.4,Hs ≥ P95,4.31
356,2242,Cabo de Peñas,Exterior,2013-11-08 16:00:00,2013-11-08 20:00:00,5,4.46,4.55,Hs ≥ P95,4.31
357,2242,Cabo de Peñas,Exterior,2013-11-09 04:00:00,2013-11-09 04:00:00,1,4.42,4.42,Hs ≥ P95,4.31
358,2242,Cabo de Peñas,Exterior,2013-11-09 15:00:00,2013-11-09 20:00:00,6,4.73,4.95,Hs ≥ P95,4.31
359,2242,Cabo de Peñas,Exterior,2013-11-10 10:00:00,2013-11-10 10:00:00,1,4.36,4.36,Hs ≥ P95,4.31
360,2242,Cabo de Peñas,Exterior,2013-11-10 19:00:00,2013-11-10 19:00:00,1,4.38,4.38,Hs ≥ P95,4.31
361,2242,Cabo de Peñas,Exterior,2013-11-16 05:00:00,2013-11-16 06:00:00,2,4.38,4.39,Hs ≥ P95,4.31
362,2242,Cabo de Peñas,Exterior,2013-11-21 08:00:00,2013-11-21 10:00:00,3,4.48,4.6,Hs ≥ P95,4.31
363,2242,Cabo de Peñas,Exterior,2013-12-15 07:00:00,2013-12-15 07:00:00,1,4.79,4.79,Hs ≥ P95,4.31
364,2242,Cabo de Peñas,Exterior,2013-12-17 07:00:00,2013-12-17 07:00:00,1,4.38,4.38,Hs ≥ P95,4.31
365,2242,Cabo de Peñas,Exterior,2013-12-19 04:00:00,2013-12-21 13:00:00,58,5.25,7.04,Hs ≥ P95,4.31
366,2242,Cabo de Peñas,Exterior,2013-12-21 16:00:00,2013-12-21 16:00:00,1,4.54,4.54,Hs ≥ P95,4.31
367,2242,Cabo de Peñas,Exterior,2013-12-21 20:00:00,2013-12-23 01:00:00,30,4.97,6.52,Hs ≥ P95,4.31
368,2242,Cabo de Peñas,Exterior,2013-12-23 03:00:00,2013-12-23 03:00:00,1,4.42,4.42,Hs ≥ P95,4.31
369,2242,Cabo de Peñas,Exterior,2013-12-23 11:00:00,2013-12-23 11:00:00,1,4.38,4.38,Hs ≥ P95,4.31
370,2242,Cabo de Peñas,Exterior,2013-12-23 20:00:00,2013-12-26 20:00:00,73,6.27,8.46,Hs ≥ P95,4.31
371,2242,Cabo de Peñas,Exterior,2013-12-26 22:00:00,2013-12-26 23:00:00,2,4.38,4.45,Hs ≥ P95,4.31
372,2242,Cabo de Peñas,Exterior,2013-12-27 16:00:00,2013-12-28 17:00:00,26,5.31,6.1,Hs ≥ P95,4.31
373,2242,Cabo de Peñas,Exterior,2013-12-28 20:00:00,2013-12-29 10:00:00,15,5.07,5.61,Hs ≥ P95,4.31
374,2242,Cabo de Peñas,Exterior,2013-12-29 12:00:00,2013-12-29 13:00:00,2,4.55,4.64,Hs ≥ P95,4.31
375,2242,Cabo de Peñas,Exterior,2013-12-29 15:00:00,2013-12-29 15:00:00,1,4.54,4.54,Hs ≥ P95,4.31
376,2242,Cabo de Peñas,Exterior,2013-12-30 14:00:00,2013-12-30 18:00:00,5,4.81,5.32,Hs ≥ P95,4.31
377,2242,Cabo de Peñas,Exterior,2013-12-31 08:00:00,2013-12-31 08:00:00,1,4.46,4.46,Hs ≥ P95,4.31
378,2242,Cabo de Peñas,Exterior,2013-12-31 13:00:00,2013-12-31 13:00:00,1,4.41,4.41,Hs ≥ P95,4.31
379,2242,Cabo de Peñas,Exterior,2013-12-31 22:00:00,2014-01-02 13:00:00,40,5.25,6.77,Hs ≥ P95,4.31
380,2242,Cabo de Peñas,Exterior,2014-01-03 13:00:00,2014-01-05 21:00:00,57,5.44,6.84,Hs ≥ P95,4.31
381,2242,Cabo de Peñas,Exterior,2014-01-05 23:00:00,2014-01-05 23:00:00,1,4.47,4.47,Hs ≥ P95,4.31
382,2242,Cabo de Peñas,Exterior,2014-01-06 06:00:00,2014-01-06 06:00:00,1,4.31,4.31,Hs ≥ P95,4.31
383,2242,Cabo de Peñas,Exterior,2014-01-06 08:00:00,2014-01-06 08:00:00,1,4.31,4.31,Hs ≥ P95,4.31
384,2242,Cabo de Peñas,Exterior,2014-01-06 11:00:00,2014-01-07 21:00:00,35,5.92,7.94,Hs ≥ P95,4.31
385,2242,Cabo de Peñas,Exterior,2014-01-07 23:00:00,2014-01-08 02:00:00,4,4.38,4.4,Hs ≥ P95,4.31
386,2242,Cabo de Peñas,Exterior,2014-01-08 04:00:00,2014-01-08 05:00:00,2,4.38,4.43,Hs ≥ P95,4.31
387,2242,Cabo de Peñas,Exterior,2014-01-08 07:00:00,2014-01-08 07:00:00,1,4.42,4.42,Hs ≥ P95,4.31
388,2242,Cabo de Peñas,Exterior,2014-01-13 18:00:00,2014-01-13 18:00:00,1,4.38,4.38,Hs ≥ P95,4.31
389,2242,Cabo de Peñas,Exterior,2014-01-13 23:00:00,2014-01-13 23:00:00,1,4.49,4.49,Hs ≥ P95,4.31
390,2242,Cabo de Peñas,Exterior,2014-01-14 01:00:00,2014-01-14 14:00:00,14,4.58,5.36,Hs ≥ P95,4.31
391,2242,Cabo de Peñas,Exterior,2014-01-14 23:00:00,2014-01-15 00:00:00,2,4.42,4.54,Hs ≥ P95,4.31
392,2242,Cabo de Peñas,Exterior,2014-01-16 05:00:00,2014-01-16 05:00:00,1,4.53,4.53,Hs ≥ P95,4.31
393,2242,Cabo de Peñas,Exterior,2014-01-16 07:00:00,2014-01-17 08:00:00,26,5.03,6.11,Hs ≥ P95,4.31
394,2242,Cabo de Peñas,Exterior,2014-01-17 13:00:00,2014-01-17 13:00:00,1,4.39,4.39,Hs ≥ P95,4.31
395,2242,Cabo de Peñas,Exterior,2014-01-18 09:00:00,2014-01-18 11:00:00,3,4.59,4.69,Hs ≥ P95,4.31
396,2242,Cabo de Peñas,Exterior,2014-01-18 14:00:00,2014-01-18 19:00:00,6,4.53,4.77,Hs ≥ P95,4.31
397,2242,Cabo de Peñas,Exterior,2014-01-20 04:00:00,2014-01-20 04:00:00,1,4.47,4.47,Hs ≥ P95,4.31
398,2242,Cabo de Peñas,Exterior,2014-01-22 20:00:00,2014-01-23 00:00:00,5,4.46,4.63,Hs ≥ P95,4.31
399,2242,Cabo de Peñas,Exterior,2014-01-23 02:00:00,2014-01-23 02:00:00,1,4.63,4.63,Hs ≥ P95,4.31
400,2242,Cabo de Peñas,Exterior,2014-01-23 05:00:00,2014-01-23 06:00:00,2,4.54,4.62,Hs ≥ P95,4.31
401,2242,Cabo de Peñas,Exterior,2014-01-25 04:00:00,2014-01-25 04:00:00,1,4.31,4.31,Hs ≥ P95,4.31
402,2242,Cabo de Peñas,Exterior,2014-01-25 06:00:00,2014-01-25 06:00:00,1,4.65,4.65,Hs ≥ P95,4.31
403,2242,Cabo de Peñas,Exterior,2014-01-25 08:00:00,2014-01-25 08:00:00,1,4.43,4.43,Hs ≥ P95,4.31
404,2242,Cabo de Peñas,Exterior,2014-01-26 05:00:00,2014-01-30 17:00:00,109,6.71,10.74,Hs ≥ P95,4.31
405,2242,Cabo de Peñas,Exterior,2014-01-30 22:00:00,2014-01-30 22:00:00,1,4.42,4.42,Hs ≥ P95,4.31
406,2242,Cabo de Peñas,Exterior,2014-01-31 00:00:00,2014-01-31 00:00:00,1,4.31,4.31,Hs ≥ P95,4.31
407,2242,Cabo de Peñas,Exterior,2014-02-01 04:00:00,2014-02-03 03:00:00,48,7.83,11.28,Hs ≥ P95,4.31
408,2242,Cabo de Peñas,Exterior,2014-02-03 11:00:00,2014-02-03 13:00:00,3,4.36,4.37,Hs ≥ P95,4.31
409,2242,Cabo de Peñas,Exterior,2014-02-03 20:00:00,2014-02-03 20:00:00,1,4.34,4.34,Hs ≥ P95,4.31
410,2242,Cabo de Peñas,Exterior,2014-02-04 07:00:00,2014-02-04 12:00:00,6,4.8,5.02,Hs ≥ P95,4.31
411,2242,Cabo de Peñas,Exterior,2014-02-04 15:00:00,2014-02-04 15:00:00,1,4.41,4.41,Hs ≥ P95,4.31
412,2242,Cabo de Peñas,Exterior,2014-02-04 19:00:00,2014-02-06 06:00:00,36,6.67,8.85,Hs ≥ P95,4.31
413,2242,Cabo de Peñas,Exterior,2014-02-06 08:00:00,2014-02-06 10:00:00,3,4.63,4.71,Hs ≥ P95,4.31
414,2242,Cabo de Peñas,Exterior,2014-02-06 21:00:00,2014-02-07 08:00:00,12,4.85,5.45,Hs ≥ P95,4.31
415,2242,Cabo de Peñas,Exterior,2014-02-08 11:00:00,2014-02-11 04:00:00,66,7.06,9.42,Hs ≥ P95,4.31
416,2242,Cabo de Peñas,Exterior,2014-02-11 10:00:00,2014-02-11 14:00:00,5,4.51,4.88,Hs ≥ P95,4.31
417,2242,Cabo de Peñas,Exterior,2014-02-12 22:00:00,2014-02-12 22:00:00,1,4.44,4.44,Hs ≥ P95,4.31
418,2242,Cabo de Peñas,Exterior,2014-02-13 02:00:00,2014-02-13 21:00:00,20,5.96,7.24,Hs ≥ P95,4.31
419,2242,Cabo de Peñas,Exterior,2014-02-14 06:00:00,2014-02-14 06:00:00,1,4.53,4.53,Hs ≥ P95,4.31
420,2242,Cabo de Peñas,Exterior,2014-02-14 14:00:00,2014-02-14 16:00:00,3,4.58,4.81,Hs ≥ P95,4.31
421,2242,Cabo de Peñas,Exterior,2014-02-14 20:00:00,2014-02-15 04:00:00,9,4.62,4.96,Hs ≥ P95,4.31
422,2242,Cabo de Peñas,Exterior,2014-02-15 11:00:00,2014-02-16 18:00:00,32,5.39,7.33,Hs ≥ P95,4.31
423,2242,Cabo de Peñas,Exterior,2014-02-17 02:00:00,2014-02-17 02:00:00,1,4.31,4.31,Hs ≥ P95,4.31
424,2242,Cabo de Peñas,Exterior,2014-02-18 11:00:00,2014-02-18 11:00:00,1,4.54,4.54,Hs ≥ P95,4.31
425,2242,Cabo de Peñas,Exterior,2014-02-18 15:00:00,2014-02-18 15:00:00,1,4.35,4.35,Hs ≥ P95,4.31
426,2242,Cabo de Peñas,Exterior,2014-02-18 19:00:00,2014-02-18 19:00:00,1,4.44,4.44,Hs ≥ P95,4.31
427,2242,Cabo de Peñas,Exterior,2014-02-20 20:00:00,2014-02-20 20:00:00,1,4.34,4.34,Hs ≥ P95,4.31
428,2242,Cabo de Peñas,Exterior,2014-02-20 22:00:00,2014-02-21 12:00:00,15,4.86,5.32,Hs ≥ P95,4.31
429,2242,Cabo de Peñas,Exterior,2014-02-21 14:00:00,2014-02-21 14:00:00,1,4.35,4.35,Hs ≥ P95,4.31
430,2242,Cabo de Peñas,Exterior,2014-02-21 16:00:00,2014-02-21 22:00:00,7,4.64,4.9,Hs ≥ P95,4.31
431,2242,Cabo de Peñas,Exterior,2014-02-22 03:00:00,2014-02-22 20:00:00,18,4.81,5.39,Hs ≥ P95,4.31
432,2242,Cabo de Peñas,Exterior,2014-02-25 09:00:00,2014-02-26 16:00:00,32,5.55,7.46,Hs ≥ P95,4.31
433,2242,Cabo de Peñas,Exterior,2014-02-26 22:00:00,2014-02-26 22:00:00,1,4.38,4.38,Hs ≥ P95,4.31
434,2242,Cabo de Peñas,Exterior,2014-02-27 09:00:00,2014-02-27 09:00:00,1,4.72,4.72,Hs ≥ P95,4.31
435,2242,Cabo de Peñas,Exterior,2014-02-28 03:00:00,2014-03-01 18:00:00,40,5.82,7.51,Hs ≥ P95,4.31
436,2242,Cabo de Peñas,Exterior,2014-03-02 21:00:00,2014-03-05 08:00:00,60,6.86,11.72,Hs ≥ P95,4.31
437,2242,Cabo de Peñas,Exterior,2014-03-22 14:00:00,2014-03-23 10:00:00,21,4.75,5.2,Hs ≥ P95,4.31
438,2242,Cabo de Peñas,Exterior,2014-03-23 12:00:00,2014-03-23 14:00:00,3,4.57,4.62,Hs ≥ P95,4.31
439,2242,Cabo de Peñas,Exterior,2014-03-25 03:00:00,2014-03-25 10:00:00,8,5.51,6.54,Hs ≥ P95,4.31
440,2242,Cabo de Peñas,Exterior,2014-04-26 16:00:00,2014-04-26 21:00:00,6,4.49,4.61,Hs ≥ P95,4.31
441,2242,Cabo de Peñas,Exterior,2014-04-26 23:00:00,2014-04-27 02:00:00,4,4.4,4.51,Hs ≥ P95,4.31
442,2242,Cabo de Peñas,Exterior,2014-10-08 15:00:00,2014-10-08 15:00:00,1,4.37,4.37,Hs ≥ P95,4.31
443,2242,Cabo de Peñas,Exterior,2014-10-09 04:00:00,2014-10-09 06:00:00,3,4.69,4.88,Hs ≥ P95,4.31
444,2242,Cabo de Peñas,Exterior,2014-10-16 19:00:00,2014-10-16 19:00:00,1,4.37,4.37,Hs ≥ P95,4.31
445,2242,Cabo de Peñas,Exterior,2014-11-03 15:00:00,2014-11-03 19:00:00,5,4.41,4.56,Hs ≥ P95,4.31
446,2242,Cabo de Peñas,Exterior,2014-11-03 22:00:00,2014-11-03 22:00:00,1,4.68,4.68,Hs ≥ P95,4.31
447,2242,Cabo de Peñas,Exterior,2014-11-04 06:00:00,2014-11-04 12:00:00,7,4.72,4.98,Hs ≥ P95,4.31
448,2242,Cabo de Peñas,Exterior,2014-11-05 00:00:00,2014-11-05 00:00:00,1,4.55,4.55,Hs ≥ P95,4.31
449,2242,Cabo de Peñas,Exterior,2014-11-05 02:00:00,2014-11-05 02:00:00,1,4.31,4.31,Hs ≥ P95,4.31
450,2242,Cabo de Peñas,Exterior,2014-11-07 14:00:00,2014-11-07 14:00:00,1,4.5,4.5,Hs ≥ P95,4.31
451,2242,Cabo de Peñas,Exterior,2014-11-07 18:00:00,2014-11-07 18:00:00,1,4.37,4.37,Hs ≥ P95,4.31
452,2242,Cabo de Peñas,Exterior,2014-11-08 04:00:00,2014-11-08 04:00:00,1,4.66,4.66,Hs ≥ P95,4.31
453,2242,Cabo de Peñas,Exterior,2014-11-08 06:00:00,2014-11-08 08:00:00,3,4.5,4.64,Hs ≥ P95,4.31
454,2242,Cabo de Peñas,Exterior,2014-11-08 13:00:00,2014-11-08 13:00:00,1,4.39,4.39,Hs ≥ P95,4.31
455,2242,Cabo de Peñas,Exterior,2014-11-08 15:00:00,2014-11-08 18:00:00,4,4.49,4.81,Hs ≥ P95,4.31
456,2242,Cabo de Peñas,Exterior,2014-11-12 00:00:00,2014-11-12 00:00:00,1,4.31,4.31,Hs ≥ P95,4.31
457,2242,Cabo de Peñas,Exterior,2014-11-12 18:00:00,2014-11-12 18:00:00,1,4.9,4.9,Hs ≥ P95,4.31
458,2242,Cabo de Peñas,Exterior,2014-11-12 20:00:00,2014-11-12 21:00:00,2,4.46,4.62,Hs ≥ P95,4.31
459,2242,Cabo de Peñas,Exterior,2014-11-15 12:00:00,2014-11-15 13:00:00,2,4.38,4.43,Hs ≥ P95,4.31
460,2242,Cabo de Peñas,Exterior,2014-11-15 23:00:00,2014-11-16 11:00:00,13,5.06,5.65,Hs ≥ P95,4.31
461,2242,Cabo de Peñas,Exterior,2014-11-16 20:00:00,2014-11-16 22:00:00,3,4.37,4.41,Hs ≥ P95,4.31
462,2242,Cabo de Peñas,Exterior,2014-11-17 00:00:00,2014-11-17 00:00:00,1,4.58,4.58,Hs ≥ P95,4.31
463,2242,Cabo de Peñas,Exterior,2014-12-03 04:00:00,2014-12-03 04:00:00,1,4.35,4.35,Hs ≥ P95,4.31
464,2242,Cabo de Peñas,Exterior,2014-12-06 03:00:00,2014-12-06 04:00:00,2,4.44,4.46,Hs ≥ P95,4.31
465,2242,Cabo de Peñas,Exterior,2014-12-06 06:00:00,2014-12-06 07:00:00,2,4.51,4.58,Hs ≥ P95,4.31
466,2242,Cabo de Peñas,Exterior,2014-12-06 09:00:00,2014-12-06 09:00:00,1,4.66,4.66,Hs ≥ P95,4.31
467,2242,Cabo de Peñas,Exterior,2014-12-08 22:00:00,2014-12-08 22:00:00,1,4.49,4.49,Hs ≥ P95,4.31
468,2242,Cabo de Peñas,Exterior,2014-12-09 00:00:00,2014-12-09 01:00:00,2,4.47,4.6,Hs ≥ P95,4.31
469,2242,Cabo de Peñas,Exterior,2014-12-10 23:00:00,2014-12-12 08:00:00,34,5.91,7.64,Hs ≥ P95,4.31
470,2242,Cabo de Peñas,Exterior,2014-12-12 11:00:00,2014-12-12 20:00:00,10,4.71,5.32,Hs ≥ P95,4.31
471,2242,Cabo de Peñas,Exterior,2014-12-12 23:00:00,2014-12-12 23:00:00,1,4.38,4.38,Hs ≥ P95,4.31
472,2242,Cabo de Peñas,Exterior,2014-12-13 02:00:00,2014-12-13 02:00:00,1,4.48,4.48,Hs ≥ P95,4.31
473,2242,Cabo de Peñas,Exterior,2014-12-13 16:00:00,2014-12-13 19:00:00,4,4.49,4.57,Hs ≥ P95,4.31
474,2242,Cabo de Peñas,Exterior,2015-01-11 16:00:00,2015-01-12 10:00:00,19,5.13,6.12,Hs ≥ P95,4.31
475,2242,Cabo de Peñas,Exterior,2015-01-13 07:00:00,2015-01-13 07:00:00,1,4.35,4.35,Hs ≥ P95,4.31
476,2242,Cabo de Peñas,Exterior,2015-01-14 03:00:00,2015-01-14 03:00:00,1,4.55,4.55,Hs ≥ P95,4.31
477,2242,Cabo de Peñas,Exterior,2015-01-14 06:00:00,2015-01-14 06:00:00,1,4.89,4.89,Hs ≥ P95,4.31
478,2242,Cabo de Peñas,Exterior,2015-01-14 08:00:00,2015-01-15 02:00:00,19,4.73,5.25,Hs ≥ P95,4.31
479,2242,Cabo de Peñas,Exterior,2015-01-15 04:00:00,2015-01-15 06:00:00,3,4.37,4.48,Hs ≥ P95,4.31
480,2242,Cabo de Peñas,Exterior,2015-01-15 08:00:00,2015-01-16 12:00:00,29,5.48,7.2,Hs ≥ P95,4.31
481,2242,Cabo de Peñas,Exterior,2015-01-16 14:00:00,2015-01-17 04:00:00,15,4.94,5.81,Hs ≥ P95,4.31
482,2242,Cabo de Peñas,Exterior,2015-01-18 21:00:00,2015-01-19 01:00:00,5,4.5,4.69,Hs ≥ P95,4.31
483,2242,Cabo de Peñas,Exterior,2015-01-19 03:00:00,2015-01-19 04:00:00,2,4.57,4.75,Hs ≥ P95,4.31
484,2242,Cabo de Peñas,Exterior,2015-01-20 23:00:00,2015-01-22 13:00:00,39,5.71,6.74,Hs ≥ P95,4.31
485,2242,Cabo de Peñas,Exterior,2015-01-22 15:00:00,2015-01-22 16:00:00,2,4.64,4.71,Hs ≥ P95,4.31
486,2242,Cabo de Peñas,Exterior,2015-01-29 11:00:00,2015-01-29 19:00:00,9,5.47,6.25,Hs ≥ P95,4.31
487,2242,Cabo de Peñas,Exterior,2015-02-14 00:00:00,2015-02-14 13:00:00,14,5.4,6.46,Hs ≥ P95,4.31
488,2242,Cabo de Peñas,Exterior,2015-02-14 15:00:00,2015-02-14 17:00:00,3,4.44,4.54,Hs ≥ P95,4.31
489,2242,Cabo de Peñas,Exterior,2015-02-14 19:00:00,2015-02-14 20:00:00,2,4.43,4.54,Hs ≥ P95,4.31
490,2242,Cabo de Peñas,Exterior,2015-02-23 18:00:00,2015-02-25 16:00:00,47,6.83,10.17,Hs ≥ P95,4.31
491,2242,Cabo de Peñas,Exterior,2015-02-25 18:00:00,2015-02-25 20:00:00,3,4.46,4.64,Hs ≥ P95,4.31
492,2242,Cabo de Peñas,Exterior,2015-02-27 15:00:00,2015-02-27 15:00:00,1,4.49,4.49,Hs ≥ P95,4.31
493,2242,Cabo de Peñas,Exterior,2015-02-27 17:00:00,2015-02-27 18:00:00,2,4.38,4.44,Hs ≥ P95,4.31
494,2242,Cabo de Peñas,Exterior,2015-02-27 20:00:00,2015-02-27 21:00:00,2,4.58,4.79,Hs ≥ P95,4.31
495,2242,Cabo de Peñas,Exterior,2015-02-28 00:00:00,2015-02-28 10:00:00,11,4.72,4.99,Hs ≥ P95,4.31
496,2242,Cabo de Peñas,Exterior,2015-03-01 16:00:00,2015-03-01 16:00:00,1,4.51,4.51,Hs ≥ P95,4.31
497,2242,Cabo de Peñas,Exterior,2015-03-01 18:00:00,2015-03-02 01:00:00,8,4.88,5.77,Hs ≥ P95,4.31
498,2242,Cabo de Peñas,Exterior,2015-03-02 03:00:00,2015-03-02 03:00:00,1,4.47,4.47,Hs ≥ P95,4.31
499,2242,Cabo de Peñas,Exterior,2015-03-02 05:00:00,2015-03-02 05:00:00,1,4.39,4.39,Hs ≥ P95,4.31
500,2242,Cabo de Peñas,Exterior,2015-03-03 17:00:00,2015-03-03 17:00:00,1,4.36,4.36,Hs ≥ P95,4.31
501,2242,Cabo de Peñas,Exterior,2015-03-03 19:00:00,2015-03-03 19:00:00,1,4.44,4.44,Hs ≥ P95,4.31
502,2242,Cabo de Peñas,Exterior,2015-03-04 10:00:00,2015-03-04 10:00:00,1,4.37,4.37,Hs ≥ P95,4.31
503,2242,Cabo de Peñas,Exterior,2015-03-04 12:00:00,2015-03-04 13:00:00,2,4.47,4.53,Hs ≥ P95,4.31
504,2242,Cabo de Peñas,Exterior,2015-03-04 15:00:00,2015-03-04 15:00:00,1,4.36,4.36,Hs ≥ P95,4.31
505,2242,Cabo de Peñas,Exterior,2015-03-13 15:00:00,2015-03-13 15:00:00,1,4.43,4.43,Hs ≥ P95,4.31
506,2242,Cabo de Peñas,Exterior,2015-03-13 23:00:00,2015-03-13 23:00:00,1,4.42,4.42,Hs ≥ P95,4.31
507,2242,Cabo de Peñas,Exterior,2015-05-14 23:00:00,2015-05-15 06:00:00,8,4.98,5.72,Hs ≥ P95,4.31
508,2242,Cabo de Peñas,Exterior,2015-05-15 08:00:00,2015-05-15 08:00:00,1,4.47,4.47,Hs ≥ P95,4.31
509,2242,Cabo de Peñas,Exterior,2015-05-20 01:00:00,2015-05-20 01:00:00,1,4.36,4.36,Hs ≥ P95,4.31
510,2242,Cabo de Peñas,Exterior,2015-08-04 17:00:00,2015-08-04 17:00:00,1,4.42,4.42,Hs ≥ P95,4.31
511,2242,Cabo de Peñas,Exterior,2015-08-24 00:00:00,2015-08-24 01:00:00,2,4.73,4.89,Hs ≥ P95,4.31
512,2242,Cabo de Peñas,Exterior,2015-11-21 17:00:00,2015-11-21 19:00:00,3,4.45,4.56,Hs ≥ P95,4.31
513,2242,Cabo de Peñas,Exterior,2015-11-21 22:00:00,2015-11-21 23:00:00,2,4.58,4.69,Hs ≥ P95,4.31
514,2242,Cabo de Peñas,Exterior,2015-11-25 19:00:00,2015-11-25 22:00:00,4,4.41,4.45,Hs ≥ P95,4.31
515,2242,Cabo de Peñas,Exterior,2015-11-28 13:00:00,2015-11-28 13:00:00,1,4.34,4.34,Hs ≥ P95,4.31
516,2242,Cabo de Peñas,Exterior,2015-11-29 01:00:00,2015-11-29 02:00:00,2,4.5,4.54,Hs ≥ P95,4.31
517,2242,Cabo de Peñas,Exterior,2015-11-29 08:00:00,2015-11-29 20:00:00,13,4.97,5.61,Hs ≥ P95,4.31
518,2242,Cabo de Peñas,Exterior,2015-11-29 22:00:00,2015-11-30 08:00:00,11,4.7,5.06,Hs ≥ P95,4.31
519,2242,Cabo de Peñas,Exterior,2015-11-30 10:00:00,2015-11-30 10:00:00,1,4.31,4.31,Hs ≥ P95,4.31
520,2242,Cabo de Peñas,Exterior,2015-11-30 12:00:00,2015-11-30 16:00:00,5,4.55,4.59,Hs ≥ P95,4.31
521,2242,Cabo de Peñas,Exterior,2015-12-05 22:00:00,2015-12-05 22:00:00,1,4.66,4.66,Hs ≥ P95,4.31
522,2242,Cabo de Peñas,Exterior,2015-12-06 00:00:00,2015-12-06 00:00:00,1,4.48,4.48,Hs ≥ P95,4.31
523,2242,Cabo de Peñas,Exterior,2015-12-19 21:00:00,2015-12-19 21:00:00,1,4.35,4.35,Hs ≥ P95,4.31
524,2242,Cabo de Peñas,Exterior,2015-12-23 03:00:00,2015-12-23 04:00:00,2,4.39,4.44,Hs ≥ P95,4.31
525,2242,Cabo de Peñas,Exterior,2015-12-23 10:00:00,2015-12-23 12:00:00,3,4.61,4.83,Hs ≥ P95,4.31
526,2242,Cabo de Peñas,Exterior,2015-12-23 15:00:00,2015-12-23 15:00:00,1,4.63,4.63,Hs ≥ P95,4.31
527,2242,Cabo de Peñas,Exterior,2015-12-24 13:00:00,2015-12-24 17:00:00,5,4.54,4.63,Hs ≥ P95,4.31
528,2242,Cabo de Peñas,Exterior,2015-12-30 13:00:00,2015-12-30 13:00:00,1,4.44,4.44,Hs ≥ P95,4.31
529,2242,Cabo de Peñas,Exterior,2015-12-30 15:00:00,2015-12-30 22:00:00,8,4.93,5.36,Hs ≥ P95,4.31
530,2242,Cabo de Peñas,Exterior,2015-12-31 00:00:00,2015-12-31 01:00:00,2,4.39,4.46,Hs ≥ P95,4.31
531,2242,Cabo de Peñas,Exterior,2015-12-31 05:00:00,2015-12-31 11:00:00,7,4.56,4.88,Hs ≥ P95,4.31
532,2242,Cabo de Peñas,Exterior,2015-12-31 13:00:00,2015-12-31 15:00:00,3,4.45,4.54,Hs ≥ P95,4.31
533,2242,Cabo de Peñas,Exterior,2016-01-01 21:00:00,2016-01-02 22:00:00,26,5.46,6.29,Hs ≥ P95,4.31
534,2242,Cabo de Peñas,Exterior,2016-01-04 02:00:00,2016-01-06 13:00:00,60,5.63,7.27,Hs ≥ P95,4.31
535,2242,Cabo de Peñas,Exterior,2016-01-06 21:00:00,2016-01-07 00:00:00,4,4.44,4.6,Hs ≥ P95,4.31
536,2242,Cabo de Peñas,Exterior,2016-01-09 16:00:00,2016-01-09 17:00:00,2,4.44,4.49,Hs ≥ P95,4.31
537,2242,Cabo de Peñas,Exterior,2016-01-09 21:00:00,2016-01-09 21:00:00,1,4.4,4.4,Hs ≥ P95,4.31
538,2242,Cabo de Peñas,Exterior,2016-01-10 03:00:00,2016-01-10 03:00:00,1,4.39,4.39,Hs ≥ P95,4.31
539,2242,Cabo de Peñas,Exterior,2016-01-10 13:00:00,2016-01-10 13:00:00,1,4.35,4.35,Hs ≥ P95,4.31
540,2242,Cabo de Peñas,Exterior,2016-01-11 02:00:00,2016-01-11 14:00:00,13,4.82,5.29,Hs ≥ P95,4.31
541,2242,Cabo de Peñas,Exterior,2016-01-11 17:00:00,2016-01-11 18:00:00,2,4.38,4.44,Hs ≥ P95,4.31
542,2242,Cabo de Peñas,Exterior,2016-01-11 20:00:00,2016-01-12 01:00:00,6,4.81,5.08,Hs ≥ P95,4.31
543,2242,Cabo de Peñas,Exterior,2016-01-29 00:00:00,2016-01-29 04:00:00,5,4.73,5.26,Hs ≥ P95,4.31
544,2242,Cabo de Peñas,Exterior,2016-01-29 06:00:00,2016-01-29 06:00:00,1,4.48,4.48,Hs ≥ P95,4.31
545,2242,Cabo de Peñas,Exterior,2016-01-29 14:00:00,2016-01-29 15:00:00,2,4.43,4.52,Hs ≥ P95,4.31
546,2242,Cabo de Peñas,Exterior,2016-01-30 05:00:00,2016-01-30 08:00:00,4,4.56,4.62,Hs ≥ P95,4.31
547,2242,Cabo de Peñas,Exterior,2016-01-30 10:00:00,2016-01-30 12:00:00,3,4.45,4.65,Hs ≥ P95,4.31
548,2242,Cabo de Peñas,Exterior,2016-01-30 16:00:00,2016-01-30 16:00:00,1,4.47,4.47,Hs ≥ P95,4.31
549,2242,Cabo de Peñas,Exterior,2016-01-30 19:00:00,2016-01-30 23:00:00,5,4.53,4.72,Hs ≥ P95,4.31
550,2242,Cabo de Peñas,Exterior,2016-01-31 02:00:00,2016-01-31 11:00:00,10,4.76,5.24,Hs ≥ P95,4.31
551,2242,Cabo de Peñas,Exterior,2016-01-31 13:00:00,2016-01-31 20:00:00,8,4.86,5.35,Hs ≥ P95,4.31
552,2242,Cabo de Peñas,Exterior,2016-01-31 22:00:00,2016-01-31 22:00:00,1,4.47,4.47,Hs ≥ P95,4.31
553,2242,Cabo de Peñas,Exterior,2016-02-02 07:00:00,2016-02-02 10:00:00,4,4.9,5.32,Hs ≥ P95,4.31
554,2242,Cabo de Peñas,Exterior,2016-02-07 04:00:00,2016-02-10 14:00:00,83,6.16,9.64,Hs ≥ P95,4.31
555,2242,Cabo de Peñas,Exterior,2016-02-10 16:00:00,2016-02-10 16:00:00,1,4.74,4.74,Hs ≥ P95,4.31
556,2242,Cabo de Peñas,Exterior,2016-02-10 20:00:00,2016-02-10 21:00:00,2,4.37,4.43,Hs ≥ P95,4.31
557,2242,Cabo de Peñas,Exterior,2016-02-10 23:00:00,2016-02-11 04:00:00,6,4.97,5.24,Hs ≥ P95,4.31
558,2242,Cabo de Peñas,Exterior,2016-02-13 13:00:00,2016-02-13 13:00:00,1,4.41,4.41,Hs ≥ P95,4.31
559,2242,Cabo de Peñas,Exterior,2016-02-13 16:00:00,2016-02-14 03:00:00,12,5.41,6.31,Hs ≥ P95,4.31
560,2242,Cabo de Peñas,Exterior,2016-02-14 07:00:00,2016-02-15 22:00:00,40,5.89,8.47,Hs ≥ P95,4.31
561,2242,Cabo de Peñas,Exterior,2016-02-18 08:00:00,2016-02-18 11:00:00,4,4.53,4.81,Hs ≥ P95,4.31
562,2242,Cabo de Peñas,Exterior,2016-02-18 22:00:00,2016-02-18 22:00:00,1,4.77,4.77,Hs ≥ P95,4.31
563,2242,Cabo de Peñas,Exterior,2016-02-19 04:00:00,2016-02-19 10:00:00,7,4.62,5.48,Hs ≥ P95,4.31
564,2242,Cabo de Peñas,Exterior,2016-02-22 00:00:00,2016-02-22 00:00:00,1,4.38,4.38,Hs ≥ P95,4.31
565,2242,Cabo de Peñas,Exterior,2016-02-22 12:00:00,2016-02-22 12:00:00,1,4.48,4.48,Hs ≥ P95,4.31
566,2242,Cabo de Peñas,Exterior,2016-02-27 02:00:00,2016-02-27 04:00:00,3,4.47,4.61,Hs ≥ P95,4.31
567,2242,Cabo de Peñas,Exterior,2016-02-27 06:00:00,2016-02-27 07:00:00,2,4.36,4.37,Hs ≥ P95,4.31
568,2242,Cabo de Peñas,Exterior,2016-02-27 16:00:00,2016-02-27 17:00:00,2,4.49,4.61,Hs ≥ P95,4.31
569,2242,Cabo de Peñas,Exterior,2016-02-27 19:00:00,2016-02-27 21:00:00,3,4.66,5.01,Hs ≥ P95,4.31
570,2242,Cabo de Peñas,Exterior,2016-02-28 01:00:00,2016-02-28 04:00:00,4,4.62,4.97,Hs ≥ P95,4.31
571,2242,Cabo de Peñas,Exterior,2016-03-02 23:00:00,2016-03-03 16:00:00,18,5.06,6.1,Hs ≥ P95,4.31
572,2242,Cabo de Peñas,Exterior,2016-03-03 20:00:00,2016-03-03 20:00:00,1,4.31,4.31,Hs ≥ P95,4.31
573,2242,Cabo de Peñas,Exterior,2016-03-04 13:00:00,2016-03-04 15:00:00,3,4.66,4.75,Hs ≥ P95,4.31
574,2242,Cabo de Peñas,Exterior,2016-03-04 17:00:00,2016-03-04 22:00:00,6,4.7,4.83,Hs ≥ P95,4.31
575,2242,Cabo de Peñas,Exterior,2016-03-05 00:00:00,2016-03-06 00:00:00,25,5.15,6.29,Hs ≥ P95,4.31
576,2242,Cabo de Peñas,Exterior,2016-03-06 03:00:00,2016-03-06 03:00:00,1,4.35,4.35,Hs ≥ P95,4.31
577,2242,Cabo de Peñas,Exterior,2016-03-07 06:00:00,2016-03-07 14:00:00,9,4.87,5.2,Hs ≥ P95,4.31
578,2242,Cabo de Peñas,Exterior,2016-03-09 17:00:00,2016-03-10 08:00:00,16,4.75,5.51,Hs ≥ P95,4.31
579,2242,Cabo de Peñas,Exterior,2016-03-26 19:00:00,2016-03-27 00:00:00,6,4.62,4.71,Hs ≥ P95,4.31
580,2242,Cabo de Peñas,Exterior,2016-03-27 02:00:00,2016-03-27 12:00:00,11,4.87,5.58,Hs ≥ P95,4.31
581,2242,Cabo de Peñas,Exterior,2016-03-27 14:00:00,2016-03-27 14:00:00,1,4.6,4.6,Hs ≥ P95,4.31
582,2242,Cabo de Peñas,Exterior,2016-03-27 16:00:00,2016-03-27 16:00:00,1,4.64,4.64,Hs ≥ P95,4.31
583,2242,Cabo de Peñas,Exterior,2016-03-27 18:00:00,2016-03-28 19:00:00,26,5.15,5.98,Hs ≥ P95,4.31
584,2242,Cabo de Peñas,Exterior,2016-04-10 12:00:00,2016-04-10 23:00:00,12,4.63,5.32,Hs ≥ P95,4.31
585,2242,Cabo de Peñas,Exterior,2016-04-11 01:00:00,2016-04-11 02:00:00,2,4.74,4.86,Hs ≥ P95,4.31
586,2242,Cabo de Peñas,Exterior,2016-11-18 02:00:00,2016-11-18 04:00:00,3,4.73,4.85,Hs ≥ P95,4.31
587,2242,Cabo de Peñas,Exterior,2016-11-18 07:00:00,2016-11-19 08:00:00,26,5.54,6.4,Hs ≥ P95,4.31
588,2242,Cabo de Peñas,Exterior,2016-11-19 10:00:00,2016-11-19 10:00:00,1,4.87,4.87,Hs ≥ P95,4.31
589,2242,Cabo de Peñas,Exterior,2016-11-19 12:00:00,2016-11-19 17:00:00,6,4.75,5.16,Hs ≥ P95,4.31
590,2242,Cabo de Peñas,Exterior,2016-11-21 12:00:00,2016-11-21 15:00:00,4,4.73,4.86,Hs ≥ P95,4.31
591,2242,Cabo de Peñas,Exterior,2016-11-21 18:00:00,2016-11-21 18:00:00,1,4.54,4.54,Hs ≥ P95,4.31
592,2242,Cabo de Peñas,Exterior,2016-11-21 20:00:00,2016-11-21 20:00:00,1,4.32,4.32,Hs ≥ P95,4.31
593,2242,Cabo de Peñas,Exterior,2016-12-16 07:00:00,2016-12-17 07:00:00,25,4.79,5.23,Hs ≥ P95,4.31
594,2242,Cabo de Peñas,Exterior,2016-12-21 22:00:00,2016-12-21 22:00:00,1,4.45,4.45,Hs ≥ P95,4.31
595,2242,Cabo de Peñas,Exterior,2016-12-22 00:00:00,2016-12-22 01:00:00,2,4.54,4.63,Hs ≥ P95,4.31
596,2242,Cabo de Peñas,Exterior,2016-12-22 03:00:00,2016-12-22 04:00:00,2,4.85,4.91,Hs ≥ P95,4.31
597,2242,Cabo de Peñas,Exterior,2016-12-22 08:00:00,2016-12-22 08:00:00,1,4.32,4.32,Hs ≥ P95,4.31
598,2242,Cabo de Peñas,Exterior,2016-12-22 17:00:00,2016-12-22 17:00:00,1,4.31,4.31,Hs ≥ P95,4.31
599,2242,Cabo de Peñas,Exterior,2016-12-23 02:00:00,2016-12-23 02:00:00,1,4.78,4.78,Hs ≥ P95,4.31
600,2242,Cabo de Peñas,Exterior,2016-12-23 04:00:00,2016-12-23 05:00:00,2,4.63,4.68,Hs ≥ P95,4.31
601,2242,Cabo de Peñas,Exterior,2016-12-23 07:00:00,2016-12-23 12:00:00,6,4.64,5.01,Hs ≥ P95,4.31
602,2242,Cabo de Peñas,Exterior,2016-12-24 22:00:00,2016-12-24 22:00:00,1,4.37,4.37,Hs ≥ P95,4.31
603,2242,Cabo de Peñas,Exterior,2016-12-25 05:00:00,2016-12-25 05:00:00,1,4.34,4.34,Hs ≥ P95,4.31
604,2242,Cabo de Peñas,Exterior,2017-01-10 22:00:00,2017-01-10 22:00:00,1,4.59,4.59,Hs ≥ P95,4.31
605,2242,Cabo de Peñas,Exterior,2017-01-12 21:00:00,2017-01-14 03:00:00,31,5.2,6.47,Hs ≥ P95,4.31
606,2242,Cabo de Peñas,Exterior,2017-02-02 17:00:00,2017-02-03 17:00:00,25,5.8,7.42,Hs ≥ P95,4.31
607,2242,Cabo de Peñas,Exterior,2017-02-03 19:00:00,2017-02-03 19:00:00,1,4.67,4.67,Hs ≥ P95,4.31
608,2242,Cabo de Peñas,Exterior,2017-02-03 23:00:00,2017-02-04 09:00:00,11,5.59,7.06,Hs ≥ P95,4.31
609,2242,Cabo de Peñas,Exterior,2017-02-05 01:00:00,2017-02-05 02:00:00,2,4.38,4.44,Hs ≥ P95,4.31
610,2242,Cabo de Peñas,Exterior,2017-02-05 04:00:00,2017-02-05 04:00:00,1,4.32,4.32,Hs ≥ P95,4.31
611,2242,Cabo de Peñas,Exterior,2017-02-05 06:00:00,2017-02-05 22:00:00,17,5.65,6.99,Hs ≥ P95,4.31
612,2242,Cabo de Peñas,Exterior,2017-02-07 18:00:00,2017-02-08 06:00:00,13,4.82,5.44,Hs ≥ P95,4.31
613,2242,Cabo de Peñas,Exterior,2017-02-08 09:00:00,2017-02-08 16:00:00,8,5.03,5.55,Hs ≥ P95,4.31
614,2242,Cabo de Peñas,Exterior,2017-02-08 22:00:00,2017-02-08 23:00:00,2,4.54,4.6,Hs ≥ P95,4.31
615,2242,Cabo de Peñas,Exterior,2017-02-27 11:00:00,2017-03-01 07:00:00,45,6.64,9.09,Hs ≥ P95,4.31
616,2242,Cabo de Peñas,Exterior,2017-03-06 09:00:00,2017-03-06 09:00:00,1,4.51,4.51,Hs ≥ P95,4.31
617,2242,Cabo de Peñas,Exterior,2017-03-06 11:00:00,2017-03-06 14:00:00,4,4.62,4.81,Hs ≥ P95,4.31
618,2242,Cabo de Peñas,Exterior,2017-03-06 16:00:00,2017-03-06 23:00:00,8,4.62,5.01,Hs ≥ P95,4.31
619,2242,Cabo de Peñas,Exterior,2017-03-07 01:00:00,2017-03-07 01:00:00,1,4.53,4.53,Hs ≥ P95,4.31
620,2242,Cabo de Peñas,Exterior,2017-03-07 05:00:00,2017-03-07 06:00:00,2,4.52,4.63,Hs ≥ P95,4.31
621,2242,Cabo de Peñas,Exterior,2017-03-07 08:00:00,2017-03-07 08:00:00,1,4.56,4.56,Hs ≥ P95,4.31
622,2242,Cabo de Peñas,Exterior,2017-03-07 11:00:00,2017-03-07 11:00:00,1,4.33,4.33,Hs ≥ P95,4.31
623,2242,Cabo de Peñas,Exterior,2017-03-13 07:00:00,2017-03-13 07:00:00,1,4.32,4.32,Hs ≥ P95,4.31
624,2242,Cabo de Peñas,Exterior,2017-03-22 11:00:00,2017-03-22 11:00:00,1,4.37,4.37,Hs ≥ P95,4.31
625,2242,Cabo de Peñas,Exterior,2017-03-22 13:00:00,2017-03-23 18:00:00,30,4.88,5.68,Hs ≥ P95,4.31
626,2242,Cabo de Peñas,Exterior,2017-04-30 19:00:00,2017-04-30 20:00:00,2,4.62,4.66,Hs ≥ P95,4.31
627,2242,Cabo de Peñas,Exterior,2017-05-01 05:00:00,2017-05-01 05:00:00,1,4.35,4.35,Hs ≥ P95,4.31
628,2242,Cabo de Peñas,Exterior,2017-05-01 18:00:00,2017-05-01 18:00:00,1,4.36,4.36,Hs ≥ P95,4.31
629,2242,Cabo de Peñas,Exterior,2017-06-28 16:00:00,2017-06-28 21:00:00,6,4.99,5.58,Hs ≥ P95,4.31
630,2242,Cabo de Peñas,Exterior,2017-06-29 16:00:00,2017-06-29 16:00:00,1,4.37,4.37,Hs ≥ P95,4.31
631,2242,Cabo de Peñas,Exterior,2017-06-29 22:00:00,2017-06-30 02:00:00,5,4.64,4.77,Hs ≥ P95,4.31
632,2242,Cabo de Peñas,Exterior,2017-06-30 04:00:00,2017-06-30 04:00:00,1,4.61,4.61,Hs ≥ P95,4.31
633,2242,Cabo de Peñas,Exterior,2017-09-11 15:00:00,2017-09-12 07:00:00,17,5.22,6.14,Hs ≥ P95,4.31
634,2242,Cabo de Peñas,Exterior,2017-10-21 08:00:00,2017-10-22 14:00:00,31,5.15,6.46,Hs ≥ P95,4.31
635,2242,Cabo de Peñas,Exterior,2017-10-22 17:00:00,2017-10-22 17:00:00,1,4.31,4.31,Hs ≥ P95,4.31
636,2242,Cabo de Peñas,Exterior,2017-11-05 14:00:00,2017-11-05 14:00:00,1,4.65,4.65,Hs ≥ P95,4.31
637,2242,Cabo de Peñas,Exterior,2017-11-06 01:00:00,2017-11-06 01:00:00,1,4.42,4.42,Hs ≥ P95,4.31
638,2242,Cabo de Peñas,Exterior,2017-11-08 03:00:00,2017-11-08 07:00:00,5,4.58,4.81,Hs ≥ P95,4.31
639,2242,Cabo de Peñas,Exterior,2017-11-08 09:00:00,2017-11-08 10:00:00,2,4.52,4.53,Hs ≥ P95,4.31
640,2242,Cabo de Peñas,Exterior,2017-11-08 13:00:00,2017-11-08 13:00:00,1,4.9,4.9,Hs ≥ P95,4.31
641,2242,Cabo de Peñas,Exterior,2017-11-09 01:00:00,2017-11-09 01:00:00,1,4.52,4.52,Hs ≥ P95,4.31
642,2242,Cabo de Peñas,Exterior,2018-01-24 20:00:00,2018-01-25 15:00:00,20,4.84,5.81,Hs ≥ P95,4.31
643,2242,Cabo de Peñas,Exterior,2018-01-25 17:00:00,2018-01-25 17:00:00,1,4.32,4.32,Hs ≥ P95,4.31
644,2242,Cabo de Peñas,Exterior,2018-01-25 19:00:00,2018-01-26 01:00:00,7,4.77,5.16,Hs ≥ P95,4.31
645,2242,Cabo de Peñas,Exterior,2018-01-26 03:00:00,2018-01-26 16:00:00,14,4.72,5.3,Hs ≥ P95,4.31
646,2242,Cabo de Peñas,Exterior,2018-01-26 18:00:00,2018-01-26 21:00:00,4,4.65,4.87,Hs ≥ P95,4.31
647,2242,Cabo de Peñas,Exterior,2018-02-01 10:00:00,2018-02-02 03:00:00,18,4.81,5.28,Hs ≥ P95,4.31
648,2242,Cabo de Peñas,Exterior,2018-02-02 10:00:00,2018-02-02 10:00:00,1,4.53,4.53,Hs ≥ P95,4.31
649,2242,Cabo de Peñas,Exterior,2018-02-04 12:00:00,2018-02-04 13:00:00,2,4.5,4.65,Hs ≥ P95,4.31
650,2242,Cabo de Peñas,Exterior,2018-02-04 15:00:00,2018-02-04 17:00:00,3,4.81,4.98,Hs ≥ P95,4.31
651,2242,Cabo de Peñas,Exterior,2018-02-04 22:00:00,2018-02-05 13:00:00,16,5.01,6.09,Hs ≥ P95,4.31
652,2242,Cabo de Peñas,Exterior,2018-02-07 04:00:00,2018-02-07 20:00:00,17,4.97,5.63,Hs ≥ P95,4.31
653,2242,Cabo de Peñas,Exterior,2018-02-10 01:00:00,2018-02-10 01:00:00,1,4.34,4.34,Hs ≥ P95,4.31
654,2242,Cabo de Peñas,Exterior,2018-02-10 04:00:00,2018-02-10 12:00:00,9,4.91,5.9,Hs ≥ P95,4.31
655,2242,Cabo de Peñas,Exterior,2018-02-10 14:00:00,2018-02-10 16:00:00,3,4.65,5.04,Hs ≥ P95,4.31
656,2242,Cabo de Peñas,Exterior,2018-02-10 18:00:00,2018-02-10 18:00:00,1,4.41,4.41,Hs ≥ P95,4.31
657,2242,Cabo de Peñas,Exterior,2018-02-13 07:00:00,2018-02-13 07:00:00,1,4.32,4.32,Hs ≥ P95,4.31
658,2242,Cabo de Peñas,Exterior,2018-02-13 09:00:00,2018-02-13 11:00:00,3,4.68,4.76,Hs ≥ P95,4.31
659,2242,Cabo de Peñas,Exterior,2018-02-13 13:00:00,2018-02-13 13:00:00,1,4.57,4.57,Hs ≥ P95,4.31
660,2242,Cabo de Peñas,Exterior,2018-02-13 15:00:00,2018-02-13 15:00:00,1,4.61,4.61,Hs ≥ P95,4.31
661,2242,Cabo de Peñas,Exterior,2018-02-13 17:00:00,2018-02-13 17:00:00,1,4.86,4.86,Hs ≥ P95,4.31
662,2242,Cabo de Peñas,Exterior,2018-02-14 03:00:00,2018-02-14 03:00:00,1,4.43,4.43,Hs ≥ P95,4.31
663,2242,Cabo de Peñas,Exterior,2018-02-15 15:00:00,2018-02-16 15:00:00,25,5.2,6.17,Hs ≥ P95,4.31
664,2242,Cabo de Peñas,Exterior,2018-02-16 18:00:00,2018-02-16 18:00:00,1,4.35,4.35,Hs ≥ P95,4.31
665,2242,Cabo de Peñas,Exterior,2018-02-16 20:00:00,2018-02-16 21:00:00,2,4.63,4.81,Hs ≥ P95,4.31
666,2242,Cabo de Peñas,Exterior,2018-02-17 00:00:00,2018-02-17 00:00:00,1,4.33,4.33,Hs ≥ P95,4.31
667,2242,Cabo de Peñas,Exterior,2018-03-16 05:00:00,2018-03-16 05:00:00,1,4.32,4.32,Hs ≥ P95,4.31
668,2242,Cabo de Peñas,Exterior,2018-03-17 01:00:00,2018-03-17 01:00:00,1,4.36,4.36,Hs ≥ P95,4.31
669,2242,Cabo de Peñas,Exterior,2018-03-24 01:00:00,2018-03-24 04:00:00,4,5.66,6.96,Hs ≥ P95,4.31
670,2242,Cabo de Peñas,Exterior,2018-04-17 19:00:00,2018-04-17 19:00:00,1,4.41,4.41,Hs ≥ P95,4.31
671,2242,Cabo de Peñas,Exterior,2018-04-17 23:00:00,2018-04-17 23:00:00,1,4.46,4.46,Hs ≥ P95,4.31
672,2242,Cabo de Peñas,Exterior,2018-04-18 01:00:00,2018-04-18 01:00:00,1,4.54,4.54,Hs ≥ P95,4.31
673,2242,Cabo de Peñas,Exterior,2018-04-18 07:00:00,2018-04-18 07:00:00,1,4.32,4.32,Hs ≥ P95,4.31
674,2242,Cabo de Peñas,Exterior,2018-04-27 16:00:00,2018-04-27 18:00:00,3,4.65,4.81,Hs ≥ P95,4.31
675,2242,Cabo de Peñas,Exterior,2018-04-27 20:00:00,2018-04-27 22:00:00,3,4.59,4.82,Hs ≥ P95,4.31
676,2242,Cabo de Peñas,Exterior,2018-05-10 15:00:00,2018-05-10 16:00:00,2,4.59,4.84,Hs ≥ P95,4.31
677,2242,Cabo de Peñas,Exterior,2018-05-10 19:00:00,2018-05-10 21:00:00,3,4.5,4.77,Hs ≥ P95,4.31
678,2242,Cabo de Peñas,Exterior,2018-10-07 00:00:00,2018-10-07 00:00:00,1,4.44,4.44,Hs ≥ P95,4.31
679,2242,Cabo de Peñas,Exterior,2018-10-28 02:00:00,2018-10-28 10:00:00,9,4.64,4.89,Hs ≥ P95,4.31
680,2242,Cabo de Peñas,Exterior,2018-10-28 12:00:00,2018-10-28 18:00:00,7,4.56,4.85,Hs ≥ P95,4.31
681,2242,Cabo de Peñas,Exterior,2018-10-29 03:00:00,2018-10-29 03:00:00,1,4.48,4.48,Hs ≥ P95,4.31
682,2242,Cabo de Peñas,Exterior,2018-11-04 18:00:00,2018-11-04 18:00:00,1,4.53,4.53,Hs ≥ P95,4.31
683,2242,Cabo de Peñas,Exterior,2018-11-04 20:00:00,2018-11-04 22:00:00,3,4.41,4.43,Hs ≥ P95,4.31
684,2242,Cabo de Peñas,Exterior,2018-11-05 15:00:00,2018-11-06 02:00:00,12,4.97,5.37,Hs ≥ P95,4.31
685,2242,Cabo de Peñas,Exterior,2018-11-07 15:00:00,2018-11-07 18:00:00,4,4.46,4.5,Hs ≥ P95,4.31
686,2242,Cabo de Peñas,Exterior,2018-11-07 21:00:00,2018-11-07 21:00:00,1,4.56,4.56,Hs ≥ P95,4.31
687,2242,Cabo de Peñas,Exterior,2018-11-07 23:00:00,2018-11-08 01:00:00,3,4.42,4.47,Hs ≥ P95,4.31
688,2242,Cabo de Peñas,Exterior,2018-11-08 03:00:00,2018-11-08 04:00:00,2,4.6,4.7,Hs ≥ P95,4.31
689,2242,Cabo de Peñas,Exterior,2018-11-08 06:00:00,2018-11-08 07:00:00,2,4.42,4.51,Hs ≥ P95,4.31
690,2242,Cabo de Peñas,Exterior,2018-11-08 20:00:00,2018-11-09 07:00:00,12,5.0,5.54,Hs ≥ P95,4.31
691,2242,Cabo de Peñas,Exterior,2018-11-09 09:00:00,2018-11-09 10:00:00,2,4.34,4.34,Hs ≥ P95,4.31
692,2242,Cabo de Peñas,Exterior,2018-11-09 17:00:00,2018-11-09 17:00:00,1,4.37,4.37,Hs ≥ P95,4.31
693,2242,Cabo de Peñas,Exterior,2018-11-10 23:00:00,2018-11-10 23:00:00,1,4.51,4.51,Hs ≥ P95,4.31
694,2242,Cabo de Peñas,Exterior,2018-11-27 21:00:00,2018-11-27 21:00:00,1,4.36,4.36,Hs ≥ P95,4.31
695,2242,Cabo de Peñas,Exterior,2018-11-28 07:00:00,2018-11-28 07:00:00,1,4.32,4.32,Hs ≥ P95,4.31
696,2242,Cabo de Peñas,Exterior,2018-11-28 09:00:00,2018-11-28 09:00:00,1,4.69,4.69,Hs ≥ P95,4.31
697,2242,Cabo de Peñas,Exterior,2018-11-28 22:00:00,2018-11-29 01:00:00,4,4.86,5.21,Hs ≥ P95,4.31
698,2242,Cabo de Peñas,Exterior,2018-12-09 13:00:00,2018-12-10 08:00:00,20,5.19,6.02,Hs ≥ P95,4.31
699,2242,Cabo de Peñas,Exterior,2018-12-13 20:00:00,2018-12-13 20:00:00,1,5.0,5.0,Hs ≥ P95,4.31
700,2242,Cabo de Peñas,Exterior,2018-12-13 22:00:00,2018-12-14 12:00:00,15,4.91,5.49,Hs ≥ P95,4.31
701,2242,Cabo de Peñas,Exterior,2018-12-14 14:00:00,2018-12-14 15:00:00,2,4.77,5.06,Hs ≥ P95,4.31
702,2242,Cabo de Peñas,Exterior,2018-12-14 17:00:00,2018-12-14 17:00:00,1,4.45,4.45,Hs ≥ P95,4.31
703,2242,Cabo de Peñas,Exterior,2018-12-18 13:00:00,2018-12-18 13:00:00,1,4.32,4.32,Hs ≥ P95,4.31
704,2242,Cabo de Peñas,Exterior,2018-12-19 07:00:00,2018-12-19 07:00:00,1,4.62,4.62,Hs ≥ P95,4.31
705,2242,Cabo de Peñas,Exterior,2019-01-22 21:00:00,2019-01-24 05:00:00,33,5.54,6.74,Hs ≥ P95,4.31
706,2242,Cabo de Peñas,Exterior,2019-01-27 06:00:00,2019-01-27 06:00:00,1,4.52,4.52,Hs ≥ P95,4.31
707,2242,Cabo de Peñas,Exterior,2019-01-27 08:00:00,2019-01-28 07:00:00,24,5.41,7.28,Hs ≥ P95,4.31
708,2242,Cabo de Peñas,Exterior,2019-01-29 14:00:00,2019-01-30 23:00:00,34,5.13,6.65,Hs ≥ P95,4.31
709,2242,Cabo de Peñas,Exterior,2019-01-31 01:00:00,2019-01-31 07:00:00,7,4.53,4.78,Hs ≥ P95,4.31
710,2242,Cabo de Peñas,Exterior,2019-01-31 09:00:00,2019-01-31 09:00:00,1,4.33,4.33,Hs ≥ P95,4.31
711,2242,Cabo de Peñas,Exterior,2019-02-01 06:00:00,2019-02-02 18:00:00,37,5.75,7.33,Hs ≥ P95,4.31
712,2242,Cabo de Peñas,Exterior,2019-02-06 18:00:00,2019-02-07 02:00:00,9,4.6,5.08,Hs ≥ P95,4.31
713,2242,Cabo de Peñas,Exterior,2019-02-07 05:00:00,2019-02-07 07:00:00,3,4.48,4.67,Hs ≥ P95,4.31
714,2242,Cabo de Peñas,Exterior,2019-02-07 17:00:00,2019-02-07 17:00:00,1,4.42,4.42,Hs ≥ P95,4.31
715,2242,Cabo de Peñas,Exterior,2019-02-08 07:00:00,2019-02-08 07:00:00,1,4.37,4.37,Hs ≥ P95,4.31
716,2242,Cabo de Peñas,Exterior,2019-02-09 02:00:00,2019-02-09 11:00:00,10,4.52,4.92,Hs ≥ P95,4.31
717,2242,Cabo de Peñas,Exterior,2019-02-09 14:00:00,2019-02-09 14:00:00,1,4.47,4.47,Hs ≥ P95,4.31
718,2242,Cabo de Peñas,Exterior,2019-02-10 07:00:00,2019-02-10 07:00:00,1,4.64,4.64,Hs ≥ P95,4.31
719,2242,Cabo de Peñas,Exterior,2019-02-10 10:00:00,2019-02-10 10:00:00,1,4.44,4.44,Hs ≥ P95,4.31
720,2242,Cabo de Peñas,Exterior,2019-02-18 05:00:00,2019-02-18 05:00:00,1,4.56,4.56,Hs ≥ P95,4.31
721,2242,Cabo de Peñas,Exterior,2019-02-18 17:00:00,2019-02-18 18:00:00,2,4.58,4.75,Hs ≥ P95,4.31
722,2242,Cabo de Peñas,Exterior,2019-02-19 10:00:00,2019-02-19 10:00:00,1,4.53,4.53,Hs ≥ P95,4.31
723,2242,Cabo de Peñas,Exterior,2019-03-03 22:00:00,2019-03-04 14:00:00,17,4.89,5.56,Hs ≥ P95,4.31
724,2242,Cabo de Peñas,Exterior,2019-03-07 00:00:00,2019-03-07 03:00:00,4,4.46,4.6,Hs ≥ P95,4.31
725,2242,Cabo de Peñas,Exterior,2019-03-07 05:00:00,2019-03-07 06:00:00,2,4.54,4.59,Hs ≥ P95,4.31
726,2242,Cabo de Peñas,Exterior,2019-03-07 09:00:00,2019-03-07 09:00:00,1,4.37,4.37,Hs ≥ P95,4.31
727,2242,Cabo de Peñas,Exterior,2019-03-11 07:00:00,2019-03-11 07:00:00,1,4.34,4.34,Hs ≥ P95,4.31
728,2242,Cabo de Peñas,Exterior,2019-03-13 06:00:00,2019-03-13 06:00:00,1,4.37,4.37,Hs ≥ P95,4.31
729,2242,Cabo de Peñas,Exterior,2019-03-13 10:00:00,2019-03-14 12:00:00,27,5.54,6.7,Hs ≥ P95,4.31
730,2242,Cabo de Peñas,Exterior,2019-03-14 15:00:00,2019-03-14 15:00:00,1,4.37,4.37,Hs ≥ P95,4.31
731,2242,Cabo de Peñas,Exterior,2019-04-03 18:00:00,2019-04-03 23:00:00,6,4.67,5.15,Hs ≥ P95,4.31
732,2242,Cabo de Peñas,Exterior,2019-04-25 20:00:00,2019-04-25 20:00:00,1,4.41,4.41,Hs ≥ P95,4.31
733,2242,Cabo de Peñas,Exterior,2019-04-26 01:00:00,2019-04-26 02:00:00,2,4.35,4.37,Hs ≥ P95,4.31
734,2242,Cabo de Peñas,Exterior,2019-04-26 05:00:00,2019-04-26 13:00:00,9,4.95,5.47,Hs ≥ P95,4.31
735,2242,Cabo de Peñas,Exterior,2019-04-26 15:00:00,2019-04-26 16:00:00,2,4.56,4.74,Hs ≥ P95,4.31
736,2242,Cabo de Peñas,Exterior,2019-04-26 18:00:00,2019-04-26 18:00:00,1,4.68,4.68,Hs ≥ P95,4.31
737,2242,Cabo de Peñas,Exterior,2019-04-26 20:00:00,2019-04-26 20:00:00,1,4.54,4.54,Hs ≥ P95,4.31
738,2242,Cabo de Peñas,Exterior,2019-04-27 13:00:00,2019-04-27 21:00:00,9,4.79,5.54,Hs ≥ P95,4.31
739,2242,Cabo de Peñas,Exterior,2019-05-08 17:00:00,2019-05-09 04:00:00,12,5.87,6.78,Hs ≥ P95,4.31
740,2242,Cabo de Peñas,Exterior,2019-05-09 06:00:00,2019-05-09 06:00:00,1,4.53,4.53,Hs ≥ P95,4.31
741,2242,Cabo de Peñas,Exterior,2019-06-07 01:00:00,2019-06-07 07:00:00,7,5.41,5.94,Hs ≥ P95,4.31
742,2242,Cabo de Peñas,Exterior,2019-07-29 13:00:00,2019-07-29 19:00:00,7,5.03,5.6,Hs ≥ P95,4.31
743,2242,Cabo de Peñas,Exterior,2019-07-29 21:00:00,2019-07-29 21:00:00,1,4.33,4.33,Hs ≥ P95,4.31
744,2242,Cabo de Peñas,Exterior,2019-09-25 01:00:00,2019-09-25 01:00:00,1,4.43,4.43,Hs ≥ P95,4.31
745,2242,Cabo de Peñas,Exterior,2019-09-25 03:00:00,2019-09-25 03:00:00,1,4.32,4.32,Hs ≥ P95,4.31
746,2242,Cabo de Peñas,Exterior,2019-09-25 05:00:00,2019-09-25 08:00:00,4,4.49,4.63,Hs ≥ P95,4.31
747,2242,Cabo de Peñas,Exterior,2019-11-02 19:00:00,2019-11-03 16:00:00,22,6.44,9.32,Hs ≥ P95,4.31
748,2242,Cabo de Peñas,Exterior,2019-11-03 18:00:00,2019-11-05 19:00:00,50,5.21,6.65,Hs ≥ P95,4.31
749,2242,Cabo de Peñas,Exterior,2019-11-05 22:00:00,2019-11-06 04:00:00,7,4.78,5.36,Hs ≥ P95,4.31
750,2242,Cabo de Peñas,Exterior,2019-11-07 13:00:00,2019-11-07 15:00:00,3,4.6,4.65,Hs ≥ P95,4.31
751,2242,Cabo de Peñas,Exterior,2019-11-07 18:00:00,2019-11-09 00:00:00,31,5.56,6.9,Hs ≥ P95,4.31
752,2242,Cabo de Peñas,Exterior,2019-11-09 18:00:00,2019-11-09 18:00:00,1,4.5,4.5,Hs ≥ P95,4.31
753,2242,Cabo de Peñas,Exterior,2019-11-10 08:00:00,2019-11-10 12:00:00,5,4.54,4.68,Hs ≥ P95,4.31
754,2242,Cabo de Peñas,Exterior,2019-11-10 14:00:00,2019-11-11 01:00:00,12,4.57,4.84,Hs ≥ P95,4.31
755,2242,Cabo de Peñas,Exterior,2019-11-12 08:00:00,2019-11-13 04:00:00,21,5.11,5.64,Hs ≥ P95,4.31
756,2242,Cabo de Peñas,Exterior,2019-11-13 06:00:00,2019-11-13 08:00:00,3,4.52,4.81,Hs ≥ P95,4.31
757,2242,Cabo de Peñas,Exterior,2019-11-13 10:00:00,2019-11-13 14:00:00,5,4.72,5.16,Hs ≥ P95,4.31
758,2242,Cabo de Peñas,Exterior,2019-11-13 21:00:00,2019-11-16 03:00:00,55,6.19,8.27,Hs ≥ P95,4.31
759,2242,Cabo de Peñas,Exterior,2019-11-20 07:00:00,2019-11-20 08:00:00,2,4.4,4.49,Hs ≥ P95,4.31
760,2242,Cabo de Peñas,Exterior,2019-11-20 10:00:00,2019-11-20 10:00:00,1,4.41,4.41,Hs ≥ P95,4.31
761,2242,Cabo de Peñas,Exterior,2019-11-20 12:00:00,2019-11-20 12:00:00,1,4.58,4.58,Hs ≥ P95,4.31
762,2242,Cabo de Peñas,Exterior,2019-11-20 15:00:00,2019-11-20 15:00:00,1,4.44,4.44,Hs ≥ P95,4.31
763,2242,Cabo de Peñas,Exterior,2019-11-20 18:00:00,2019-11-20 18:00:00,1,4.38,4.38,Hs ≥ P95,4.31
764,2242,Cabo de Peñas,Exterior,2019-11-20 20:00:00,2019-11-20 20:00:00,1,4.48,4.48,Hs ≥ P95,4.31
765,2242,Cabo de Peñas,Exterior,2019-11-21 12:00:00,2019-11-21 12:00:00,1,4.33,4.33,Hs ≥ P95,4.31
766,2242,Cabo de Peñas,Exterior,2019-11-21 15:00:00,2019-11-21 16:00:00,2,4.42,4.43,Hs ≥ P95,4.31
767,2242,Cabo de Peñas,Exterior,2019-11-23 01:00:00,2019-11-23 17:00:00,17,5.01,5.9,Hs ≥ P95,4.31
768,2242,Cabo de Peñas,Exterior,2019-11-27 04:00:00,2019-11-27 04:00:00,1,4.64,4.64,Hs ≥ P95,4.31
769,2242,Cabo de Peñas,Exterior,2019-12-02 04:00:00,2019-12-02 04:00:00,1,4.49,4.49,Hs ≥ P95,4.31
770,2242,Cabo de Peñas,Exterior,2019-12-09 06:00:00,2019-12-10 02:00:00,21,5.79,6.96,Hs ≥ P95,4.31
771,2242,Cabo de Peñas,Exterior,2019-12-11 18:00:00,2019-12-12 10:00:00,17,5.09,5.56,Hs ≥ P95,4.31
772,2242,Cabo de Peñas,Exterior,2020-01-28 02:00:00,2020-01-29 09:00:00,32,5.08,6.34,Hs ≥ P95,4.31
773,2242,Cabo de Peñas,Exterior,2020-01-29 11:00:00,2020-01-29 13:00:00,3,4.76,5.05,Hs ≥ P95,4.31
774,2242,Cabo de Peñas,Exterior,2020-01-29 15:00:00,2020-01-29 15:00:00,1,4.62,4.62,Hs ≥ P95,4.31
775,2242,Cabo de Peñas,Exterior,2020-02-09 14:00:00,2020-02-12 18:00:00,77,5.92,8.39,Hs ≥ P95,4.31
776,2242,Cabo de Peñas,Exterior,2020-02-12 20:00:00,2020-02-13 03:00:00,8,4.93,5.68,Hs ≥ P95,4.31
777,2242,Cabo de Peñas,Exterior,2020-02-13 20:00:00,2020-02-14 05:00:00,10,5.26,5.65,Hs ≥ P95,4.31
778,2242,Cabo de Peñas,Exterior,2020-02-14 07:00:00,2020-02-14 07:00:00,1,4.6,4.6,Hs ≥ P95,4.31
779,2242,Cabo de Peñas,Exterior,2020-02-15 09:00:00,2020-02-15 10:00:00,2,4.58,4.61,Hs ≥ P95,4.31
780,2242,Cabo de Peñas,Exterior,2020-02-15 19:00:00,2020-02-15 19:00:00,1,4.49,4.49,Hs ≥ P95,4.31
781,2242,Cabo de Peñas,Exterior,2020-02-16 10:00:00,2020-02-18 16:00:00,55,5.6,7.45,Hs ≥ P95,4.31
782,2242,Cabo de Peñas,Exterior,2020-02-18 18:00:00,2020-02-18 21:00:00,4,4.73,5.08,Hs ≥ P95,4.31
783,2242,Cabo de Peñas,Exterior,2020-02-19 17:00:00,2020-02-19 17:00:00,1,4.34,4.34,Hs ≥ P95,4.31
784,2242,Cabo de Peñas,Exterior,2020-02-21 21:00:00,2020-02-22 01:00:00,5,4.59,4.76,Hs ≥ P95,4.31
785,2242,Cabo de Peñas,Exterior,2020-02-22 03:00:00,2020-02-22 03:00:00,1,4.91,4.91,Hs ≥ P95,4.31
786,2242,Cabo de Peñas,Exterior,2020-02-22 09:00:00,2020-02-22 09:00:00,1,4.59,4.59,Hs ≥ P95,4.31
787,2242,Cabo de Peñas,Exterior,2020-02-22 11:00:00,2020-02-22 11:00:00,1,4.38,4.38,Hs ≥ P95,4.31
788,2242,Cabo de Peñas,Exterior,2020-02-26 12:00:00,2020-02-27 03:00:00,16,4.74,5.21,Hs ≥ P95,4.31
789,2242,Cabo de Peñas,Exterior,2020-02-27 05:00:00,2020-02-27 06:00:00,2,4.65,4.77,Hs ≥ P95,4.31
790,2242,Cabo de Peñas,Exterior,2020-02-27 14:00:00,2020-02-27 14:00:00,1,4.31,4.31,Hs ≥ P95,4.31
791,2242,Cabo de Peñas,Exterior,2020-03-01 01:00:00,2020-03-01 01:00:00,1,4.34,4.34,Hs ≥ P95,4.31
792,2242,Cabo de Peñas,Exterior,2020-03-01 04:00:00,2020-03-02 03:00:00,24,5.34,6.86,Hs ≥ P95,4.31
793,2242,Cabo de Peñas,Exterior,2020-03-02 05:00:00,2020-03-02 19:00:00,15,5.15,5.71,Hs ≥ P95,4.31
794,2242,Cabo de Peñas,Exterior,2020-03-03 11:00:00,2020-03-03 16:00:00,6,4.7,5.09,Hs ≥ P95,4.31
795,2242,Cabo de Peñas,Exterior,2020-03-06 03:00:00,2020-03-07 07:00:00,29,5.06,6.1,Hs ≥ P95,4.31
796,2242,Cabo de Peñas,Exterior,2020-03-13 09:00:00,2020-03-13 17:00:00,9,4.84,5.59,Hs ≥ P95,4.31
797,2242,Cabo de Peñas,Exterior,2020-03-30 03:00:00,2020-03-30 03:00:00,1,4.41,4.41,Hs ≥ P95,4.31
798,2242,Cabo de Peñas,Exterior,2020-03-30 06:00:00,2020-03-30 09:00:00,4,4.41,4.44,Hs ≥ P95,4.31
799,2242,Cabo de Peñas,Exterior,2020-03-31 21:00:00,2020-03-31 22:00:00,2,4.53,4.61,Hs ≥ P95,4.31
800,2242,Cabo de Peñas,Exterior,2020-04-30 17:00:00,2020-04-30 20:00:00,4,4.53,4.76,Hs ≥ P95,4.31
801,2242,Cabo de Peñas,Exterior,2020-06-12 01:00:00,2020-06-12 02:00:00,2,4.69,4.76,Hs ≥ P95,4.31
802,2242,Cabo de Peñas,Exterior,2020-06-12 04:00:00,2020-06-12 05:00:00,2,4.43,4.5,Hs ≥ P95,4.31
803,2242,Cabo de Peñas,Exterior,2020-08-21 08:00:00,2020-08-21 09:00:00,2,4.5,4.63,Hs ≥ P95,4.31
804,2242,Cabo de Peñas,Exterior,2020-09-24 17:00:00,2020-09-25 17:00:00,25,5.36,6.15,Hs ≥ P95,4.31
805,2242,Cabo de Peñas,Exterior,2020-09-25 19:00:00,2020-09-25 19:00:00,1,4.42,4.42,Hs ≥ P95,4.31
806,2242,Cabo de Peñas,Exterior,2020-10-02 01:00:00,2020-10-02 01:00:00,1,4.33,4.33,Hs ≥ P95,4.31
807,2242,Cabo de Peñas,Exterior,2020-10-02 03:00:00,2020-10-03 16:00:00,38,5.6,6.91,Hs ≥ P95,4.31
808,2242,Cabo de Peñas,Exterior,2020-10-03 19:00:00,2020-10-03 19:00:00,1,4.36,4.36,Hs ≥ P95,4.31
809,2242,Cabo de Peñas,Exterior,2020-10-04 06:00:00,2020-10-04 06:00:00,1,4.39,4.39,Hs ≥ P95,4.31
810,2242,Cabo de Peñas,Exterior,2020-10-04 08:00:00,2020-10-04 09:00:00,2,4.44,4.52,Hs ≥ P95,4.31
811,2242,Cabo de Peñas,Exterior,2020-10-04 12:00:00,2020-10-04 14:00:00,3,4.51,4.52,Hs ≥ P95,4.31
812,2242,Cabo de Peñas,Exterior,2020-10-04 16:00:00,2020-10-04 16:00:00,1,4.56,4.56,Hs ≥ P95,4.31
813,2242,Cabo de Peñas,Exterior,2020-10-04 18:00:00,2020-10-04 21:00:00,4,4.43,4.54,Hs ≥ P95,4.31
814,2242,Cabo de Peñas,Exterior,2020-10-04 23:00:00,2020-10-05 00:00:00,2,4.54,4.7,Hs ≥ P95,4.31
815,2242,Cabo de Peñas,Exterior,2020-10-05 02:00:00,2020-10-05 05:00:00,4,4.48,4.57,Hs ≥ P95,4.31
816,2242,Cabo de Peñas,Exterior,2020-10-25 08:00:00,2020-10-25 09:00:00,2,4.68,4.98,Hs ≥ P95,4.31
817,2242,Cabo de Peñas,Exterior,2020-10-25 12:00:00,2020-10-25 13:00:00,2,4.54,4.61,Hs ≥ P95,4.31
818,2242,Cabo de Peñas,Exterior,2020-10-25 15:00:00,2020-10-26 00:00:00,10,4.74,5.01,Hs ≥ P95,4.31
819,2242,Cabo de Peñas,Exterior,2020-10-26 04:00:00,2020-10-26 11:00:00,8,4.74,5.36,Hs ≥ P95,4.31
820,2242,Cabo de Peñas,Exterior,2020-10-26 18:00:00,2020-10-26 19:00:00,2,4.49,4.62,Hs ≥ P95,4.31
821,2242,Cabo de Peñas,Exterior,2020-10-26 21:00:00,2020-10-26 22:00:00,2,4.56,4.57,Hs ≥ P95,4.31
822,2242,Cabo de Peñas,Exterior,2020-10-27 00:00:00,2020-10-27 02:00:00,3,4.72,4.85,Hs ≥ P95,4.31
823,2242,Cabo de Peñas,Exterior,2020-10-27 04:00:00,2020-10-27 06:00:00,3,4.86,5.01,Hs ≥ P95,4.31
824,2242,Cabo de Peñas,Exterior,2020-10-28 12:00:00,2020-10-29 18:00:00,31,6.25,7.71,Hs ≥ P95,4.31
825,2242,Cabo de Peñas,Exterior,2020-10-29 22:00:00,2020-10-29 22:00:00,1,4.37,4.37,Hs ≥ P95,4.31
826,2242,Cabo de Peñas,Exterior,2020-11-03 01:00:00,2020-11-03 01:00:00,1,4.31,4.31,Hs ≥ P95,4.31
827,2242,Cabo de Peñas,Exterior,2020-11-05 02:00:00,2020-11-05 02:00:00,1,4.33,4.33,Hs ≥ P95,4.31
828,2242,Cabo de Peñas,Exterior,2020-11-13 22:00:00,2020-11-14 03:00:00,6,4.84,5.03,Hs ≥ P95,4.31
829,2242,Cabo de Peñas,Exterior,2020-11-16 00:00:00,2020-11-16 07:00:00,8,4.84,5.47,Hs ≥ P95,4.31
830,2242,Cabo de Peñas,Exterior,2020-11-16 14:00:00,2020-11-16 14:00:00,1,4.38,4.38,Hs ≥ P95,4.31
831,2242,Cabo de Peñas,Exterior,2020-12-03 19:00:00,2020-12-06 08:00:00,62,6.47,8.08,Hs ≥ P95,4.31
832,2242,Cabo de Peñas,Exterior,2020-12-06 10:00:00,2020-12-06 11:00:00,2,4.54,4.57,Hs ≥ P95,4.31
833,2242,Cabo de Peñas,Exterior,2020-12-06 13:00:00,2020-12-06 13:00:00,1,4.46,4.46,Hs ≥ P95,4.31
834,2242,Cabo de Peñas,Exterior,2020-12-07 13:00:00,2020-12-08 08:00:00,20,6.03,8.03,Hs ≥ P95,4.31
835,2242,Cabo de Peñas,Exterior,2020-12-11 23:00:00,2020-12-11 23:00:00,1,4.53,4.53,Hs ≥ P95,4.31
836,2242,Cabo de Peñas,Exterior,2020-12-12 01:00:00,2020-12-12 16:00:00,16,5.05,5.91,Hs ≥ P95,4.31
837,2242,Cabo de Peñas,Exterior,2020-12-12 18:00:00,2020-12-12 18:00:00,1,4.36,4.36,Hs ≥ P95,4.31
838,2242,Cabo de Peñas,Exterior,2020-12-14 09:00:00,2020-12-14 13:00:00,5,4.63,4.8,Hs ≥ P95,4.31
839,2242,Cabo de Peñas,Exterior,2020-12-19 18:00:00,2020-12-19 21:00:00,4,4.64,4.78,Hs ≥ P95,4.31
840,2242,Cabo de Peñas,Exterior,2020-12-20 00:00:00,2020-12-20 00:00:00,1,4.42,4.42,Hs ≥ P95,4.31
841,2242,Cabo de Peñas,Exterior,2020-12-20 04:00:00,2020-12-20 06:00:00,3,4.37,4.42,Hs ≥ P95,4.31
842,2242,Cabo de Peñas,Exterior,2020-12-20 08:00:00,2020-12-20 08:00:00,1,4.32,4.32,Hs ≥ P95,4.31
843,2242,Cabo de Peñas,Exterior,2020-12-24 04:00:00,2020-12-24 04:00:00,1,4.38,4.38,Hs ≥ P95,4.31
844,2242,Cabo de Peñas,Exterior,2020-12-24 15:00:00,2020-12-24 15:00:00,1,4.42,4.42,Hs ≥ P95,4.31
845,2242,Cabo de Peñas,Exterior,2020-12-24 20:00:00,2020-12-24 20:00:00,1,4.48,4.48,Hs ≥ P95,4.31
846,2242,Cabo de Peñas,Exterior,2020-12-27 13:00:00,2020-12-30 12:00:00,72,7.52,11.21,Hs ≥ P95,4.31
847,2242,Cabo de Peñas,Exterior,2021-01-22 05:00:00,2021-01-22 06:00:00,2,4.39,4.43,Hs ≥ P95,4.31
848,2242,Cabo de Peñas,Exterior,2021-01-22 08:00:00,2021-01-22 09:00:00,2,4.38,4.39,Hs ≥ P95,4.31
849,2242,Cabo de Peñas,Exterior,2021-01-30 13:00:00,2021-01-31 09:00:00,21,6.25,7.78,Hs ≥ P95,4.31
850,2242,Cabo de Peñas,Exterior,2021-02-01 04:00:00,2021-02-01 09:00:00,6,4.46,4.56,Hs ≥ P95,4.31
851,2242,Cabo de Peñas,Exterior,2021-02-01 11:00:00,2021-02-02 02:00:00,16,5.32,6.49,Hs ≥ P95,4.31
852,2242,Cabo de Peñas,Exterior,2021-02-03 06:00:00,2021-02-03 06:00:00,1,4.36,4.36,Hs ≥ P95,4.31
853,2242,Cabo de Peñas,Exterior,2021-02-03 08:00:00,2021-02-03 08:00:00,1,4.41,4.41,Hs ≥ P95,4.31
854,2242,Cabo de Peñas,Exterior,2021-02-21 21:00:00,2021-02-22 01:00:00,5,4.7,5.43,Hs ≥ P95,4.31
855,2242,Cabo de Peñas,Exterior,2021-02-22 06:00:00,2021-02-22 09:00:00,4,4.37,4.5,Hs ≥ P95,4.31
856,2242,Cabo de Peñas,Exterior,2021-03-11 14:00:00,2021-03-12 07:00:00,18,5.25,6.38,Hs ≥ P95,4.31
857,2242,Cabo de Peñas,Exterior,2021-03-13 09:00:00,2021-03-13 10:00:00,2,4.39,4.41,Hs ≥ P95,4.31
858,2242,Cabo de Peñas,Exterior,2021-03-13 12:00:00,2021-03-14 04:00:00,17,5.0,5.67,Hs ≥ P95,4.31
859,2242,Cabo de Peñas,Exterior,2021-03-14 06:00:00,2021-03-14 07:00:00,2,4.52,4.62,Hs ≥ P95,4.31
860,2242,Cabo de Peñas,Exterior,2021-03-14 09:00:00,2021-03-14 09:00:00,1,4.31,4.31,Hs ≥ P95,4.31
861,2242,Cabo de Peñas,Exterior,2021-03-14 12:00:00,2021-03-14 14:00:00,3,4.47,4.69,Hs ≥ P95,4.31
862,2242,Cabo de Peñas,Exterior,2021-03-27 10:00:00,2021-03-27 15:00:00,6,5.2,5.93,Hs ≥ P95,4.31
863,2242,Cabo de Peñas,Exterior,2021-03-27 22:00:00,2021-03-28 00:00:00,3,4.53,4.64,Hs ≥ P95,4.31
864,2242,Cabo de Peñas,Exterior,2021-05-24 16:00:00,2021-05-25 00:00:00,9,4.99,5.66,Hs ≥ P95,4.31
865,2242,Cabo de Peñas,Exterior,2021-05-25 02:00:00,2021-05-25 03:00:00,2,4.36,4.41,Hs ≥ P95,4.31
866,2242,Cabo de Peñas,Exterior,2021-10-21 02:00:00,2021-10-21 02:00:00,1,4.64,4.64,Hs ≥ P95,4.31
867,2242,Cabo de Peñas,Exterior,2021-11-01 18:00:00,2021-11-01 20:00:00,3,4.43,4.61,Hs ≥ P95,4.31
868,2242,Cabo de Peñas,Exterior,2021-11-01 22:00:00,2021-11-01 22:00:00,1,4.31,4.31,Hs ≥ P95,4.31
869,2242,Cabo de Peñas,Exterior,2021-11-22 12:00:00,2021-11-22 21:00:00,10,4.85,5.05,Hs ≥ P95,4.31
870,2242,Cabo de Peñas,Exterior,2021-11-22 23:00:00,2021-11-23 05:00:00,7,4.47,4.69,Hs ≥ P95,4.31
871,2242,Cabo de Peñas,Exterior,2021-11-26 03:00:00,2021-11-26 04:00:00,2,4.64,4.69,Hs ≥ P95,4.31
872,2242,Cabo de Peñas,Exterior,2021-11-27 05:00:00,2021-11-28 10:00:00,30,6.06,7.48,Hs ≥ P95,4.31
873,2242,Cabo de Peñas,Exterior,2021-12-02 04:00:00,2021-12-02 04:00:00,1,4.37,4.37,Hs ≥ P95,4.31
874,2242,Cabo de Peñas,Exterior,2021-12-02 08:00:00,2021-12-02 09:00:00,2,4.46,4.6,Hs ≥ P95,4.31
875,2242,Cabo de Peñas,Exterior,2021-12-05 00:00:00,2021-12-06 02:00:00,27,5.21,6.33,Hs ≥ P95,4.31
876,2242,Cabo de Peñas,Exterior,2021-12-07 17:00:00,2021-12-10 19:00:00,75,5.88,7.95,Hs ≥ P95,4.31
877,2242,Cabo de Peñas,Exterior,2021-12-10 21:00:00,2021-12-10 23:00:00,3,4.57,4.69,Hs ≥ P95,4.31
878,2242,Cabo de Peñas,Exterior,2021-12-11 01:00:00,2021-12-11 01:00:00,1,4.71,4.71,Hs ≥ P95,4.31
879,2242,Cabo de Peñas,Exterior,2021-12-11 03:00:00,2021-12-11 12:00:00,10,5.16,5.67,Hs ≥ P95,4.31
880,2242,Cabo de Peñas,Exterior,2021-12-11 14:00:00,2021-12-11 17:00:00,4,4.57,4.7,Hs ≥ P95,4.31
881,2242,Cabo de Peñas,Exterior,2021-12-11 19:00:00,2021-12-11 19:00:00,1,4.4,4.4,Hs ≥ P95,4.31
882,2242,Cabo de Peñas,Exterior,2021-12-12 22:00:00,2021-12-12 22:00:00,1,4.39,4.39,Hs ≥ P95,4.31
883,2242,Cabo de Peñas,Exterior,2021-12-28 03:00:00,2021-12-28 04:00:00,2,4.38,4.45,Hs ≥ P95,4.31
884,2242,Cabo de Peñas,Exterior,2022-01-07 10:00:00,2022-01-07 10:00:00,1,4.52,4.52,Hs ≥ P95,4.31
885,2242,Cabo de Peñas,Exterior,2022-01-07 12:00:00,2022-01-10 16:00:00,77,5.9,7.5,Hs ≥ P95,4.31
886,2242,Cabo de Peñas,Exterior,2022-01-12 05:00:00,2022-01-12 13:00:00,9,4.7,5.33,Hs ≥ P95,4.31
887,2242,Cabo de Peñas,Exterior,2022-02-07 02:00:00,2022-02-07 18:00:00,17,4.74,5.34,Hs ≥ P95,4.31
888,2242,Cabo de Peñas,Exterior,2022-02-07 21:00:00,2022-02-07 21:00:00,1,4.31,4.31,Hs ≥ P95,4.31
889,2242,Cabo de Peñas,Exterior,2022-02-09 06:00:00,2022-02-09 06:00:00,1,4.54,4.54,Hs ≥ P95,4.31
890,2242,Cabo de Peñas,Exterior,2022-02-09 08:00:00,2022-02-09 10:00:00,3,4.63,4.81,Hs ≥ P95,4.31
891,2242,Cabo de Peñas,Exterior,2022-02-09 14:00:00,2022-02-09 23:00:00,10,5.03,5.91,Hs ≥ P95,4.31
892,2242,Cabo de Peñas,Exterior,2022-02-10 01:00:00,2022-02-10 02:00:00,2,4.97,5.27,Hs ≥ P95,4.31
893,2242,Cabo de Peñas,Exterior,2022-02-10 04:00:00,2022-02-10 12:00:00,9,4.84,5.2,Hs ≥ P95,4.31
894,2242,Cabo de Peñas,Exterior,2022-02-10 15:00:00,2022-02-10 17:00:00,3,4.81,4.88,Hs ≥ P95,4.31
895,2242,Cabo de Peñas,Exterior,2022-02-10 19:00:00,2022-02-10 22:00:00,4,4.59,4.84,Hs ≥ P95,4.31
896,2242,Cabo de Peñas,Exterior,2022-02-11 00:00:00,2022-02-11 00:00:00,1,4.42,4.42,Hs ≥ P95,4.31
897,2242,Cabo de Peñas,Exterior,2022-02-11 07:00:00,2022-02-11 09:00:00,3,4.47,4.58,Hs ≥ P95,4.31
898,2242,Cabo de Peñas,Exterior,2022-02-14 13:00:00,2022-02-14 15:00:00,3,4.56,4.63,Hs ≥ P95,4.31
899,2242,Cabo de Peñas,Exterior,2022-02-14 18:00:00,2022-02-14 19:00:00,2,4.54,4.61,Hs ≥ P95,4.31
900,2242,Cabo de Peñas,Exterior,2022-02-14 21:00:00,2022-02-14 21:00:00,1,4.49,4.49,Hs ≥ P95,4.31
901,2242,Cabo de Peñas,Exterior,2022-02-17 11:00:00,2022-02-17 12:00:00,2,4.53,4.53,Hs ≥ P95,4.31
902,2242,Cabo de Peñas,Exterior,2022-02-17 23:00:00,2022-02-18 02:00:00,4,4.52,4.67,Hs ≥ P95,4.31
903,2242,Cabo de Peñas,Exterior,2022-02-18 04:00:00,2022-02-18 04:00:00,1,4.34,4.34,Hs ≥ P95,4.31
904,2242,Cabo de Peñas,Exterior,2022-02-18 16:00:00,2022-02-19 15:00:00,24,5.1,6.09,Hs ≥ P95,4.31
905,2242,Cabo de Peñas,Exterior,2022-02-19 19:00:00,2022-02-19 19:00:00,1,4.41,4.41,Hs ≥ P95,4.31
906,2242,Cabo de Peñas,Exterior,2022-02-19 23:00:00,2022-02-20 02:00:00,4,4.65,4.98,Hs ≥ P95,4.31
907,2242,Cabo de Peñas,Exterior,2022-02-20 04:00:00,2022-02-20 04:00:00,1,4.52,4.52,Hs ≥ P95,4.31
908,2242,Cabo de Peñas,Exterior,2022-02-20 06:00:00,2022-02-20 06:00:00,1,4.31,4.31,Hs ≥ P95,4.31
909,2242,Cabo de Peñas,Exterior,2022-02-21 06:00:00,2022-02-22 16:00:00,35,5.24,6.3,Hs ≥ P95,4.31
910,2242,Cabo de Peñas,Exterior,2022-02-24 12:00:00,2022-02-26 01:00:00,38,5.93,7.71,Hs ≥ P95,4.31
911,2242,Cabo de Peñas,Exterior,2022-02-26 03:00:00,2022-02-26 03:00:00,1,4.54,4.54,Hs ≥ P95,4.31
912,2242,Cabo de Peñas,Exterior,2022-02-28 01:00:00,2022-02-28 02:00:00,2,4.67,4.98,Hs ≥ P95,4.31
913,2242,Cabo de Peñas,Exterior,2022-02-28 04:00:00,2022-02-28 04:00:00,1,4.43,4.43,Hs ≥ P95,4.31
914,2242,Cabo de Peñas,Exterior,2022-03-01 04:00:00,2022-03-01 04:00:00,1,4.41,4.41,Hs ≥ P95,4.31
915,2242,Cabo de Peñas,Exterior,2022-03-01 06:00:00,2022-03-01 08:00:00,3,4.59,4.84,Hs ≥ P95,4.31
916,2242,Cabo de Peñas,Exterior,2022-03-01 10:00:00,2022-03-01 10:00:00,1,4.9,4.9,Hs ≥ P95,4.31
917,2242,Cabo de Peñas,Exterior,2022-03-01 13:00:00,2022-03-01 13:00:00,1,4.69,4.69,Hs ≥ P95,4.31
918,2242,Cabo de Peñas,Exterior,2022-03-04 04:00:00,2022-03-04 06:00:00,3,4.62,4.87,Hs ≥ P95,4.31
919,2242,Cabo de Peñas,Exterior,2022-03-04 08:00:00,2022-03-04 08:00:00,1,4.38,4.38,Hs ≥ P95,4.31
920,2242,Cabo de Peñas,Exterior,2022-03-04 10:00:00,2022-03-04 10:00:00,1,4.39,4.39,Hs ≥ P95,4.31
921,2242,Cabo de Peñas,Exterior,2022-03-04 14:00:00,2022-03-04 14:00:00,1,4.68,4.68,Hs ≥ P95,4.31
922,2242,Cabo de Peñas,Exterior,2022-03-11 18:00:00,2022-03-12 04:00:00,11,4.79,5.46,Hs ≥ P95,4.31
923,2242,Cabo de Peñas,Exterior,2022-03-12 06:00:00,2022-03-12 06:00:00,1,4.45,4.45,Hs ≥ P95,4.31
924,2242,Cabo de Peñas,Exterior,2022-03-12 08:00:00,2022-03-12 08:00:00,1,4.31,4.31,Hs ≥ P95,4.31
925,2242,Cabo de Peñas,Exterior,2022-03-12 11:00:00,2022-03-12 12:00:00,2,4.34,4.34,Hs ≥ P95,4.31
926,2242,Cabo de Peñas,Exterior,2022-03-13 03:00:00,2022-03-13 03:00:00,1,4.35,4.35,Hs ≥ P95,4.31
927,2242,Cabo de Peñas,Exterior,2022-03-13 05:00:00,2022-03-13 16:00:00,12,4.83,5.39,Hs ≥ P95,4.31
928,2242,Cabo de Peñas,Exterior,2022-03-16 23:00:00,2022-03-16 23:00:00,1,4.56,4.56,Hs ≥ P95,4.31
929,2242,Cabo de Peñas,Exterior,2022-03-17 02:00:00,2022-03-17 02:00:00,1,4.49,4.49,Hs ≥ P95,4.31
930,2242,Cabo de Peñas,Exterior,2022-03-17 08:00:00,2022-03-17 08:00:00,1,4.53,4.53,Hs ≥ P95,4.31
931,2242,Cabo de Peñas,Exterior,2022-03-17 10:00:00,2022-03-17 10:00:00,1,4.56,4.56,Hs ≥ P95,4.31
932,2242,Cabo de Peñas,Exterior,2022-03-17 12:00:00,2022-03-17 12:00:00,1,4.36,4.36,Hs ≥ P95,4.31
933,2242,Cabo de Peñas,Exterior,2022-09-28 11:00:00,2022-09-28 11:00:00,1,4.38,4.38,Hs ≥ P95,4.31
934,2242,Cabo de Peñas,Exterior,2022-10-16 11:00:00,2022-10-16 11:00:00,1,4.36,4.36,Hs ≥ P95,4.31
935,2242,Cabo de Peñas,Exterior,2022-11-03 10:00:00,2022-11-03 11:00:00,2,4.55,4.6,Hs ≥ P95,4.31
936,2242,Cabo de Peñas,Exterior,2022-11-04 04:00:00,2022-11-04 16:00:00,13,4.77,5.3,Hs ≥ P95,4.31
937,2242,Cabo de Peñas,Exterior,2022-11-04 18:00:00,2022-11-04 18:00:00,1,4.44,4.44,Hs ≥ P95,4.31
938,2242,Cabo de Peñas,Exterior,2022-11-06 21:00:00,2022-11-07 07:00:00,11,4.93,5.58,Hs ≥ P95,4.31
939,2242,Cabo de Peñas,Exterior,2022-11-07 09:00:00,2022-11-07 16:00:00,8,4.77,5.09,Hs ≥ P95,4.31
940,2242,Cabo de Peñas,Exterior,2022-11-08 03:00:00,2022-11-08 03:00:00,1,4.41,4.41,Hs ≥ P95,4.31
941,2242,Cabo de Peñas,Exterior,2022-11-16 10:00:00,2022-11-17 14:00:00,29,5.01,5.78,Hs ≥ P95,4.31
942,2242,Cabo de Peñas,Exterior,2022-11-21 09:00:00,2022-11-23 03:00:00,43,5.46,6.8,Hs ≥ P95,4.31
943,2242,Cabo de Peñas,Exterior,2022-11-23 05:00:00,2022-11-23 11:00:00,7,4.5,4.74,Hs ≥ P95,4.31
944,2242,Cabo de Peñas,Exterior,2022-11-23 15:00:00,2022-11-23 15:00:00,1,4.36,4.36,Hs ≥ P95,4.31
945,2242,Cabo de Peñas,Exterior,2022-11-23 17:00:00,2022-11-23 17:00:00,1,4.32,4.32,Hs ≥ P95,4.31
946,2242,Cabo de Peñas,Exterior,2022-11-24 00:00:00,2022-11-24 00:00:00,1,4.32,4.32,Hs ≥ P95,4.31
947,2242,Cabo de Peñas,Exterior,2022-11-24 02:00:00,2022-11-25 17:00:00,40,4.84,5.92,Hs ≥ P95,4.31
948,2242,Cabo de Peñas,Exterior,2022-11-25 19:00:00,2022-11-25 19:00:00,1,4.67,4.67,Hs ≥ P95,4.31
949,2242,Cabo de Peñas,Exterior,2022-11-28 15:00:00,2022-11-29 03:00:00,13,4.83,5.47,Hs ≥ P95,4.31
950,2242,Cabo de Peñas,Exterior,2022-12-29 15:00:00,2022-12-29 15:00:00,1,4.31,4.31,Hs ≥ P95,4.31
951,2242,Cabo de Peñas,Exterior,2022-12-29 17:00:00,2022-12-29 18:00:00,2,4.44,4.51,Hs ≥ P95,4.31
952,2242,Cabo de Peñas,Exterior,2023-01-08 00:00:00,2023-01-09 20:00:00,45,5.5,6.88,Hs ≥ P95,4.31
953,2242,Cabo de Peñas,Exterior,2023-01-09 23:00:00,2023-01-10 04:00:00,6,4.79,5.04,Hs ≥ P95,4.31
954,2242,Cabo de Peñas,Exterior,2023-01-12 07:00:00,2023-01-12 13:00:00,7,4.85,5.31,Hs ≥ P95,4.31
955,2242,Cabo de Peñas,Exterior,2023-01-12 15:00:00,2023-01-12 16:00:00,2,4.79,4.97,Hs ≥ P95,4.31
956,2242,Cabo de Peñas,Exterior,2023-01-12 18:00:00,2023-01-12 18:00:00,1,4.38,4.38,Hs ≥ P95,4.31
957,2242,Cabo de Peñas,Exterior,2023-01-12 20:00:00,2023-01-12 21:00:00,2,4.56,4.75,Hs ≥ P95,4.31
958,2242,Cabo de Peñas,Exterior,2023-01-12 23:00:00,2023-01-13 04:00:00,6,4.59,4.74,Hs ≥ P95,4.31
959,2242,Cabo de Peñas,Exterior,2023-01-15 19:00:00,2023-01-19 01:00:00,79,6.17,7.98,Hs ≥ P95,4.31
960,2242,Cabo de Peñas,Exterior,2023-01-19 03:00:00,2023-01-19 05:00:00,3,4.43,4.54,Hs ≥ P95,4.31
961,2242,Cabo de Peñas,Exterior,2023-01-19 09:00:00,2023-01-19 10:00:00,2,4.35,4.37,Hs ≥ P95,4.31
962,2242,Cabo de Peñas,Exterior,2023-01-19 12:00:00,2023-01-19 12:00:00,1,4.46,4.46,Hs ≥ P95,4.31
963,2242,Cabo de Peñas,Exterior,2023-01-19 14:00:00,2023-01-19 14:00:00,1,4.87,4.87,Hs ≥ P95,4.31
964,2242,Cabo de Peñas,Exterior,2023-01-19 16:00:00,2023-01-19 23:00:00,8,4.64,4.84,Hs ≥ P95,4.31
965,2242,Cabo de Peñas,Exterior,2023-03-09 20:00:00,2023-03-09 20:00:00,1,4.37,4.37,Hs ≥ P95,4.31
966,2242,Cabo de Peñas,Exterior,2023-03-10 01:00:00,2023-03-10 01:00:00,1,4.49,4.49,Hs ≥ P95,4.31
967,2242,Cabo de Peñas,Exterior,2023-03-10 03:00:00,2023-03-10 10:00:00,8,4.68,5.0,Hs ≥ P95,4.31
968,2242,Cabo de Peñas,Exterior,2023-03-13 19:00:00,2023-03-14 09:00:00,15,5.15,5.7,Hs ≥ P95,4.31
969,2242,Cabo de Peñas,Exterior,2023-03-23 15:00:00,2023-03-23 22:00:00,8,4.7,5.36,Hs ≥ P95,4.31
970,2242,Cabo de Peñas,Exterior,2023-03-24 00:00:00,2023-03-24 00:00:00,1,4.38,4.38,Hs ≥ P95,4.31
971,2242,Cabo de Peñas,Exterior,2023-03-24 02:00:00,2023-03-24 03:00:00,2,4.56,4.7,Hs ≥ P95,4.31
972,2242,Cabo de Peñas,Exterior,2023-03-24 05:00:00,2023-03-24 06:00:00,2,4.5,4.67,Hs ≥ P95,4.31
973,2242,Cabo de Peñas,Exterior,2023-03-24 08:00:00,2023-03-24 09:00:00,2,4.48,4.53,Hs ≥ P95,4.31
974,2242,Cabo de Peñas,Exterior,2023-03-24 11:00:00,2023-03-24 11:00:00,1,4.54,4.54,Hs ≥ P95,4.31
975,2242,Cabo de Peñas,Exterior,2023-03-26 13:00:00,2023-03-26 13:00:00,1,4.42,4.42,Hs ≥ P95,4.31
976,2242,Cabo de Peñas,Exterior,2023-03-26 17:00:00,2023-03-26 19:00:00,3,4.7,4.86,Hs ≥ P95,4.31
977,2242,Cabo de Peñas,Exterior,2023-03-31 01:00:00,2023-03-31 20:00:00,20,5.06,6.19,Hs ≥ P95,4.31
978,2242,Cabo de Peñas,Exterior,2023-04-12 20:00:00,2023-04-12 20:00:00,1,4.54,4.54,Hs ≥ P95,4.31
979,2242,Cabo de Peñas,Exterior,2023-04-12 23:00:00,2023-04-13 09:00:00,11,5.0,6.24,Hs ≥ P95,4.31
980,2242,Cabo de Peñas,Exterior,2023-04-13 11:00:00,2023-04-13 17:00:00,7,4.63,4.85,Hs ≥ P95,4.31
981,2242,Cabo de Peñas,Exterior,2023-04-14 08:00:00,2023-04-14 08:00:00,1,4.32,4.32,Hs ≥ P95,4.31
982,2242,Cabo de Peñas,Exterior,2023-04-14 10:00:00,2023-04-14 10:00:00,1,4.55,4.55,Hs ≥ P95,4.31
983,2242,Cabo de Peñas,Exterior,2023-04-14 12:00:00,2023-04-14 12:00:00,1,4.34,4.34,Hs ≥ P95,4.31
984,2242,Cabo de Peñas,Exterior,2023-08-02 18:00:00,2023-08-02 19:00:00,2,4.34,4.36,Hs ≥ P95,4.31
985,2242,Cabo de Peñas,Exterior,2023-08-02 22:00:00,2023-08-03 05:00:00,8,5.05,5.52,Hs ≥ P95,4.31
986,2242,Cabo de Peñas,Exterior,2023-09-22 05:00:00,2023-09-22 09:00:00,5,4.73,5.12,Hs ≥ P95,4.31
987,2242,Cabo de Peñas,Exterior,2023-09-28 09:00:00,2023-09-28 09:00:00,1,4.31,4.31,Hs ≥ P95,4.31
988,2242,Cabo de Peñas,Exterior,2023-12-08 09:00:00,2023-12-08 09:00:00,1,4.34,4.34,Hs ≥ P95,4.31
989,2242,Cabo de Peñas,Exterior,2023-12-11 08:00:00,2023-12-11 08:00:00,1,4.55,4.55,Hs ≥ P95,4.31
990,2242,Cabo de Peñas,Exterior,2023-12-22 02:00:00,2023-12-22 08:00:00,7,4.67,4.98,Hs ≥ P95,4.31
991,2242,Cabo de Peñas,Exterior,2023-12-22 10:00:00,2023-12-22 10:00:00,1,4.42,4.42,Hs ≥ P95,4.31
992,2242,Cabo de Peñas,Exterior,2023-12-22 13:00:00,2023-12-22 20:00:00,8,4.73,5.06,Hs ≥ P95,4.31
993,2242,Cabo de Peñas,Exterior,2023-12-23 06:00:00,2023-12-23 06:00:00,1,4.31,4.31,Hs ≥ P95,4.31
994,2242,Cabo de Peñas,Exterior,2023-12-31 02:00:00,2024-01-01 03:00:00,26,5.38,6.6,Hs ≥ P95,4.31
995,2242,Cabo de Peñas,Exterior,2024-01-03 14:00:00,2024-01-03 21:00:00,8,4.74,5.12,Hs ≥ P95,4.31
996,2242,Cabo de Peñas,Exterior,2024-01-04 01:00:00,2024-01-04 01:00:00,1,4.54,4.54,Hs ≥ P95,4.31
997,2242,Cabo de Peñas,Exterior,2024-01-22 05:00:00,2024-01-22 05:00:00,1,4.31,4.31,Hs ≥ P95,4.31
998,2242,Cabo de Peñas,Exterior,2024-01-22 08:00:00,2024-01-23 02:00:00,19,4.71,5.32,Hs ≥ P95,4.31
999,2242,Cabo de Peñas,Exterior,2024-01-24 19:00:00,2024-01-24 19:00:00,1,4.4,4.4,Hs ≥ P95,4.31
1000,2242,Cabo de Peñas,Exterior,2024-02-10 14:00:00,2024-02-11 14:00:00,25,6.14,7.45,Hs ≥ P95,4.31
1001,2242,Cabo de Peñas,Exterior,2024-02-11 16:00:00,2024-02-11 16:00:00,1,4.53,4.53,Hs ≥ P95,4.31
1002,2242,Cabo de Peñas,Exterior,2024-02-21 23:00:00,2024-02-21 23:00:00,1,4.51,4.51,Hs ≥ P95,4.31
1003,2242,Cabo de Peñas,Exterior,2024-02-22 02:00:00,2024-02-22 04:00:00,3,4.66,4.8,Hs ≥ P95,4.31
1004,2242,Cabo de Peñas,Exterior,2024-02-22 06:00:00,2024-02-27 08:00:00,123,6.64,9.32,Hs ≥ P95,4.31
1005,2242,Cabo de Peñas,Exterior,2024-02-29 17:00:00,2024-02-29 20:00:00,4,4.58,4.88,Hs ≥ P95,4.31
1006,2242,Cabo de Peñas,Exterior,2024-03-01 01:00:00,2024-03-01 01:00:00,1,4.35,4.35,Hs ≥ P95,4.31
1007,2242,Cabo de Peñas,Exterior,2024-03-01 03:00:00,2024-03-01 03:00:00,1,4.51,4.51,Hs ≥ P95,4.31
1008,2242,Cabo de Peñas,Exterior,2024-03-01 05:00:00,2024-03-03 05:00:00,49,5.73,7.75,Hs ≥ P95,4.31
1009,2242,Cabo de Peñas,Exterior,2024-03-05 20:00:00,2024-03-05 20:00:00,1,4.48,4.48,Hs ≥ P95,4.31
1010,2242,Cabo de Peñas,Exterior,2024-03-05 22:00:00,2024-03-05 23:00:00,2,4.48,4.51,Hs ≥ P95,4.31
1011,2242,Cabo de Peñas,Exterior,2024-03-06 01:00:00,2024-03-06 01:00:00,1,4.56,4.56,Hs ≥ P95,4.31
1012,2242,Cabo de Peñas,Exterior,2024-03-27 01:00:00,2024-03-27 02:00:00,2,4.9,5.11,Hs ≥ P95,4.31
1013,2242,Cabo de Peñas,Exterior,2024-03-27 05:00:00,2024-03-27 07:00:00,3,4.62,4.93,Hs ≥ P95,4.31
1014,2242,Cabo de Peñas,Exterior,2024-03-27 18:00:00,2024-03-27 21:00:00,4,5.21,5.39,Hs ≥ P95,4.31
1015,2242,Cabo de Peñas,Exterior,2024-05-14 13:00:00,2024-05-14 19:00:00,7,4.76,5.18,Hs ≥ P95,4.31
1016,2242,Cabo de Peñas,Exterior,2024-05-14 23:00:00,2024-05-14 23:00:00,1,4.42,4.42,Hs ≥ P95,4.31
1017,2242,Cabo de Peñas,Exterior,2024-05-15 04:00:00,2024-05-15 05:00:00,2,4.57,4.78,Hs ≥ P95,4.31
1018,2242,Cabo de Peñas,Exterior,2024-10-19 20:00:00,2024-10-19 21:00:00,2,4.82,4.89,Hs ≥ P95,4.31
1019,2242,Cabo de Peñas,Exterior,2024-10-21 07:00:00,2024-10-21 07:00:00,1,4.39,4.39,Hs ≥ P95,4.31
1020,2242,Cabo de Peñas,Exterior,2024-10-21 10:00:00,2024-10-21 11:00:00,2,4.68,4.69,Hs ≥ P95,4.31
1021,2242,Cabo de Peñas,Exterior,2024-10-21 18:00:00,2024-10-21 18:00:00,1,4.39,4.39,Hs ≥ P95,4.31
1022,2242,Cabo de Peñas,Exterior,2024-10-25 17:00:00,2024-10-25 20:00:00,4,4.76,4.84,Hs ≥ P95,4.31
1023,2242,Cabo de Peñas,Exterior,2024-10-25 22:00:00,2024-10-26 02:00:00,5,4.6,5.24,Hs ≥ P95,4.31
1024,2242,Cabo de Peñas,Exterior,2024-11-21 16:00:00,2024-11-21 18:00:00,3,4.48,4.7,Hs ≥ P95,4.31
1025,2242,Cabo de Peñas,Exterior,2024-11-22 00:00:00,2024-11-22 04:00:00,5,4.48,4.67,Hs ≥ P95,4.31
1026,2242,Cabo de Peñas,Exterior,2024-11-22 06:00:00,2024-11-22 08:00:00,3,4.46,4.57,Hs ≥ P95,4.31
1027,2242,Cabo de Peñas,Exterior,2024-11-25 14:00:00,2024-11-25 14:00:00,1,4.43,4.43,Hs ≥ P95,4.31
1028,2242,Cabo de Peñas,Exterior,2024-12-07 11:00:00,2024-12-09 06:00:00,44,5.34,7.3,Hs ≥ P95,4.31
1029,2242,Cabo de Peñas,Exterior,2024-12-09 12:00:00,2024-12-09 15:00:00,4,4.44,4.65,Hs ≥ P95,4.31
1030,2242,Cabo de Peñas,Exterior,2024-12-22 15:00:00,2024-12-23 20:00:00,30,5.44,6.87,Hs ≥ P95,4.31
1031,2242,Cabo de Peñas,Exterior,2024-12-24 01:00:00,2024-12-24 01:00:00,1,4.41,4.41,Hs ≥ P95,4.31
